title,link,source,category,date_found,end_date,deadline,payout,proof_required,prize_summary,eligibility,description,image
The Dink - Pickleball Paddle Sweepstakes,https://www.thedinkpickleball.com/giveaway-7-ways-to-win-a-new-11six24-power-2-paddle/,contestgirl,Sweepstakes,2026-03-27,,,,,"Enter for a chance to win one of 10 prizes of two pickleball paddles, worth $280.",18 or older,,https://www.thedinkpickleball.com/content/images/size/w1200/2026/03/11Six24-Dink-Giveaway.jpg
Little Potato Company - Little Springtime Sweepstakes,https://www.littlepotatoes.com/springtime-sweepstakes/,contestgirl,Sweepstakes,2026-03-27,,,,,"Enter for a chance to win a $10,000 travel voucher or one of 10 prizes of a $1,000 grocery gift card.",18 or older,,
Quintanaroo - X-PR or SRfive Frameset Giveaway,https://quintanarootri.com/pages/xpr-or-sr-frameset-giveaway,contestgirl,Sweepstakes,2026-03-27,,,,,"Enter for a chance to win an X-PR frameset worth $3,149 or a Service Route frameset worth $2,599.",18 or older--open worldwide,,http://quintanarootri.com/cdn/shop/files/for-launch-19.jpg?v=1769539363
Aosom - March Giveaway,https://www.aosom.ca/page/contest,contestgirl,Sweepstakes,2026-03-27,,,,,Enter for a chance to win an Outsunny hanging hammock chair worth $60.,open worldwide,,
Food Network - Tournament Of Champions Lucky $7K Giveaway,https://www.foodnetwork.com/shows/tournament-of-champions/giveaway,contestgirl,Sweepstakes,2026-03-27,,,,,"Enter for a chance to win one of eight prizes of $7,000.",18 or older,,
Francis Coppola Winery - Diamond Collection Sweepstakes,https://coppolasweepsdiamonds2026.com/en/submission/form,contestgirl,Sweepstakes,2026-03-27,,,,,"Enter for a chance to win one of 59 prizes of a $500 Visa gift card. You can enter three times, now and again on or after February 14 and another on or after May 10.",21 or older,,https://coppolasweepsdiamonds2026.com/en/assets/thumbnail_socialShareUrlCard.png
DHL - Formula E Garage Giveaway,https://inmotion.dhl/en/formula-e,contestgirl,Sweepstakes,2026-03-27,,,,,"Enter for a chance to win one of seven prizes of a trip for two to London, England in mid-August with tickets to a Formula E race. There are also five prizes of a merchandise bundle.","18 or older--one entry per entry period: Nov. 28-Jan. 1, Feb. 1-Mar. 31, Apr. 1-May 31, Jun. 1-Jul. 31 and Aug. 1-Aug. 31",,https://inmotion.dhl/uploads/content/2026/01_Motorsports/02_FormulaE/PositivePower2/SEO_FE_S12.png
FREE 2026 DeLallo Calendar | Includes 12 Italian-Inspired Recipes,https://www.delallo.com/delallo-2026-calendar-giveaway#giveaway-contact-form,hip2save,Freebies,2026-03-27,,,,,,,,
TurboTax Filers Can Score FREE Uber Rides in Select Cities (Up to $25!),https://turbotax.intuit.com/book-and-ride/,hip2save,Freebies,2026-03-27,,,,,,,,
Here’s How to Score a FREE Edible Arrangement Chocolate-Dipped Fruit Cone,https://www.ediblearrangements.com/l/free-gift,hip2save,Freebies,2026-03-27,,,,,,,,https://rescloud.ediblearrangements.com/image/private/s--dJ6aJ9cI--/v1707447771/Creative-Marketing/site_support/MicrosoftTeams-image.jpg
FREE Corner Bakery Café Coffee & Sweet Treat (+ First 20 People Win Free Coffee for a Year!),https://cornerbakerycafe.com/,hip2save,Sweepstakes,2026-03-27,,,,,,,,https://cornerbakerycafe.com/wp-content/uploads/2026/01/salads-refreshed-text.png
FREE Pair of Mack’s Earplugs Every Weekday at 11am EST,https://www.macksearplugs.com/free-earplugs-giveaway/,hip2save,Freebies,2026-03-27,,,,,,,,
FREE Kids Backpack Giveaway at Verizon Wireless Zone Today at 1PM!,https://wirelesszone.com/backpack-giveaway/,hip2save,Sweepstakes,2026-03-27,,,,,,,,https://wirelesszone.com/wp-content/uploads/2022/05/WIRELESS_ZONE_250x50.jpg
"Hyundai, Kia - Vehicle Theft Class Action Settlement",https://www.hkmultistateimmobilizersettlement.com/home,classaction,Settlements,2026-03-27,,3/31/27,"$375 - $4,500",Yes,,,"You may be included in this settlement if you owned or leased certain 2011-2022 Hyundai or Kia vehicles that were stolen or almost stolen on or after April 29, 2025.",
"Hyundai, Kia - Airbag Control Units Class Action Settlement",https://www.acusettlement.com/hyundaikia,classaction,Settlements,2026-03-27,,3/29/27,Up to $150 - $350+,Yes,,,"This settlement includes those who, as of April 14, 2025, owned or leased certain Hyundai or Kia models. You can find the full list of vehicles on the settlement website.",
Toyota IC Forklift Class Action Settlement,https://forkliftsettlement.com/,classaction,Settlements,2026-03-27,,9/22/26,Varies,Yes,,,"You may be included in this settlement if you bought or leased an IC Toyota forklift on or before January 20, 2026.",
Xfinity Wants to Send You to Universal Orlando Resort Sweepstakes,https://www.xfinity.com/apps,sweetiessweeps,Sweepstakes,2026-03-27,,,,,,,,
Ford Drive Them Home Sweepstakes (Vehicle & Trip Prizes),https://www.forddrivethemhome.com/login,sweetiessweeps,Sweepstakes,2026-03-27,,,,,,,,
"Camel Crush It Your Way Instant Win Game & Sweepstakes (3,181 Prizes)",https://www.camel.com/,sweetiessweeps,Sweepstakes,2026-03-27,,,,,,,,
The BIG RAGÚ Sweepstakes (125 Winners),https://the-big-ragu.prod.fooji.com/,sweetiessweeps,Sweepstakes,2026-03-27,,,,,,,,https://images.prod.fooji.com/original/preview_image.webp
Elite Daily Coolest Summer Ever Walt Disney World Resort Sweepstakes,https://www.elitedaily.com/lifestyle/disney-summer-sweepstakes,sweetiessweeps,Sweepstakes,2026-03-27,,,,,,,,https://imgix.bustle.com/uploads/image/2026/3/5/4ca7076b/large.jpg?w=1200&amp;h=630&amp;fit=crop&amp;crop=faces&amp;fm=jpg
Barbie Dream Days Ultimate Shopping Spree Sweepstakes,https://www.barbiesweeps.com/Upload,sweetiessweeps,Sweepstakes,2026-03-27,,,,,,,,https://snippcheck.blob.core.windows.net/files/Mattel_Walmart_Barbie_2008676/images/meta-share-image.png
Macaroni KID Walt Disney World Vacation Sweepstakes,https://sweepwidget.com/c/96960-sazwo8qe,sweetiessweeps,Sweepstakes,2026-03-27,,,,,,,,https://sweepwidgethosts.fra1.cdn.digitaloceanspaces.com/contestsmain/21930/u10simfxan.jpg
Heineken Formula 1 Lap 1 Instant Win Game & Sweepstakes (106 Prizes),http://www.heineken.com/us/en/promos/formula1,sweetiessweeps,Sweepstakes,2026-03-27,,,,,,,,
CW Network Switching Gears Universal Orlando Sweepstakes,https://www.cwtv.com/thecw/switchinggears/#//,sweetiessweeps,Sweepstakes,2026-03-27,,,,,,,,https://www.cwtv.com/images/shows/og-image/cwtv-og-image.png
Amazon Refunds,https://www.ftc.gov/enforcement/refunds/amazon-refunds,ftc,Settlements,2026-03-27,,,,,,,,https://www.ftc.gov/themes/custom/ftc_uswds/img/ftc_social_share_default_en.jpg
Equifax Data Breach Settlement,https://www.ftc.gov/enforcement/refunds/equifax-data-breach-settlement,ftc,Settlements,2026-03-27,,,,,,,,https://www.ftc.gov/sites/default/files/styles/social_standard/public/images/press-releases/social-share/ftc_social_share_default_en_2.jpg?h=ec041e41&amp;itok=Csus1Fqb
Sixzee High Score Challenge,https://www.freethedice.com/media/sixzeeTourney.php,giveawayfrenzy,Sweepstakes,2026-03-27,,,,,,,,https://giveawayfrenzy.com/wp-content/uploads/ninja-forms/3/SixzeeChannelge-TodayGreen169.png
March Hoops Sweepstakes & Instant Win,https://www.coorslight.com/en-US/marchhoops,giveawayfrenzy,Sweepstakes,2026-03-27,,,,,,,,https://giveawayfrenzy.com/wp-content/uploads/ninja-forms/3/Screenshot-2026-03-20-183119.png
Heresy Design Resonance Rimfire System Sweepstakes,https://heresydesign.com/giveaways/,ilovegiveaways,Sweepstakes,2026-03-27,,,,,,,,https://ilovegiveaways.com/wp-content/uploads/2026/03/ilg-logo-350x55b-1.png
HGTV - Let It Grow $5K Giveaway,https://www.hgtv.com/sweepstakes/let-it-grow,contestgirl,Sweepstakes,2026-03-27,,,,,"Enter for a chance to win $5,000.",21 or older,,
TLC - Let It Grow $5K Giveaway,https://www.tlc.com/sweepstakes/let-it-grow,contestgirl,Sweepstakes,2026-03-27,,,,,"Enter for a chance to win $5,000.",21 or older,,
Heineken - Soccer Fan Choose Your Team Sweepstakes,https://www.heineken.com/us/en/promos/soccerfan,contestgirl,Sweepstakes,2026-03-27,,,,,Enter for a chance to win one of eight prizes of two tickets to a soccer game. You choose the team.,21 or older,,
Four Roses Distillery - Meet Me In Manhattan Sweepstakes,https://www.meetmeinmanhattan26.com/enter,contestgirl,Sweepstakes,2026-03-27,,,,,"Enter for a chance to win a 2-night trip for four to Manhattan, New York, $3,000 spending money and dinner reservations, worth $12,000. There are also 100 prizes of cocktail glasses and accessories worth $99.",21 or older,,
Music Connection - Friday Freebie Giveaway,https://www.musicconnection.com/friday-freebie-page/,contestgirl,Sweepstakes,2026-03-27,,,,,Enter for a chance to win a weekly prize of a music-related product. Newsletter signup is required.,18 or older,,https://www.musicconnection.com/wp-content/uploads/2025/06/HORZ_banner_Focusrite_June2025.jpg
Bowlingball.com - Weekly Giveaway,https://www.bowlingball.com/ContestRegistration.aspx,contestgirl,Sweepstakes,2026-03-27,,,,,Enter for a chance to win one of their weekly prizes of a bowling ball.,18 or older,,
Maybelline New York - Maybe It's A Maybelline Sweepstakes,https://maybellineus.jebbit.com/e1xqhun7,contestgirl,Sweepstakes,2026-03-27,,,,,Enter for a chance to win one of 12 prizes of a selection of Maybelline beauty products worth $300.,18 or older,,https://i.jebbit.com/images/8NcJtH2B/business-images/GDWIr55nSnivqcWzz9To_AO-Sweeps-Lockup.png
Eckrich - Sausage For A Year Sweepstakes,https://eckrich.sfdbrands.com/en-us/promotions/year-of-sausage/,contestgirl,Sweepstakes,2026-03-27,,,,,Enter for a chance to win one of four prizes of a 1-year supply of Eckrich smoked sausage worth $312.,"18 or older--on entry per entry period: Jan. 5-Mar. 31, Apr. 1-Jun. 30, Jul. 1-Sept. 30, Oct. 1-Dec. 31",,
Smithfield - Bacon For A Year Sweepstakes,https://smithfield.sfdbrands.com/en-us/promotions/win-free-bacon/,contestgirl,Sweepstakes,2026-03-27,,,,,"Enter for a chance to win one of four prizes of Smithfield bacon for a year, worth $520.","one entry per entry period: Jan. 5-Mar. 31, Apr. 1-Jun. 30, Jul. 1-Sept. 30, Oct. 1-Dec. 31",,
Valvoline - For The Driven Promotion Sweepstakes & Instant Win,https://www.valvolineglobal.com/en/fifa-national-sweeps/,contestgirl,Sweepstakes,2026-03-27,,,,,"Enter for a chance to win one of two prizes of a $10,000 trip for two to East Rutherford, New Jersey with tickets to the final match of the 2026 FIFA World Cup. There are 3,500 soccer related prizes worth up to $35 each as well.",Age of Majority--see rules for how to enter up to 19 entries,,https://www.valvolineglobal.com/49d083/globalassets/brand-assets/logos/valvoline-logo-og.png
Organifi - Happy Drops Free Offer,https://organificommunity.com/p/17496-organifi-exclusive-opportunity-apply-to-try-happy-drops-for-free,contestgirl,Freebies,2026-03-27,,,,,Apply to potentially get a free sample of Organifi Happy Drops gummies.,Age of Majority,,https://res.cloudinary.com/crowdly/image/upload/v1754418035/production_aps/bqntbwlbbnvgjg9twvkg.png
ASPCA - Free Pet Safety Pack,https://secure.aspca.org/take-action/pet-safety-pack,contestgirl,Freebies,2026-03-27,Unknown,,,,Get a free ASPCA pet safety pack.,,,https://secure.aspca.org/files/aspca/social_images/PetSafetyWebBanner_1200x630.png
La Roche-Posay - Free Dark Spot Serum Sample,https://www.laroche-posay.us/offers/sample-mela-b3-serum-free.html,contestgirl,Freebies,2026-03-27,Unknown,,,,Get a free sample of La Roche Posay Mela B3 Dark Spot Serum.,,,
FREE 2026 SeaWorld Unlimited Admission Pass for Teachers,https://seaworld.com/san-antonio/tickets/teacher-card/,hip2save,Freebies,2026-03-27,,,,,,,,
SeaWorld Waves of Honor Program = FREE Park Passes for Military Veterans & 3 Guests,https://unitedparks.com/programs/waves-of-honor/?tab=veterans,hip2save,Freebies,2026-03-27,,,,,,,,
"Budweiser MLB 2026 Trade Sweepstakes (1,700 Winners)",https://us.budweiser.com/mlb2026,sweetiessweeps,Sweepstakes,2026-03-27,,,,,,,,
Win It Wednesday Sweepstakes,https://www.pinkbike.com/news/win-it-wednesday-enter-for-your-chance-to-win-a-scott-spark-pro-bike.html,giveawayfrenzy,Sweepstakes,2026-03-27,,,,,,,,https://giveawayfrenzy.com/wp-content/uploads/ninja-forms/3/Screenshot-2026-03-20-181952.png
Learning Resources Basket Full of Joy Sweepstakes,https://www.learningresources.com/basketful-of-joy,ilovegiveaways,Sweepstakes,2026-03-27,,,,,,,,https://ilovegiveaways.com/wp-content/uploads/2026/03/ilg-logo-350x55b-1.png
"Amazon ""Today's Deals""",https://www.amazon.com/deals?linkCode=sl2&tag=ultracontests-20&linkId=cb2fb21c702b8ec8ca55f0bf4a0996e1&language=en_US&ref_=as_li_ss_tl,ultracontest,Sweepstakes,2026-03-27,,,,,,,,https://m.media-amazon.com/images/G/01/highvelocityevents/og_image/logo._CB664182991_.png
25 Words or Less Super Fan Sweepstakes,https://25words.com/superfancontest/,ultracontest,Sweepstakes,2026-03-27,,,,,,,,
Cartload of Cash Giveaway,https://www.hgtv.com/sweepstakes/cartload-of-cash,ultracontest,Sweepstakes,2026-03-27,,,,,,,,
Keystone Light Fishing 2026 Sweepstakes,https://www.keystonelight.com/av?url=https://www.keystonelight.com/fishing,ultracontest,Sweepstakes,2026-03-27,,,,,,,,
Hosting Worth More 2026 Instant Win Sweepstakes,https://www.stellaartois.com/HostingWorthMoreGiveaway,ultracontest,Sweepstakes,2026-03-27,,,,,,,,
Lagunitas Hazy Days Instant Win Promotion,https://lagunitas.com/hazydays/,ultracontest,Sweepstakes,2026-03-27,,,,,,,,
Jets Dunkin Trip to Draft Sweepstakes,https://www.newyorkjets.com/fans/sweepstakes/triptodraft,ultracontest,Sweepstakes,2026-03-27,,,,,,,,
The EchoPark Automotive Sweepstakes,https://www.speedwaymotorsports.com/echopark/,ultracontest,Sweepstakes,2026-03-27,,,,,,,,https://www.speedwaymotorsports.com/images/ep25-sweeps-2200x600-lg.jpg
NYX Professional Makeup “Fat Oil Body” Sweepstakes (20 Winners),https://www.nyxcosmetics.com/fat-oil-body-pr-kit-sweepstakes.html,freebieshark,Sweepstakes,2026-05-06,,,,,,,,
Corona x Jazz Chisholm Sweepstakes,https://cbisweeps.com/JazzCoronaSweeps,sweepsadvantage,Sweepstakes,2026-05-06,,,,,,,,
Gluten Free & More Magazine Livon Labs Giveaway,https://glutenfreeandmore.com/livon-labs-giveaway/,sweepsadvantage,Sweepstakes,2026-05-06,,,,,,,,https://glutenfreeandmore.com/wp-content/uploads/2025/03/GFM-Giveaways-LivOn-.jpg
Gluten Free & More Magazine Subscription Giveaway,https://glutenfreeandmore.com/magazine-subscription-giveaway/,sweepsadvantage,Sweepstakes,2026-05-06,,,,,,,,https://glutenfreeandmore.com/wp-content/uploads/2025/03/GFM-Giveaways-Mag-Sub.jpg
E. & J. Gallo Winery The Gran Malo Summer Sweepstakes,https://granmalosweepstakes.com/,sweepsadvantage,Sweepstakes,2026-05-06,,,,,,,,
BIC Back-to-School Clear the List Sweepstakes,https://www.weareteachers.com/hub/bic-clear-teacher-wishlist/,sweepsadvantage,Sweepstakes,2026-05-06,,,,,,,,https://www.weareteachers.com/wp-content/uploads/BIC-Wishlist-featured-image.png
Alabama State Farm total loss claims class action settlement,https://forms.ksacms.com/efiling/fr/eform/total_loss_fees_claimform/new?form-version=1&#038;fr-wizard-page=section-1,topclassactions,Settlements,2026-05-06,,,,,,,,
DOGTV Monthly Giveaway,https://unleashed.dogtv.com/giveaways/,sweepsadvantage,Sweepstakes,2026-05-06,,,,,,,,https://unleashed.dogtv.com/wp-content/uploads/2026/01/Giveaway_Hero_400x300.png
2026 Stanley Cup Playoffs Sweepstakes,https://jebbit.nhl.com/faqphdnu,ultracontest,Sweepstakes,2026-05-06,,,,,,,,https://i.jebbit.com/campaign-builder/default-logo.png
Bizrate Daily Cash Giveaway Sweepstakes,https://survey.bizrate.com/jfe/form/SV_3aZCIEJ9JtHsHk1?facts=1,sweepsadvantage,Sweepstakes,2026-05-06,,,,,,,,
"Ashley Furniture, Resident Home $9M Mattress Settlement",https://mattressclassactionsettlement.com/Login,claimdepot,Settlements,2026-05-06,Open for Claims,,Pro rata voucher,,,,,
Country Now Country Splash Cabo 2026 Flyaway Sweepstakes,https://countrynow.com/sweepstakes-official-rules/,ilovegiveaways,Sweepstakes,2026-05-06,,,,,,,,https://ilovegiveaways.com/wp-content/uploads/2026/03/ilg-logo-350x55b-1.png
Country Splash x Country Now Flyaway Sweepstakes,https://countrynow.com/enter-to-win-a-trip-for-two-to-country-splash-cabo-2026/,ultracontest,Sweepstakes,2026-05-06,,,,,,,,
One Point HR Solutions $750K Data Breach Settlement,https://angeion-public.s3.amazonaws.com/www.ophrdatasettlement.com/docs/One%20Point%20HR%20-%20Long%20Form%20Notice.pdf,claimdepot,Settlements,2026-05-06,Open for Claims,,"Up to $5,400",,,,,
San Pellegrino “Aspen Food & Wine” Sweepstakes,https://www.finedininglovers.com/AspenClassic-sweepstake,freebieshark,Sweepstakes,2026-05-07,,,,,,,,
National Geographic: FREE Pollinator Seed Packet,https://give.nationalgeographic.org/page/188844/data/1,freebieshark,Freebies,2026-05-07,,,,,,,,
"Hey Teachers! It’s Appreciation Week, So Snag These Freebies & Deals",https://stories.whataburger.com/whatateacher-2026/,hip2save,Freebies,2026-05-07,,,,,,,,https://content.presspage.com/uploads/1924/21e533ab-36c6-4249-beea-1d270c422e45/1920_wbhq25-whatateacher-finals-thumbnail-819x546.png?10000
WealthWalletInvesting Amazon Gift Card Giveaway,https://sweepwidget.com/c/99134-vp0j1mr4,sweepsadvantage,Sweepstakes,2026-05-07,,,,,,,,
AMC Theatres Get Runway Ready Sweepstakes,https://www.amctheatres.com/giveaway/get-runway-ready-sweepstakes,sweepsadvantage,Sweepstakes,2026-05-07,,,,,,,,
Roon x nugs Unlimited Live Music Giveaway Sweepstakes,https://try.nugs.net/giveaway/,sweepsadvantage,Sweepstakes,2026-05-07,,,,,,,,https://user-assets.unbounce.com/d247813c-a598-4c4e-a7ca-9c78ff6c7b28/5de72e4f-9519-41e8-a77a-538df7208f1f/set5-jbl4305p-blk-square.original.png?1762212137
Sur La Table Mother's Day Giveaway,https://forms.cloud.microsoft/Pages/ResponsePage.aspx?id=b85UkdsfQEq0ttWsZZx7zb3HWJ_eOHlFr4DOal7ldNNURDZVN0JVWVZIMEZERjJHTURDTDFGOFBTNC4u,sweepsadvantage,Sweepstakes,2026-05-07,,,,,,,,
She Speaks Spanglish Asadero at Walmart Giveaway,https://shespeaks.com/Turn-Up-the-Flavor-with-Spanglish-Asadero-Shop-Now-at-Walmart,sweepsadvantage,Sweepstakes,2026-05-07,,,,,,,,
Team Group $1.1 DRAM Memory Speed Class Action Settlement,https://angeion-public.s3.amazonaws.com/www.teamgroupdramsettlement.com/docs/TGG_Claim_Form_FINAL.pdf,claimdepot,Settlements,2026-05-12,Open for Claims,,Pro rata share,,,,,
Rockland USA Giveaway #68,https://rocklandusa.com/contests.html,ultracontest,Sweepstakes,2026-05-12,,,,,,,,
Burger King Galactic Run Instant Reveal Game,https://www.bk.com/campaigns/galacticrun,sweepsadvantage,Sweepstakes,2026-05-12,,,,,,,,
Top 9 FREE Summer Reading Programs for 2026 (Kiddos Can Earn Free Pizza & More),https://dispatch.barnesandnoble.com/content/dam/ccr/bnstores/books/pdfs/2026/2026-Summer-Reading-BN-Journal-eng.pdf,hip2save,Freebies,2026-05-13,,,,,,,,
Eggland’s Best x MasterChef Sweepstakes (8 Winners),https://ebfamilysweeps.com/contest,freebieshark,Sweepstakes,2026-05-13,,,,,,,,https://ebfamilysweeps.com/images/share_image.jpg?v=1.25
Fresh Express Fresh Start to Summer Challenge,https://www.freshexpressfreshstartchallenge.com/,sweetiessweeps,Sweepstakes,2026-05-13,,,,,,,,https://bm-projects-public.s3.us-east-1.amazonaws.com/loyl19001/production/site_113/images/fresh-start-meta.png
"Win a $5,000 Kitchen Upgrade from Eggland’s Best",https://ebfamilysweeps.com/rules,ilovegiveaways,Sweepstakes,2026-05-13,,,,,,,,https://ilovegiveaways.com/wp-content/uploads/2026/03/ilg-logo-350x55b-1.png
LakeShore Learning Teacher Appreciation E-Gift Card Giveaway,https://www.lakeshorelearning.com/teacher-appreciation-sweepstakes/,sweepsadvantage,Sweepstakes,2026-05-13,,,,,,,,
Tunespeak Alexandra Kay Signed Guitar Giveaway Sweepstakes,https://www.tunespeak.com/campaign/69bd88b71143950001cc44ba,sweepsadvantage,Sweepstakes,2026-05-13,,,,,,,,
The Strategist and CB2 Outdoor Lounge Chairs Giveaway,https://app.viralsweep.com/sweeps/full/d927c3-225242,sweepsadvantage,Sweepstakes,2026-05-13,,,,,,,,
Prinx Tires USL Cup Game Day Kit Sweepstakes,https://www.uslsoccer.com/fan-zone?#/campaigns/60742c40-9b0b-4b05-977b-42f7f25bc6ad/enter-now,sweepsadvantage,Sweepstakes,2026-05-13,,,,,,,,
Nestle Essentia Nation Rewards Take Your Shot Instant Win Game,https://www.essentianationrewards.com/,sweepsadvantage,Sweepstakes,2026-05-13,,,,,,,,
iHeartMedia Flea to Flee Caribbean Cruise Sweepstakes,https://campaign.aptivada.com/terms/1873281,ilovegiveaways,Sweepstakes,2026-05-13,,,,,,,,https://ilovegiveaways.com/wp-content/uploads/2026/03/ilg-logo-350x55b-1.png
2026 OREO Cakesters Sweepstakes,https://www.oreo.com/cakesters,sweepsadvantage,Sweepstakes,2026-05-13,,,,,,,,
Nestlé Essentia Take Your Shot Instant Win & Sweepstakes,https://essentianationrewards.com/take-your-shot-sweepstakes-rules,ilovegiveaways,Sweepstakes,2026-05-13,,,,,,,,https://ilovegiveaways.com/wp-content/uploads/2026/03/ilg-logo-350x55b-1.png
Midwestern Pet Foods Spring Cleaning Sweepstakes – Win Over $700 in Prizes,https://earthbornholisticpetfood.com/spring-cleaning-giveaway-2026/#embedded-rules,ilovegiveaways,Sweepstakes,2026-05-13,,,,,,,,https://ilovegiveaways.com/wp-content/uploads/2026/03/ilg-logo-350x55b-1.png
SusieCakes 20th Birthday Celebration Sweepstakes – Win Cake & Cookies,https://susiecakes.com/promotion-terms-and-conditions/,ilovegiveaways,Sweepstakes,2026-05-13,,,,,,,,https://ilovegiveaways.com/wp-content/uploads/2026/03/ilg-logo-350x55b-1.png
Drexel University $2.2M COVID Tuition Class Action Settlement,https://www.drexelcovidsettlement.com/pdf/Long_Form_Notice.pdf,claimdepot,Settlements,2026-05-13,,,Pro rata payment,,,,,
"Ampac Holdings $318,825 Illinois BIPA Class Action Settlement",https://ampacbipasettlement.com/important-documents,claimdepot,Settlements,2026-05-13,Open for Claims,,$572.36 (estimated),,,,,
Kubota Hometown Proud Win & Give Sweepstakes,https://campaign.rtm.com/realtimesocial/share.aspx?promotionId=11153&shareGuid=a7cd1e6d-e2dc-42b5-9536-8c61103e79fd,sweetiessweeps,Sweepstakes,2026-05-14,,,,,,,,
Fly Fishing Trip Giveaway,https://www.wetflyswing.com/win-an-alaska-susitna-valley-fly-fishing-trip-and-gear-giveaway/,ultracontest,Sweepstakes,2026-05-14,,,,,,,,
Melo Mother’s Day Giveaway – Win a $930+ Wellness Bundle,https://drinkmelo.com/pages/mothers-day-giveaway-terms-conditions-2026,ilovegiveaways,Sweepstakes,2026-05-14,,,,,,,,https://ilovegiveaways.com/wp-content/uploads/2026/03/ilg-logo-350x55b-1.png
"Nectar, DreamcCloud, Siena Mattress Discount Settlement",https://molloypricingsettlement.com/,claimdepot,Settlements,2026-05-14,Open for Claims,,$30 voucher,,,,,
"Mackie Rejects PA Giveaway Contest – Win a $5,000 PA System",https://mackie.com/en/Mackie_Rejects_PA_Giveaway.html,ilovegiveaways,Sweepstakes,2026-05-14,,,,,,,,https://ilovegiveaways.com/wp-content/uploads/2026/03/ilg-logo-350x55b-1.png
Perfect Sports “Masters of the Universe Power” Sweepstakes,https://perfectsports.com/sweepstakes/,freebieshark,Sweepstakes,2026-05-15,,,,,,,,
"Tillamook Summer Kroger Instant Win Game (5,601 Winners)",https://www.dailybreak.com/embed/tillamook-kroger-summer-sweeps-2026/,freebieshark,Freebies,2026-05-15,,,,,,,,https://www.dailybreak.com/images/og_image.png
FREE Youth on Course Membership | Kids Can Play $5 Rounds of Golf,https://youthoncourse.org/bofa-golf-with-us-join,hip2save,Freebies,2026-05-15,,,,,,,,https://youthoncourse.org/hubfs/16x9%20Website%20Link_Logo%20(1).png
Pure Cravings Cat Food Sweepstakes,https://purecravings.com/monthly-giveaway/,freebieshark,Sweepstakes,2026-05-15,,,,,,,,
$1M TRISTAR Insurance Group data breach class action settlement,https://tristardatasettlement.pnclassaction.com/,topclassactions,Settlements,2026-05-15,,,,,,,,
Masters of the Universe Power Giveaway and Instant Win Sweepstakes,https://perfectsports.com/motu/,sweepsadvantage,Sweepstakes,2026-05-15,,,,,,,,
$1.5M Register.com robocalls class action settlement,https://forms.ksacms.com/efiling/fr/eform/registerTCPAsettlement_claimform/new?form-version=1&#038;fr-wizard-page=section-1,topclassactions,Settlements,2026-05-15,,,,,,,,
Heineken Beer for a Year Sweepstakes,https://www.heineken.com/us/en/promos/b4y26,sweepsadvantage,Sweepstakes,2026-05-15,,,,,,,,
TapKat 1969 Pontiac Firebird,https://www.tapkat.org/the-automotive-aftermarket-charitable-foundation/R9KbMk,sweepsadvantage,Sweepstakes,2026-05-15,,,,,,,,
"Thompson Coburn $7,500,000 Data Breach Settlement",https://tcdatasettlement.com/,claimdepot,Settlements,2026-05-15,Open for Claims,,"Up to $5,000 plus credit monitoring",,,,,
Esse Health $2.53M Data Breach Class Action Settlement,https://cw.simpluris.com/docs/public/downloads/ECC3/CLAIM_FORM,claimdepot,Settlements,2026-05-15,Open for Claims,,$50 (estimated),,,,,
ExtraTV Shapermint Gift Card Sweepstakes,https://extratv.com/2026/05/08/win-it-a-100-shapermint-gift-card/,freebieshark,Sweepstakes,2026-05-16,,,,,,,,https://extra-images.akamaized.net/image/c4/16by9/2026/05/07/c41584e107054b40945168def915482d_xl.jpg
ExtraTV Las Vegas Getaway Sweepstakes,https://extratv.com/2026/05/08/win-it-a-girls-getaway-to-las-vegas/,freebieshark,Sweepstakes,2026-05-16,,,,,,,,https://extra-images.akamaized.net/image/4d/16by9/2026/05/08/4d9904ec50c54366bf3908b50d4cc84e_xl.png
Meet Marshfield Made New Sweepstakes,https://visitmarshfield.com/contest/meet-marshfield-made-new-sweepstakes-2/,sweepsadvantage,Sweepstakes,2026-05-16,,,,,,,,
$2.25M Bank of America 7-Eleven ATM fees class action settlement,https://forms.ksacms.com/efiling/fr/eform/schertzer_v_boa_claimform/new?form-version=1&#038;fr-wizard-page=section-1,topclassactions,Settlements,2026-05-16,,,,,,,,
Mercedes-Benz emissions warranty class action settlement,https://hazdovacemissionswarrantysettlement.pnclassaction.com/,topclassactions,Settlements,2026-05-16,,,,,,,,
$1M Equity Bank overdraft fees class action settlement,http://MerrellFeesSettlement.com,topclassactions,Settlements,2026-05-16,,,,,,,,
Tapas from Spain: US Tapas Week 2026 Trip to Spain Sweepstakes,https://static1.squarespace.com/static/640f702e39c10d4d0d17ecff/t/6a04e5113815a97deb5a7752/1778705681463/TERMS%2B%2526%2BCONDITIONS_US%2BTapas%2BWeek%2B2026%2Bin%2BNew%2BYork%2BSweepstakes_May13.pdf,ilovegiveaways,Sweepstakes,2026-05-16,,,,,,,,https://ilovegiveaways.com/wp-content/uploads/2026/03/ilg-logo-350x55b-1.png
Egglands Best MasterChef Ultimate Summer Entertaining Sweepstakes,https://ebfamilysweeps.com/,ultracontest,Sweepstakes,2026-05-16,,,,,,,,https://ebfamilysweeps.com/images/share_image.jpg?v=1.25
"Ashley Score With Ashley $25,000 Home Makeover Giveaway",https://scorewithashley.com/rules/,ilovegiveaways,Sweepstakes,2026-05-16,,,,,,,,https://ilovegiveaways.com/wp-content/uploads/2026/03/ilg-logo-350x55b-1.png
TRAVEL WELL AND EAT HAPPY Giveaway,https://www.bfreefoods.com/travel-well-eat-happy/,ultracontest,Sweepstakes,2026-05-16,,,,,,,,https://www.bfreefoods.com/wp-content/uploads/2025/04/IMG_2281-1-1-min-1024x700.png
Win a KitchenAid Mixer or Ninja Creami from LorAnn Oils,https://www.lorannoils.com/terms-and-conditions,ilovegiveaways,Sweepstakes,2026-05-16,,,,,,,,https://ilovegiveaways.com/wp-content/uploads/2026/03/ilg-logo-350x55b-1.png
Omhucph Teddy Sofa Giveaway,https://us.omhucph.com/?,sweepsadvantage,Sweepstakes,2026-05-16,,,,,,,,http://us.omhucph.com/cdn/shop/files/Social_sharing.png?v=1770655621
"Win a $1,500 Hotel Stay & Travel Gift Card from Twin Peaks",https://www.mdmgames.com/MDMAdmin/RulesPolicies/twinpeakssoccer_OfficialRules.html,ilovegiveaways,Sweepstakes,2026-05-16,,,,,,,,https://ilovegiveaways.com/wp-content/uploads/2026/03/ilg-logo-350x55b-1.png
Extra Las Vegas Girls Getaway Sweepstakes – Win a Luxury Trip,https://extratv.com/pages/giveaways-official-rules/,ilovegiveaways,Sweepstakes,2026-05-16,,,,,,,,https://ilovegiveaways.com/wp-content/uploads/2026/03/ilg-logo-350x55b-1.png
Sarasota Memorial Health Care System Class Action Settlement,https://www.fldaughertyclasssettlement.com/,claimdepot,Settlements,2026-05-16,Open for Claims,,"Up to $1,000",,,,,
Flagstar Bank $31.5M Data Breach Class Action Settlement,https://www.flagstarsettlement.com/wp-content/uploads/2026/05/Flagstar_Claim-Form.pdf,claimdepot,Settlements,2026-05-16,Open for Claims,,"Up to $25,000 plus other benefits",,,,,
"Lennox International $557,000 Job Applicant Settlement",https://cw.simpluris.com/docs/public/downloads/LSC2/SETTLEMENT_AGREEMENT,claimdepot,Settlements,2026-05-16,Open for Claims,,"$1,560.70-$5,000 (estimated)",,,,,
Meathead Movers Age Discrimination Settlement,https://eeocvmeatheadmoverssettlement.com/,claimdepot,Settlements,2026-05-16,Open for Claims,,Varies,,,,,
Reverb “Powers Electric” Sweepstakes,https://reverb.com/featured/reverb-monthly-music-gear-sweepstakes,freebieshark,Sweepstakes,2026-05-17,,,,,,,,
Pittsburgh Steelers 2026 Schedule Release Sweepstakes,https://steelers.formstack.com/forms/schedule_release_sweeps26,sweepsadvantage,Sweepstakes,2026-05-17,,,,,,,,
PATH Made In The USA 2026 Sweepstakes,https://www.path250promo.com/home,sweepsadvantage,Sweepstakes,2026-05-17,,,,,,,,
Tunespeak Nordstrom Gift Card From Cyndi Thomson Sweepstakes,https://www.tunespeak.com/campaign/6a03411806f4eb000199a53d,sweepsadvantage,Sweepstakes,2026-05-17,,,,,,,,
Malibu Dole Hawaii Instant Win Sweepstakes,https://www.malibudrinks.com/en-us/dolehawaii/,sweepsadvantage,Sweepstakes,2026-05-17,,,,,,,,
AMC Theatres How To Write A Song Sweepstakes,https://www.amctheatres.com/giveaway/how-to-write-a-song-sweepstakes?rel=power-ballad-81983_giveaway_amc_promo,sweepsadvantage,Sweepstakes,2026-05-17,,,,,,,,
AMC Theatres Boutique Boost Sweepstakes,https://www.amctheatres.com/giveaway/boutique-boost-sweepstakes?rel=i-love-boosters-82045_giveaway_amc_promo,sweepsadvantage,Sweepstakes,2026-05-17,,,,,,,,
Macy's Golden Confetti Program Sweepstakes,https://www.macysgoldenconfetti.com/,ultracontest,Sweepstakes,2026-05-17,,,,,,,,https://eprize-content.s3.us-east-1.amazonaws.com/262177/socialDefault.jpg
Jewel-Osco Ultimate Backyard Bash Prize Pack Sweepstakes 2026,https://celebratewithjewelosco.com/,ilovegiveaways,Sweepstakes,2026-05-17,,,,,,,,https://ilovegiveaways.com/wp-content/uploads/2026/03/ilg-logo-350x55b-1.png
Gearjunkie Trax Plus iQ E-Bike From Troxus Giveaway,https://gearjunkie.com/biking/free-gear-fridays-win-trax-plus-iq-e-bike-troxus,sweepsadvantage,Sweepstakes,2026-05-17,,,,,,,,https://i0.wp.com/s3.amazonaws.com/images.gearjunkie.com/uploads/2026/04/A2A3906-700x467.jpg?ssl=1
Nuvision Credit Union Happy 250th Birthday America Cash Giveaway,https://nuvisionfederal.com/cashgiveaway,sweepsadvantage,Sweepstakes,2026-05-17,,,,,,,,https://nuvisionfederal.com/images/default-source/header-images/entertowin.jpg?sfvrsn=b8326338_1
Escape Weekly 7-night Luxury Resort Stay Sweepstakes,https://www.dojomojo.com/landing/?promo_id=c4e479b4-77d3-42ce-bdb5-59c2233a089f&campaign_id=8db424ee-e0ae-4649-9ed6-ece0b1621691&title=7-NIGHT+LUXURY+RESORT+STAY%21&share_message=Enter+for+a+Chance+to+WIN+a+7Nt.+Luxury+Resort+Giveaway&share_image=http%3A%2F%2Fdojomojo-brand-logos.s3.amazonaws.com%2Fcampaign-images%2F1677ef19-073e-4f55-9a52-1af7a8ac001e%2Fmain.png&initiative=,sweepsadvantage,Sweepstakes,2026-05-17,,,,,,,,http://dojomojo-brand-logos.s3.amazonaws.com/campaign-images/1677ef19-073e-4f55-9a52-1af7a8ac001e/main.png
Wine Awesomeness Santa Barbara Spa Weekend Getaway Sweepstakes,https://giveaways.dojomojo.com/landing?promo_id=22ebd7b3-4f6e-414c-abf9-4fb65d7ab2d4&campaign_id=bcb0b4c6-269e-4a45-8b5a-309ee5e28fdd,sweepsadvantage,Sweepstakes,2026-05-17,,,,,,,,http:
Happy Birthday America Cash Giveaway,https://nuvisionfederal.com/docs/default-source/contests/2026-aa-hba-cash-giveaway_official-rules.pdf?sfvrsn=37306338_2,ilovegiveaways,Sweepstakes,2026-05-17,,,,,,,,https://ilovegiveaways.com/wp-content/uploads/2026/03/ilg-logo-350x55b-1.png
Cousins Subs Big Gig Sweepstakes 2026 – Win VIP Summerfest Concert Package,https://www.cousinssubs.com/media/Legal%20Docs%20and%20Rules/Summerfest%20Big%20Gig%20Giveaway%20Legal%202026.pdf,ilovegiveaways,Sweepstakes,2026-05-17,,,,,,,,https://ilovegiveaways.com/wp-content/uploads/2026/03/ilg-logo-350x55b-1.png
CrunchPak New Look Cash Sweepstakes,https://app.viralsweep.com/sweeps/full/05ef13-226428?framed=1#f2342350,sweetiessweeps,Sweepstakes,2026-05-18,,,,,,,,
Xfinity Coach of the Year Sweepstakes,https://web.witcontests.com/teamsnap/sweepstakes/win/xfinity-coach-of-the-year-260220,sweetiessweeps,Sweepstakes,2026-05-18,,,,,,,,"https://web.witcontests.com/cdn-img/width=854,quality=80/https://s3.amazonaws.com/wit-challenge-assets-prod/backgrounds/228-36127764-e640-466a-9092-77b28574fa1b.jpeg"
Lake Michigan Credit Union $50000 Home Makover Sweepstakes,https://www.lmcu.org/,sweepsadvantage,Sweepstakes,2026-05-18,,,,,,,,
Second Street Media Spring Home Makeover $5000 Sweepstakes,https://www.apg-wi.com/price_county_review/contests/home/#//,sweepsadvantage,Sweepstakes,2026-05-18,,,,,,,,https://bloximages.chicago2.vip.townnews.com/apg-wi.com/content/tncms/custom/image/6a1809b0-c69b-11e7-8c22-9b657b9b23ca.jpg
Price Chopper Vermont Brewers Festival Experience AdvantEdge Rewards Sweepstakes,https://rewards.pricechopper.com/enter-sweepstakes/,sweepsadvantage,Sweepstakes,2026-05-18,,,,,,,,
"Maverik Fuel Your Adventure Sweepstakes 2026 – Win $268,000 Adventure",https://maverik.com/sweepstakes/fuel-your-adventure-rules,ilovegiveaways,Sweepstakes,2026-05-18,,,,,,,,https://ilovegiveaways.com/wp-content/uploads/2026/03/ilg-logo-350x55b-1.png
Fish'n Canada Garmin Echomap Ultra Giveaway,https://fishncanada.com/garmin-echomap-giveaway/,sweepsadvantage,Sweepstakes,2026-05-18,,,,,,,,https://fishncanada.com/wp-content/uploads/2026/05/2026-Garmin-Giveaways-12-1024x1024.png
Edmentum Educator Appreciation Giveaway,https://info.edmentum.com/EducatorAppreciation2026.html,sweepsadvantage,Sweepstakes,2026-05-18,,,,,,,,
CharityBuzz Magical VIP Weekend Sweepstakes,https://charitybuzz.prizeo.com/sweepstakes/charitybuzz/maw-disney-weekend-2026,sweepsadvantage,Sweepstakes,2026-05-18,,,,,,,,
Leonard USA Pack Up and Go Summer Sweepstakes,https://leonardusa.com/summersweeps,sweepsadvantage,Sweepstakes,2026-05-18,,,,,,,,
VersoVivo Personalized Song 2026 Giveaway – $99 Value,https://versovivo.polsia.app/order.html?occasion=fathers-day,ilovegiveaways,Sweepstakes,2026-05-18,,,,,,,,https://ilovegiveaways.com/wp-content/uploads/2026/03/ilg-logo-350x55b-1.png
Throtl 2026 $12000 Multi Winner Summer Sweepstakes,https://www.throtl.com/promotions/seasonal-sale/,sweepsadvantage,Sweepstakes,2026-05-18,,,,,,,,
PEOPLE Tribeca Festival VIP Weekend 2026 Sweepstakes,https://people.com/sweepstakes/entry?sweepId=ppl-tff-sweeps-eo,ilovegiveaways,Sweepstakes,2026-05-18,,,,,,,,https://ilovegiveaways.com/wp-content/uploads/2026/03/ilg-logo-350x55b-1.png
"Nashville Trip, Fireworks, and Cruise Sweepstakes 2026 from Nashville CVC",https://www.visitmusiccity.com/july4th-giveaway-cravn-flavor-rules,ilovegiveaways,Sweepstakes,2026-05-18,,,,,,,,https://ilovegiveaways.com/wp-content/uploads/2026/03/ilg-logo-350x55b-1.png
Mike’s Dirty Lemonade Flyaway Concert Sweepstakes,https://www.mikeshard.com/dirty-lemonade-aar,freebieshark,Sweepstakes,2026-05-19,,,,,,,,
Team Titleist “New GTS Driver” Sweepstakes (3 Winners),https://www.titleist.com/gts-metals/sweepstakes,freebieshark,Sweepstakes,2026-05-19,,,,,,,,
Corralejo Tequila “Bike” Sweepstakes (10 Winners),https://corralejotequila.com/pages/cruise-in-to-summer,freebieshark,Sweepstakes,2026-05-19,,,,,,,,http://corralejotequila.com/cdn/shop/files/corralejo-og-image.jpg?v=1748892042
FREE Mascara Mini from Maybelline,https://www.maybelline.com/mascara-sampling-campaign,freebieshark,Freebies,2026-05-19,,,,,,,,https://www.maybelline.com/-/media/project/loreal/brand-sites/mny/americas/us/global/seo-image/maybelline-logo.jpg?rev=5c1a69c210ee4a42a8ee84dc03620d90
Avocados From Mexico Kickoff with the GuacamOle Giveaway Sweepstakes,https://www.kickoffwithguac.com/home,sweepsadvantage,Sweepstakes,2026-05-19,,,,,,,,
PEOPLE Pets: Dog of the Week Contest,https://people.com/people-loves-pets-dog-of-the-week-submission-11957507,sweetiessweeps,Sweepstakes,2026-05-19,,,,,,,,
Major League Fishing Bass Pro Shops Nitro Boats Z19 Sweepstakes,https://majorleaguefishing.com/2026-mlf-bass-pro-shops-nitro-z19-sweepstakes/,sweetiessweeps,Sweepstakes,2026-05-19,,,,,,,,
"Domino’s Emergency Pizza Red Card Sweepstakes (63,371 Prizes)",https://www.dominos.com/emergency-pizzas-for-soccer,sweetiessweeps,Sweepstakes,2026-05-19,,,,,,,,https://www.dominos.com/emergency-pizzas-for-soccer/images/dominos-emergency-pizza-for-red-cards.jpg
GameChanger Gran Cave Contest,https://www.gc.com/grancave,sweepsadvantage,Sweepstakes,2026-05-19,,,,,,,,
Win Your Ultimate Fiji Escape for 2 - Fiji Airways Sweepstakes,https://app.viralsweep.com/sweeps/full/fbc630-226453,sweepsadvantage,Sweepstakes,2026-05-19,,,,,,,,
Food Town Super Cool World Finale Watch Party Giveaway,https://sweepwidget.com/c/98239-23znods0,sweepsadvantage,Sweepstakes,2026-05-19,,,,,,,,https://sweepwidgethosts.fra1.cdn.digitaloceanspaces.com/contestsmain/31860/owbz96dq1h.jpg
Portar Aluminum Check-In Suitcase Giveaway,https://sweepwidget.com/c/99483-3hdjpo47,sweepsadvantage,Sweepstakes,2026-05-19,,,,,,,,https://sweepwidgethosts.fra1.cdn.digitaloceanspaces.com/contestsmain/fw0jzq69f0fec679749j9tlfs0/r6c0d7hkpm.jpg
1776 Salute & Prayer Challenge Sweepstakes,https://sweepwidget.com/c/99425-skmcv1x8,sweepsadvantage,Sweepstakes,2026-05-19,,,,,,,,https://sweepwidgethosts.fra1.cdn.digitaloceanspaces.com/contestsmain/1/kqcx6fs2go.png
"Avocados From Mexico 2026 Nissan Kicks & $500,000 Sweepstakes",https://www.kickoffwithguac.com/rules,ilovegiveaways,Sweepstakes,2026-05-19,,,,,,,,https://ilovegiveaways.com/wp-content/uploads/2026/03/ilg-logo-350x55b-1.png
$2.5M PSEA data breach class action settlement,https://www.claimsettlementportal.com/surveys/psea/home.aspx,topclassactions,Settlements,2026-05-19,,,,,,,,
Domino’s Emergency Pizza Red Card Sweepstakes 2026,https://dominos.promo.eprize.com/empredcardsweeps/public/fulfillment/rules.pdf,ilovegiveaways,Sweepstakes,2026-05-19,,,,,,,,https://ilovegiveaways.com/wp-content/uploads/2026/03/ilg-logo-350x55b-1.png
Bristol Rhythm and Roots Giveaway,https://www.blueridgeoutdoors.com/contests/bristol-rhythm-and-roots-giveaway/,ultracontest,Sweepstakes,2026-05-19,,,,,,,,https://www.blueridgeoutdoors.com/wp-content/uploads/2026/04/VTC-Promo-2026_Bristol-2.jpg
Fanatics handling fees class action settlement,https://handlingfeesettlement.com/claim-form/,topclassactions,Settlements,2026-05-19,,,,,,,,
T-Mobile Tuesdays Week #520 Sweepstakes,https://amoe.t-mobiletuesdays.com/Promotion/Prizes?contestKey=20260519_Cash,ultracontest,Sweepstakes,2026-05-19,,,,,,,,
Prizeo Hawaii Giveaway,https://www.prizeo.com/sweepstakes/charitybuzz/socal-fire-fund-2-10k-hawaii,sweepsadvantage,Sweepstakes,2026-05-19,,,,,,,,
Prizeo What Would You Do With $10K Giveaway,https://www.prizeo.com/sweepstakes/charitybuzz/socal-fire-fund-2-10k-airbnb,sweepsadvantage,Sweepstakes,2026-05-19,,,,,,,,
Prizeo Broadway Giveaway,https://www.prizeo.com/sweepstakes/charitybuzz/socal-fire-fund-2-10k-broadway,sweepsadvantage,Sweepstakes,2026-05-19,,,,,,,,
Central Computers Fanime Giveaway,https://sweepwidget.com/c/99212-1rhwnjsx,sweepsadvantage,Sweepstakes,2026-05-19,,,,,,,,https://sweepwidgethosts.fra1.cdn.digitaloceanspaces.com/contestsmain/2uwtv764d2e922e1487qew21c2/w6837cvksm.png
EatingWell “Wellness Town” Sweepstakes,https://www.eatingwell.com/wellness-town-quiz-eo-page-11973889,freebieshark,Sweepstakes,2026-05-20,,,,,,,,
Fogo de Chão “Fogooooal Experience” Sweepstakes,https://fogodechao.com/worldcaip/,freebieshark,Sweepstakes,2026-05-20,,,,,,,,
Regal Crown Club World’s Best Dad Sweepstakes,https://www.regmovies.com/promotions/the-breadwinner-sweepstakes-rules,sweepsadvantage,Sweepstakes,2026-05-20,,,,,,,,
Saints 2026 Fly Away With SeatGeek Sweepstakes,https://www.neworleanssaints.com/fans/contests/fly-away-sweeps,sweepsadvantage,Sweepstakes,2026-05-20,,,,,,,,
Twisted Tea Summer Instant Win Sweepstakes,https://airbaton.net/w/q39Gx51cPEqa7VeFRvmP/,sweepsadvantage,Sweepstakes,2026-05-20,,,,,,,,
Rolling Stone Magazine lifetime subscription class action settlement,http://Subscribe.Rollingstone.com/RS-Settlement,topclassactions,Settlements,2026-05-20,,,,,,,,
Prizeo Home Gym Giveaway,https://www.prizeo.com/sweepstakes/charitybuzz/socal-fire-fund-2-10k-homegym,sweepsadvantage,Sweepstakes,2026-05-20,,,,,,,,
Prizeo Shopping Spree Giveaway,https://www.prizeo.com/sweepstakes/charitybuzz/socal-fire-fund-2-10k-shopping-spree,sweepsadvantage,Sweepstakes,2026-05-20,,,,,,,,
Prizeo Credit Card Giveaway,https://www.prizeo.com/sweepstakes/charitybuzz/socal-fire-fund-2-10k-credit-cards,sweepsadvantage,Sweepstakes,2026-05-20,,,,,,,,
Prizeo European Culinary Experience Giveaway,https://www.prizeo.com/sweepstakes/charitybuzz/socal-fire-fund-2-10k-european-culinary-adventure,sweepsadvantage,Sweepstakes,2026-05-20,,,,,,,,
Prizeo Wellness Retreat Giveaway,https://www.prizeo.com/sweepstakes/charitybuzz/socal-fire-fund-2-10k-wellness-retreat,sweepsadvantage,Sweepstakes,2026-05-20,,,,,,,,
Prizeo Greece Giveaway,https://www.prizeo.com/sweepstakes/charitybuzz/socal-fire-fund-2-10k-greece,sweepsadvantage,Sweepstakes,2026-05-20,,,,,,,,
Tunespeak Jill Scott Tour Giveaway,https://www.tunespeak.com/campaign/69ef7c6f4495ea0001c3c680,sweepsadvantage,Sweepstakes,2026-05-20,,,,,,,,
Community Choice Credit Union 2026 Bulldog Experience Sweepstakes,https://app.wyng.com/69fa0ce6ca752f3e46e2f21b,sweepsadvantage,Sweepstakes,2026-05-20,,,,,,,,https://s3.amazonaws.com/com.offerpop.services.media/images/media/69a70d62a1bdb2db576f1888/69fa124088d44bf777e1e3e7.JPEG
2026 Fly to the Home Opener Sweepstakes,https://www.patriots.com/fans/sweepstakes/2026-home-opener-jetblue-sweepstakes,ultracontest,Sweepstakes,2026-05-20,,,,,,,,https://res.cloudinary.com/nflclubs/image/private/patriots/resj1jjip4kinarlo2af
Twisted Tea Summer 2026 Fighter Jet Experience & Instant Win Game,https://c.airbaton.net/campaigns/q39Gx51cPEqa7VeFRvmP/assets/Twisted_Tea_Summer_Instant_Win_Sweepstakes_Official_Rules_Final_3.19.pdf,ilovegiveaways,Sweepstakes,2026-05-20,,,,,,,,https://ilovegiveaways.com/wp-content/uploads/2026/03/ilg-logo-350x55b-1.png
Instacart Winners Get Wieners Sweepstakes and Instant Win Game,https://www.winnersgetwieners.com/rules,ilovegiveaways,Sweepstakes,2026-05-20,,,,,,,,https://ilovegiveaways.com/wp-content/uploads/2026/03/ilg-logo-350x55b-1.png
New England Patriots & JetBlue 2026 Home Opener Sweepstakes,https://go.gillettestadium.com/rs/227-QUG-057/images/2026_HomeOpener_JetBlue_SweepstakesRules.pdf,ilovegiveaways,Sweepstakes,2026-05-20,,,,,,,,https://ilovegiveaways.com/wp-content/uploads/2026/03/ilg-logo-350x55b-1.png
PayPal Send for Seats Season Tickets 2026 Sweepstakes,https://www.paypalobjects.com/marketing/web26/us/NFL/official_rules..pdf,ilovegiveaways,Sweepstakes,2026-05-20,,,,,,,,https://ilovegiveaways.com/wp-content/uploads/2026/03/ilg-logo-350x55b-1.png
Visit Fort Myers Sports Illustrated Swimsuit South Seas Sweepstakes 2026,https://visitfortmyers.com/sweepstakes/si-swimsuit,ilovegiveaways,Sweepstakes,2026-05-20,,,,,,,,https://ilovegiveaways.com/wp-content/uploads/2026/03/ilg-logo-350x55b-1.png
Chat With Vera We Are Home When We’re Together Book Giveaway 2026,https://www.chatwithvera.com/2026/05/we-are-home-when-were-together-giveaway.html,ilovegiveaways,Sweepstakes,2026-05-20,,,,,,,,https://ilovegiveaways.com/wp-content/uploads/2026/03/ilg-logo-350x55b-1.png
Nucor Corp. Data Breach Class Action Settlement,https://www.nucor-datasettlement.com/,claimdepot,Settlements,2026-05-20,Open for Claims,,"Up to $8,200 plus credit monitoring",,,,,
2026 Fly Away Trip Sweepstakes Presented by SeatGeek,https://tradablebits.com/tb_app/549882503,ultracontest,Sweepstakes,2026-05-20,,,,,,,,https://tradablebits.com/static/icons/tradablebits-icon256x256.png
PayPal Send for Seats Sweepstakes,https://www.paypal.com/us/campaign/p2psweeps/enter,ultracontest,Sweepstakes,2026-05-20,,,,,,,,https://www.paypalobjects.com/webstatic/icon/pp258.png
Fogo de Chão FogoOooal Experience Miami Getaway Sweepstakes 2026,https://hub.sweeppea.com/r?tkn=a34c4de4-cb20-4455-945e-0a943ce28fb8&from=rules&rulestkn=61b0621b-c6f4-4c3f-b8b1-4063178bd57c,ilovegiveaways,Sweepstakes,2026-05-20,,,,,,,,https://ilovegiveaways.com/wp-content/uploads/2026/03/ilg-logo-350x55b-1.png
IndyCar Race Logo & VIP Access Sweepstakes from DHL 2026,https://inmotion.dhl/doc/ChipGanassiRacing/SmeContest/TCs_EN.pdf,ilovegiveaways,Sweepstakes,2026-05-20,,,,,,,,https://ilovegiveaways.com/wp-content/uploads/2026/03/ilg-logo-350x55b-1.png
"Oscar Mayer “Winners Get Wieners” Sweepstakes (3,010 Winners)",https://www.winnersgetwieners.com/home,freebieshark,Sweepstakes,2026-05-21,,,,,,,,
NASCAR “Race with Craftsman” Sweepstakes (3 Winners),https://racewithcraftsman.craftsman.com/,freebieshark,Sweepstakes,2026-05-21,,,,,,,,https://s3.amazonaws.com/td.nascar/2026.craftsman/assets/images/
"LD “Sun’s Out, Fun’s In” Instant Win Game (1,381 Winners)",https://ldcigarettes.com/,freebieshark,Sweepstakes,2026-05-21,,,,,,,,
Tunespeak Brand New Skip Ewing Merch Sweepstakes,https://www.tunespeak.com/campaign/6a05eaef06f4eb000199ab51,sweepsadvantage,Sweepstakes,2026-05-21,,,,,,,,
Gorilla Dream Garage Makeover Giveaway,https://app.viralsweep.com/sweeps/full/d615e6-226540?framed=1,sweepsadvantage,Sweepstakes,2026-05-21,,,,,,,,
Jet Away with JetBlue Sweepstakes,https://www.newyorkjets.com/fans/sweepstakes/jet-away,ultracontest,Sweepstakes,2026-05-21,,,,,,,,
She Speaks Mobil 1 Giveaway,https://shespeaks.com/How-Real-Drivers-Are-Getting-Road-Ready-with-Mobil-1-Extended-Performance,sweepsadvantage,Sweepstakes,2026-05-21,,,,,,,,
Johnny’s Selected Seeds May Garden Giveaway 2026 – Win Tools & Gift Card,https://www.johnnyseeds.com/customer-support/terms-and-conditions-1.html,ilovegiveaways,Sweepstakes,2026-05-21,,,,,,,,https://ilovegiveaways.com/wp-content/uploads/2026/03/ilg-logo-350x55b-1.png
Superplay Anniversary Sweepstakes,https://www.superplay.co/games/disney-solitaire/sweepstakes/terms/,sweepsadvantage,Sweepstakes,2026-05-21,,,,,,,,https://www.superplay.co/wp-content/uploads/2025/05/website-link-screen-1-1024x537.jpg
BowSeat Ocean Awareness Contest,https://bowseat.org/programs/ocean-awareness-contest/contest-overview/,sweepsadvantage,Sweepstakes,2026-05-21,,,,,,,,https://bowseat.org/wp-content/uploads/2025/10/bowseat-share-image-2025.png
Democratic Grand Slam Giveaway Sweepstakes,https://go.dccc.org/signup/dccc-dgsgs-sign-up-free/,sweepsadvantage,Sweepstakes,2026-05-21,,,,,,,,
Michelob ULTRA & Lay’s FIFA World Cup 2026 Experience Sweepstakes,https://www.michelobultra.com/rules#lays,ilovegiveaways,Sweepstakes,2026-05-21,,,,,,,,https://ilovegiveaways.com/wp-content/uploads/2026/03/ilg-logo-350x55b-1.png
Youth and Shelter Services Data Breach Class Action Settlement,https://youthshelterservicesdatasettlement.com/faq/,claimdepot,Settlements,2026-05-21,Open for Claims,,"$50-$2,500",,,,,
Duke Health $3.74M MyChart Privacy Class Action Settlement,https://duhssettlement.com/Content/Documents/Claim%20Form%20Web.pdf,claimdepot,Settlements,2026-05-21,Open for Claims,,Pro rata share,,,,,
CRAFTSMAN® NASCAR VIP Trip & Tool Prize Sweepstakes 2026,https://racewithcraftsman.craftsman.com/official-rules,ilovegiveaways,Sweepstakes,2026-05-21,,,,,,,,https://ilovegiveaways.com/wp-content/uploads/2026/03/ilg-logo-350x55b-1.png
Chat With Vera A Friend for Hope Paperback Book Giveaway 2026,https://www.chatwithvera.com/2026/05/a-friend-for-hope-by-amie-white.html,ilovegiveaways,Sweepstakes,2026-05-21,,,,,,,,https://ilovegiveaways.com/wp-content/uploads/2026/03/ilg-logo-350x55b-1.png
Cross Valley Federal Credit Union Data Breach Settlement,https://cvfcudatasettlement.com/documents/,claimdepot,Settlements,2026-05-21,Open for Claims,,"Up to $5,000 plus credit monitoring",,,,,
Michelob Ultra “Chief Trophy Officer” Contest,https://www.michelobultra.com/superioraccess/chieftrophyofficer,freebieshark,Freebies,2026-05-22,,,,,,,,
Nike Book 2 McDonald’s Friends & Family Sweepstakes,https://book2mcdonalds.com/,sweepsadvantage,Sweepstakes,2026-05-22,,,,,,,,
TJ Klune Birthday Sweepstakes,https://read.macmillan.com/promo/klunebirthdaysweeps,sweepsadvantage,Sweepstakes,2026-05-22,,,,,,,,
Tunespeak Confessions II Poster From Madonna HQ Sweepstakes,https://www.tunespeak.com/campaign/69f20c1538b7f00001702438,sweepsadvantage,Sweepstakes,2026-05-22,,,,,,,,
Smirnoff Ice The Fan Edit Sweepstakes 2026 – Win an NYC Getaway,https://assets.ctfassets.net/tlircn1cnxbm/5XSO4BYAQ9AGA248iuGXJc/ba9e079d1f299e68ef017940dd2f5208/SmirnoffIce_TheFanEdit_FinalOfficialRules.pdf,ilovegiveaways,Sweepstakes,2026-05-22,,,,,,,,https://ilovegiveaways.com/wp-content/uploads/2026/03/ilg-logo-350x55b-1.png
Ultimate Broadway Summer Sweepstakes,https://broadwaydirect.com/hollywood-win-the-ultimate-broadway-summer-prize-package/,ultracontest,Sweepstakes,2026-05-22,,,,,,,,
Visit Fort Myers The Captiva Couples Getaway Sweepstakes,https://www.visitfortmyers.com/weddings/sweepstakes,sweepsadvantage,Sweepstakes,2026-05-22,,,,,,,,https://www.visitfortmyers.com/sites/default/files/2026-04/D7E2BFE6-043E-42B9-89EF-58B03EC14B7A_1_201_a_0.jpeg
High Noon Summer Travel Instant Win & Sweepstakes,https://www.highnoonsummer.com/gate,sweepsadvantage,Sweepstakes,2026-05-22,,,,,,,,https://highnoonsummer.com/img/Thumbnail.png
Kulkea Memorial Day Giveaway,https://www.kulkea.com/memorial-day-giveaway/,sweepsadvantage,Sweepstakes,2026-05-22,,,,,,,,
Once Upon A Coconut MLP Finals NYC Trip 2026 Giveaway,https://enter.onceuponacoconut.com/mlp-finals-2026,ilovegiveaways,Sweepstakes,2026-05-22,,,,,,,,https://ilovegiveaways.com/wp-content/uploads/2026/03/ilg-logo-350x55b-1.png
Win Prizes from Jim Beam Brands Co. -196 Vodka Seltzer Sweepstakes 2026,https://www.suntoryglobalspirits.com/en/terms-and-conditions,ilovegiveaways,Sweepstakes,2026-05-22,,,,,,,,https://ilovegiveaways.com/wp-content/uploads/2026/03/ilg-logo-350x55b-1.png
Bestway $2 Million Spa Pump Class Action Settlement,https://spapumpclassactionsettlement.com/,claimdepot,Settlements,2026-05-22,Open for Claims,,Up to $75,,,,,
HarperCollins April Showers Bring May Flowers Fragrance Sweepstakes,https://d2xcq4qphg1ge9.cloudfront.net/assets/23044/4088954/original_April_20Showers_20Brings_20May_20Flowers_20Daisy_20Chain_20Landing_20Page_20Sweepstakes_20Official_20Rules.pdf,ilovegiveaways,Sweepstakes,2026-05-22,,,,,,,,https://ilovegiveaways.com/wp-content/uploads/2026/03/ilg-logo-350x55b-1.png
"Elsie Rooftop $900,000 Wage and Hour Class Action Settlement",https://elsierooftopsettlement.com/,claimdepot,Settlements,2026-05-22,Open for Claims,,Varies based on weeks worked,,,,,
FREE 20oz Mountain Dew Bottle ($4 Value),https://page.zenivize.com/journey/0GF4M2PJ9B15C/0PFN3R5N6T3HS,hip2save,Freebies,2026-05-23,,,,,,,,
Morgan & Morgan “3rd Party Name” Contest,http://namethepartycontest.com/,freebieshark,Sweepstakes,2026-05-23,,,,,,,,https://app.sweeppea.com/img/sweeppea-header-image.png
Nike Book 2 McDonald’s “Friends & Family” Sweepstakes (50 Winners),https://www.book2mcdonalds.com/,freebieshark,Sweepstakes,2026-05-23,,,,,,,,
Pawzitivity Pets PetPace Giveaway,https://technobark.com/petpace-giveaway,sweepsadvantage,Sweepstakes,2026-05-23,,,,,,,,
Free People x Travel & Leisure Giveaway Sweepstakes,https://www.travelandleisure.com/sweepstakes/entry?sweepId=tal-freepeople-eo,sweepsadvantage,Sweepstakes,2026-05-23,,,,,,,,
Thomas Rhett's Nashville Summer Kick Off Giveaway,https://www.visitmusiccity.com/thomas-rhett-concert-giveaway,ultracontest,Sweepstakes,2026-05-23,,,,,,,,
Red Feather Romance eBook & Kindle Giveaway,https://www.redfeatherromance.com/steamy-romance-ebook-and-kindle-giveaway-april-1st-2026/,sweepsadvantage,Sweepstakes,2026-05-23,,,,,,,,https://www.redfeatherromance.com/wp-content/uploads/2026/03/Steamy-Romance.png
Citi & AAdvantage Mary J. Blige Las Vegas Residency Flyaway Sweepstakes 2026,https://m.cmpgn.page/SWWNdW,ilovegiveaways,Sweepstakes,2026-05-23,,,,,,,,https://ilovegiveaways.com/wp-content/uploads/2026/03/ilg-logo-350x55b-1.png
Robbie D. Wood Data Breach Class Action Settlement,https://www.rdwsettlement.com/,claimdepot,Settlements,2026-05-23,Open for Claims,,"$65-$5,000 plus credit monitoring",,,,,
Eve M. Riley Techboys Series Romance Books Giveaway 2026,https://www.evemriley.com/techinlove,ilovegiveaways,Sweepstakes,2026-05-23,,,,,,,,https://ilovegiveaways.com/wp-content/uploads/2026/03/ilg-logo-350x55b-1.png
High Noon Turn Up the Sun Sweepstakes and Instant Win Game 2026,https://highnoonsummer.com/rules.pdf,ilovegiveaways,Sweepstakes,2026-05-23,,,,,,,,https://ilovegiveaways.com/wp-content/uploads/2026/03/ilg-logo-350x55b-1.png
"Audience $2,000 Father’s Day Sweepstakes 2026",https://www.wbab.com/fp/wbab-fm-wbli-fm/,ilovegiveaways,Sweepstakes,2026-05-23,,,,,,,,https://ilovegiveaways.com/wp-content/uploads/2026/03/ilg-logo-350x55b-1.png
"BEIS & OpenFortune Travel Gear & $10,000 Card Sweepstakes 2026",https://beistravel.com/pages/sweepstakes,ilovegiveaways,Sweepstakes,2026-05-23,,,,,,,,https://ilovegiveaways.com/wp-content/uploads/2026/03/ilg-logo-350x55b-1.png
Travel Oregon 2026 Summer Sweepstakes,https://forms.traveloregon.com/portland-escape-for-two/,sweepsadvantage,Sweepstakes,2026-05-23,,,,,,,,
Inland Northwest Toyota 2026 Toyota Summer Road Trip Sweepstakes,https://app.wyng.com/69efbf4d62a99b38ff8c2a4f,sweepsadvantage,Sweepstakes,2026-05-23,,,,,,,,https://s3.amazonaws.com/com.offerpop.services.media/images/media/69a70d62a1bdb2db576f1888/69fa35786a7f90dcab357871.PNG
Fleet Farm “250th Celebration” Sweepstakes (50 Winners),https://www.fleetfarm.com/p/sweepstakes/250th-celebration,freebieshark,Sweepstakes,2026-05-24,,,,,,,,
Nestlé Purina Dog Chow “Giving You 100” Contest (5 Winners),https://www.purina.com/s/dog-chow-100-years-contest,freebieshark,Sweepstakes,2026-05-24,,,,,,,,https://live.purina.com/sites/default/files/2024-07/opengraph-fallback.jpg
Broadway Direct Ultimate Broadway Summer Prize Package 2026 Sweepstakes,https://broadwaydirect.com/summer-giveaway-rules//,ilovegiveaways,Sweepstakes,2026-05-24,,,,,,,,https://ilovegiveaways.com/wp-content/uploads/2026/03/ilg-logo-350x55b-1.png
Gluten Free & More Bone Suckin’ Sauce Grillin’ Box Giveaway 2026,https://glutenfreeandmore.com/bonesuckin-giveaway/,ilovegiveaways,Sweepstakes,2026-05-24,,,,,,,,https://ilovegiveaways.com/wp-content/uploads/2026/03/ilg-logo-350x55b-1.png
Gluten Free & More 2026 Air Fryer Premium Appliance Giveaway,https://glutenfreeandmore.com/air-fryer-giveaway/,ilovegiveaways,Sweepstakes,2026-05-24,,,,,,,,https://ilovegiveaways.com/wp-content/uploads/2026/03/ilg-logo-350x55b-1.png
Marlene M. Bell Lies To Forever Giveaway,https://www.marlenembell.com/giveaways-contests,sweepsadvantage,Sweepstakes,2026-05-24,,,,,,,,
Astropeak NEAF 2026 Pier Giveaway,https://astropeak.space/giveaways/neaf-2026-pier-giveaway/enter?,sweepsadvantage,Sweepstakes,2026-05-24,,,,,,,,https://astropeak.space/og-image.png
Keep Kids Excited About Reading w/ This FREE Scholastic Summer Reading Poster!,https://www.scholastic.com/parents/books-and-reading/raise-a-reader-blog/summer-reading-adventure-for-kids.html,hip2save,Freebies,2026-05-25,,,,,,,,http://www.scholastic.com/content/dam/parents/FeatureImages/Articles/042926-summer-reading-adventure-4-3.png
Certified Angus Beef “Pass the Beef” Sweepstakes,https://www.certifiedangusbeef.com/en/pass-the-beef,freebieshark,Sweepstakes,2026-05-25,,,,,,,,https://appetizing-cactus-7139e93734.media.strapiapp.com/pass_the_beef_boston_og_2e3e818e65.jpg
Smirnoff Ice “The Fan Edit” Sweepstakes (109 Winners),https://www.smirnoff.com/en-us/fan-edit,freebieshark,Sweepstakes,2026-05-25,,,,,,,,
Natural Light Zero Turn Mower Sweepstakes,https://v2.playmaker.beer/naturallightmowersweeps,sweepsadvantage,Sweepstakes,2026-05-25,,,,,,,,
Steamy Kitchen Hamilton Beach Electric Indoor Searing Grill Giveaway,https://steamykitchen.com/255273-hamilton-beach-electric-indoor-searing-grill-giveaway.html#f1765866,sweepsadvantage,Sweepstakes,2026-05-25,,,,,,,,https://steamykitchen.com/wp-content/uploads/2026/05/Hamilton-Beach-Electric-Indoor-Searing-Grill-Giveaway.png
Cayman Jack Escape-to-Paradise Sweepstakes,https://www.caymanjack.com/sweepstakes/escape/,sweepsadvantage,Sweepstakes,2026-05-25,,,,,,,,
Sideshow Collectibles Short Circuit Signed Poster Giveaway,https://www.sideshow.com/whats-new/short-circuit-40th-fine-art-prints,sweepsadvantage,Sweepstakes,2026-05-25,,,,,,,,
Tunespeak Chris Young Flyaway Sweepstakes,https://www.tunespeak.com/campaign/69f4fc95538bce00015579d5,sweepsadvantage,Sweepstakes,2026-05-25,,,,,,,,
Tunespeak Kevin Jonas Polaroid Camera Giveaway,https://www.tunespeak.com/campaign/6a0b239606f4eb000199d437,sweepsadvantage,Sweepstakes,2026-05-25,,,,,,,,
Nautica Summer Giveaway,https://nauticasummergiveaway.com/,ultracontest,Sweepstakes,2026-05-25,,,,,,,,https://nauticasummergiveaway.com/wp-content/uploads/2026/05/ogshare.jpg
Discover Your Adventure CLUB Summer Sweepstakes,https://www.cabelas.com/b/discoveryouradventure-register,ultracontest,Sweepstakes,2026-05-25,,,,,,,,
RYOBI Product Registration 2026 Sweepstakes,https://registrations.ryobitools.com/,sweepsadvantage,Sweepstakes,2026-05-25,,,,,,,,
Kollegio Scholarship Giveaway,https://sweepwidget.com/c/98992-9w1oevjq,sweepsadvantage,Sweepstakes,2026-05-25,,,,,,,,
Win Free Fabletics for One Year in the Premiere Orlando Giveaway 2026,https://www.fabletics.com/premiere-orlando-terms-conditions,ilovegiveaways,Sweepstakes,2026-05-25,,,,,,,,https://ilovegiveaways.com/wp-content/uploads/2026/03/ilg-logo-350x55b-1.png
DoStuff Media OUTLOUD Music Festival Giveaway,https://dostuffmedia.com/giveaways/outloud-2026,ultracontest,Sweepstakes,2026-05-25,,,,,,,,https://cdn.prod.website-files.com/671d22eb8025d0f2f6be600d/69fa2beb7543756ba1f80db1_OMF-26_DoStuff-03.avif
Onsite Mammography $2.53M Data Breach Class Action Settlement,https://www.onsitesettlement.com/wp-content/uploads/2026/05/Exhibit-C_Onsite-Claim-Form.pdf,claimdepot,Settlements,2026-05-25,Open for Claims,,"Up to $5,000",,,,,
Athletic Brewing Company Ready to Rock Festival Tickets Sweepstakes 2026,https://m.cmpgn.page/LBw0nd,ilovegiveaways,Sweepstakes,2026-05-25,,,,,,,,https://ilovegiveaways.com/wp-content/uploads/2026/03/ilg-logo-350x55b-1.png
1994-W Vietnam Memorial Silver Dollar Contest 2026 from CoinWeek,https://contests.coinweek.com/giveaway/coin-giveaway-642/,ilovegiveaways,Sweepstakes,2026-05-25,,,,,,,,https://ilovegiveaways.com/wp-content/uploads/2026/03/ilg-logo-350x55b-1.png
Prince Celebration 2026 Exclusive Bundle Sweepstakes,https://store.prince.com/pages/sweepstakes#embedded-rules,ilovegiveaways,Sweepstakes,2026-05-25,,,,,,,,https://ilovegiveaways.com/wp-content/uploads/2026/03/ilg-logo-350x55b-1.png
Super Mario Galaxy Movie Sweepstakes (5 Winners),https://cloud.m3.universalstudios.com/supermariogalaxy_social_email_sweeps_form,freebieshark,Sweepstakes,2026-05-26,,,,,,,,
Cabela’s and Bass Pro Shops Discover Your Adventure CLUB Summer Sweepstakes,https://www.basspro.com/b/discoveryouradventure,sweetiessweeps,Sweepstakes,2026-05-26,,,,,,,,
Fieldtrip x Zillow Gone Wild Giveaway,https://app.viralsweep.com/sweeps/full/2227a7-226317,sweepsadvantage,Sweepstakes,2026-05-26,,,,,,,,
"Coca‑Cola Win the Weekend Instant Win Game and Sweepstakes (1,798 Prizes)",https://www.coca-cola.com/us/en/offerings/coca-cola/america250/celebrate?utm_campaign=NA2605001015&utm_source=web_o&utm_medium=OWeb&utm_content=qr,sweetiessweeps,Sweepstakes,2026-05-26,,,,,,,,https://www.coca-cola.com/content/dam/onexp/global/icons/coca-cola-default.png
Hy-Vee PERKS Hub Ultimate BBQ Meat Bundle Giveaway Sweepstakes,https://app.viralsweep.com/sweeps/full/5ea6ed-225949,sweepsadvantage,Sweepstakes,2026-05-26,,,,,,,,
Fabletics for 1 Year Swepstakes,https://www.fabletics.com/premiere-orlando-giveaway,sweepsadvantage,Sweepstakes,2026-05-26,,,,,,,,
VisitFortMyers You Deserve a Shell-cation Giveaway Sweepstakes,https://www.visitfortmyers.com/national-seashell-day/sweepstakes,sweepsadvantage,Sweepstakes,2026-05-26,,,,,,,,https://www.visitfortmyers.com/sites/default/files/2026-04/Sundail%20Beach%20Resort%20%26%20Spa.png
Assist $200 of X Ad Credits Giveaway,https://sweepwidget.com/c/98742-7ukrzy2w,sweepsadvantage,Sweepstakes,2026-05-26,,,,,,,,
Natural Grocers 2026 Npower Member Solaray Sweepstakes,https://www.naturalgrocers.com/solaray-sweepstakes,sweepsadvantage,Sweepstakes,2026-05-26,,,,,,,,
Coca Cola Win the Weekend Instant Win Game and Sweepstakes,https://www.coca-cola.com/us/en/offerings/coca-cola/america250/celebrate,sweepsadvantage,Sweepstakes,2026-05-26,,,,,,,,https://www.coca-cola.com/content/dam/onexp/global/icons/coca-cola-default.png
Tunespeak $1000 Cash Prize from Charlie Reece Sweepstakes,https://www.tunespeak.com/campaign/69fa1c15538bce0001557edf,sweepsadvantage,Sweepstakes,2026-05-26,,,,,,,,
"IGA Celebrate Summer Grill Sweepstakes 2026 – Win a $1,000 Grill",https://igacelebratesummer.com/rules,ilovegiveaways,Sweepstakes,2026-05-26,,,,,,,,https://ilovegiveaways.com/wp-content/uploads/2026/03/ilg-logo-350x55b-1.png
MoneyLion 2026 Summer Break $500 Cash Daily Giveaway,https://www.moneylion.com/learn/personal-finance/basics/moneylion-2026-summer-break-giveaway-official-rules,ilovegiveaways,Sweepstakes,2026-05-26,,,,,,,,https://ilovegiveaways.com/wp-content/uploads/2026/03/ilg-logo-350x55b-1.png
Alaska Air This Is The Way Sweepstakes,https://news.alaskaair.com/official-sweepstakes-rules-alaskaairthisisthewaysweepstakes/,sweepsadvantage,Sweepstakes,2026-05-27,,,,,,,,
Corona Premier Golf Adventure Sweepstakes,https://cbisweeps.com/cpgolfadventure,sweepsadvantage,Sweepstakes,2026-05-27,,,,,,,,
Fandango's The BreadWinner Sweepstakes,https://fandangobreadwinnersweepstakes.entertowinprizes.com/,sweepsadvantage,Sweepstakes,2026-05-27,,,,,,,,https://fn-static-assets.s3.amazonaws.com/privacyoptions29x14.png
Monrovia Bee A Winner Pollinator Plant Giveaway,https://go.monrovia.com/bee-a-winner,sweepsadvantage,Sweepstakes,2026-05-27,,,,,,,,https://go.monrovia.com/hubfs/BeeAWinner_National_Web_01_300x250-1.png
Stihl USA Text Alert Sweepstakes,https://www.stihlusa.com/en,sweepsadvantage,Sweepstakes,2026-05-27,,,,,,,,
"C4 Energy Hawaiian Getaway 2026 Sweepstakes – Win $7,000 Trip",https://c4energybbtsweeps.com/rules,ilovegiveaways,Sweepstakes,2026-05-27,,,,,,,,https://ilovegiveaways.com/wp-content/uploads/2026/03/ilg-logo-350x55b-1.png
Genie Pro Football Hall of Fame VIP Weekend 2026 Sweepstakes,https://genieaccessstg.wpenginepowered.com/Hall_Of_Fame_Sweepstakes_Official_Rules_2026_Final0521.pdf,ilovegiveaways,Sweepstakes,2026-05-27,,,,,,,,https://ilovegiveaways.com/wp-content/uploads/2026/03/ilg-logo-350x55b-1.png
"$4,900 WWE Summer Slam Fly-Away Sweepstakes from Coca-Cola",https://www.cocacolacrwwesummersweepstakes.com/rules,ilovegiveaways,Sweepstakes,2026-05-27,,,,,,,,https://ilovegiveaways.com/wp-content/uploads/2026/03/ilg-logo-350x55b-1.png
sweetFrog Miraculous Prize Pack Sweepstakes 2026 – Win $955 in Prizes,https://www.sweetfrog.com/miraculous/#embedded-rules,ilovegiveaways,Sweepstakes,2026-05-27,,,,,,,,https://ilovegiveaways.com/wp-content/uploads/2026/03/ilg-logo-350x55b-1.png
Henderson & Walton Women's Center Data Breach Settlement,https://angeion-public.s3.amazonaws.com/www.hwwcdataincidentsettlement.com/docs/Claim%20Form.pdf,claimdepot,Settlements,2026-05-27,Open for Claims,,"Up to $2,740 plus medical and credit monitoring",,,,,
Cinemark’s Los Angeles Moana Premiere Sweepstakes,https://www.cinemark.com/ultimatepremiereloyaltysweepstakes,sweepsadvantage,Sweepstakes,2026-05-27,,,,,,,,
Woot Forum Giveaway,https://forums.woot.com/t/giveaway-enter-by-6-1-noon-ct/2392091,sweepsadvantage,Sweepstakes,2026-05-27,,,,,,,,https://us1.discourse-cdn.com/woot/original/4X/0/2/d/02dc8b344adf2ec0010b02affebdd25703288f43.png
Haggar 2026 May Suit Giveaway for 100th Anniversary Celebration,https://www.haggar.com/pages/haggar-giveaways,ilovegiveaways,Sweepstakes,2026-05-27,,,,,,,,https://ilovegiveaways.com/wp-content/uploads/2026/03/ilg-logo-350x55b-1.png
Cinemark’s Galactic Prize Pack Sweepstakes,https://www.cinemark.com/galacticprizepackloyaltysweepstakes,sweepsadvantage,Sweepstakes,2026-05-27,,,,,,,,
Lakeview Health Data Breach Class Action Settlement,https://cw.simpluris.com/docs/public/downloads/LSC1/CLAIM_FORM,claimdepot,Settlements,2026-05-27,Open for Claims,,"Up to $7,080 plus credit monitoring",,,,,
FREE Frazil Slushie Every Friday In June,https://freefrazilfriday.com/,freebieshark,Freebies,2026-05-28,,,,,,,,
Aperol “Share the Moment Concert” Sweepstakes (30 Winners),https://aperolsharethemoment.com/en/gate,freebieshark,Sweepstakes,2026-05-28,,,,,,,,https://aperolsharethemoment.com/en/assets/thumbnail_socialShareUrlCard.png
Genie “Pro Football Hall of Fame” Sweepstakes (8 Winners),https://genieaccessgranted.com/,freebieshark,Sweepstakes,2026-05-28,,,,,,,,
NHL “Built for Cup Chasers” Sweepstakes (16 Winners),https://cupchasers.com/,freebieshark,Sweepstakes,2026-05-28,,,,,,,,https://cupchasers.com/img/Thumbnail.png
Summer Fun in Omaha Giveaway,https://www.visitomaha.com/giveaway/,sweepsadvantage,Sweepstakes,2026-05-28,,,,,,,,"https://assets.simpleviewinc.com/simpleview/image/upload/c_limit,h_1200,q_75,w_1200/v1/clients/omaha/The_RiverFrontweb_29295b64-e93d-43ec-99c1-4e01b6fdae13.jpg"
Eddie V’s Father’s Day Sweepstakes,https://www.eddiev.com/events/fathers-day-blantons-sweepstakes,sweepsadvantage,Sweepstakes,2026-05-28,,,,,,,,https://media.eddiev.com/images/site/responsive/global/ev-logo.svg
Miraculous x sweetFrog Sweepstakes  - 5 Winners,https://www.sweetfrog.com/miraculous/,sweepsadvantage,Sweepstakes,2026-05-28,,,,,,,,
Ally Make It Rain Sweepstakes,https://www.ally.com/make-it-rain/,sweepsadvantage,Sweepstakes,2026-05-28,,,,,,,,https://ally.com/default-image.jpg
Eddie V’s Father’s Day 2026 Sweepstakes – Win a Buffalo Trace Trip,https://media.eddiev.com/en_us/pdf/ev-fathers-day-sweepstakes-official-rules-2026.pdf,ilovegiveaways,Sweepstakes,2026-05-28,,,,,,,,https://ilovegiveaways.com/wp-content/uploads/2026/03/ilg-logo-350x55b-1.png
Chimera Tires and Raceline Wheel Giveaway,https://sweepwidget.com/c/99290-9z2wg5km,sweepsadvantage,Sweepstakes,2026-05-28,,,,,,,,https://sweepwidgethosts.fra1.cdn.digitaloceanspaces.com/contestsmain/xqnzvq67bf60a1bb380vbg6z79/xkgbyip4v1.jpg
Motility Software Solutions $4.95M Data Breach Settlement,https://motilitydatabreachlitigation.com/Content/Documents/Claim%20Form_web.pdf,claimdepot,Settlements,2026-05-28,Open for Claims,,"Up to $5,000 plus credit monitoring",,,,,
"NHL Cup Chasers Custom Shoes Sweepstakes 2026 – $2,400 Value",https://cupchasers.com/rules.pdf,ilovegiveaways,Sweepstakes,2026-05-28,,,,,,,,https://ilovegiveaways.com/wp-content/uploads/2026/03/ilg-logo-350x55b-1.png
"RAVEN5 Make the Call 2026 Hockey Playoff Contest – Win $5,000 in Meat",https://saucedorsmoked.com/rules,ilovegiveaways,Sweepstakes,2026-05-28,,,,,,,,https://ilovegiveaways.com/wp-content/uploads/2026/03/ilg-logo-350x55b-1.png
"Ally Make It Rain $30,000 Cash Sweepstakes 2026",https://www.ally.com/content/dam/pdf/brand/make-it-rain-sweepstakes-terms.pdf,ilovegiveaways,Sweepstakes,2026-05-28,,,,,,,,https://ilovegiveaways.com/wp-content/uploads/2026/03/ilg-logo-350x55b-1.png
Enterprise #OnEveryCorner Soccer Car Sweepstakes 2026,https://www.oneverycorner.com/Rules,ilovegiveaways,Sweepstakes,2026-05-28,,,,,,,,https://ilovegiveaways.com/wp-content/uploads/2026/03/ilg-logo-350x55b-1.png
FMC Health $2.15M Data Breach Class Action Settlement,https://www.fmcdatasettlement.com/wp-content/uploads/2026/04/Sharber-v.-FMC-Services-Long-Form-Notice.pdf,claimdepot,Settlements,2026-05-28,Open for Claims,,"Up to $5,000 plus data monitoring",,,,,
WOW! Women on Writing Caio & Gift Card Sweepstakes 2026,https://muffin.wow-womenonwriting.com/2026/05/reader-review-wrap-up-and-giveaway-for.html#embedded-rules,ilovegiveaways,Sweepstakes,2026-05-28,,,,,,,,https://ilovegiveaways.com/wp-content/uploads/2026/03/ilg-logo-350x55b-1.png
"Willow TV $850,000 VPPA Class Action Settlement",https://cw.simpluris.com/docs/public/downloads/TKC1/SETTLEMENT_AGREEMENT,claimdepot,Settlements,2026-05-28,Open for Claims,,Varies,,,,,
Cold Stone Creamery “Supergirl” Sweepstakes (12 Winners),https://www.coldstonecreamery.com/supergirlspacecampsweeps/,freebieshark,Sweepstakes,2026-05-29,,,,,,,,
Steamy Kitchen Ninja Food Processor Giveaway,https://steamykitchen.com/255318-ninja-food-processor-giveaway.html,sweepsadvantage,Sweepstakes,2026-05-29,,,,,,,,https://steamykitchen.com/wp-content/uploads/2026/05/Ninja-Food-Processor-Giveaway.png
Church's Coca Cola Match Day Getaway Sweepstakes - 128 Winners,https://www.churchs.com/soccer-sweepstakes,sweepsadvantage,Sweepstakes,2026-05-29,,,,,,,,
Travel Oregon 2026 Summer Portland Escape Sweepstakes,https://forms.traveloregon.com/images/oregon/files/Official-Rules-2026-Summer-Sweepstakes-(4.16.26)-final.pdf,ilovegiveaways,Sweepstakes,2026-05-29,,,,,,,,https://ilovegiveaways.com/wp-content/uploads/2026/03/ilg-logo-350x55b-1.png
Hodge Twins 31 Sweepstakes,https://giveaway.shophodgetwins.com/,sweepsadvantage,Sweepstakes,2026-05-29,,,,,,,,https://storage.googleapis.com/gpt-engineer-file-uploads/KOAZ4VW2QTNnEjUsw2z4WeRHKTC2/social-images/social-1776700052585-HT_GIVEAWAY_RAM_MOBILE.webp
Omaha Nebraska Staycation Giveaway Sweepstakes,https://app.wyng.com/69f8afbc83e80ffb5e51d921,sweepsadvantage,Sweepstakes,2026-05-29,,,,,,,,https://s3.amazonaws.com/com.offerpop.services.media/images/media/69a70d62a1bdb2db576f1888/69f8edab0e72ea3b0fecb5e7.PNG
Tunespeak Signed Beartooth ESP Guitar Giveaway,https://www.tunespeak.com/campaign/69f0bce34495ea0001c3c97a,sweepsadvantage,Sweepstakes,2026-05-29,,,,,,,,
Loyal Moses Bluetti Elite 100 V2 Portable Power Station Giveaway,https://sweepwidget.com/c/99835-zn2bieg8,sweepsadvantage,Sweepstakes,2026-05-29,,,,,,,,
She Speaks Perfect Summer Read Giveaway,https://shespeaks.com/SheSpeaks-Summer-Beach-Reads-Giveaway,sweepsadvantage,Sweepstakes,2026-05-29,,,,,,,,
WVV LPGA Portland Classic 2026 Sweepstakes,https://www.wvv.com/pdxclassic/,ultracontest,Sweepstakes,2026-05-29,,,,,,,,
Timberland Bank Kids Coloring Contest,https://www.timberlandbank.com/resources/coloring-contest,sweepsadvantage,Sweepstakes,2026-05-29,,,,,,,,
"The Gill Corp. $300,000 Data Breach Class Action Settlement",https://www.tgcsettlement.com/ansar-claim-form-login/,claimdepot,Settlements,2026-05-29,Open for Claims,,"Up to $5,000 plus credit monitoring",,,,,
Premier Guitar Lâg Sauvage-DCE Acoustic Guitar Sweepstakes 2026,https://www.premierguitar.com/win-stuff/pg-giveaways/lag-sauvage-dce-giveaway#embedded-rules,ilovegiveaways,Sweepstakes,2026-05-29,,,,,,,,https://ilovegiveaways.com/wp-content/uploads/2026/03/ilg-logo-350x55b-1.png
Thriveworks $1.9M Website Privacy Class Action Settlement,https://thriveworksprivacysettlement.com/,claimdepot,Settlements,2026-05-29,Open for Claims,,Up to $10,,,,,
Sullivan’s Steakhouse Father’s Day Bourbon Experience Sweepstakes 2026,https://www.sullivanssteakhouse.com/fathersdaybourbonexperience/#embedded-rules,ilovegiveaways,Sweepstakes,2026-05-29,,,,,,,,https://ilovegiveaways.com/wp-content/uploads/2026/03/ilg-logo-350x55b-1.png
Tuft & Needle $2.99M False Mattress Discount Settlement,https://angeion-public.s3.amazonaws.com/www.tnpricesettlement.com/docs/Tuft%20Needle%20Claim%20Form%20-%20FINAL.docx.pdf,claimdepot,Settlements,2026-05-29,Open for Claims,,$75 per mattress (average),,,,,
EMM Loans Data Breach Class Action Settlement,https://cw.simpluris.com/docs/public/downloads/ELC1/CLAIM_FORM,claimdepot,Settlements,2026-05-29,Open for Claims,,"Up to $4,000 plus credit monitoring",,,,,
Deerford Defense Century Arms AP5-P Firearm Giveaway 2026,https://deerforddefense.com/terms-and-conditions/,ilovegiveaways,Sweepstakes,2026-05-29,,,,,,,,https://ilovegiveaways.com/wp-content/uploads/2026/03/ilg-logo-350x55b-1.png
Strava “Run Miles. Win Points. With Virgin Atlantic” Giveaway,https://www.strava.com/challenges/Run-Miles-Win-Points-With-Virgin-Atlantic,freebieshark,Sweepstakes,2026-05-30,,,,,,,,https://dgalywyr863hv.cloudfront.net/challenges/5944/5944-logo.png
United Vacations Email Giveaway,https://vacations.united.com/sweepstakes/united-vacations-email-giveaway/,sweepsadvantage,Sweepstakes,2026-05-30,,,,,,,,
BestNewOrleansHotels New Orleans Weekend Getaway Sweepstakes,http://bestneworleanshotels.com/win-a-stay/,sweepsadvantage,Sweepstakes,2026-05-30,,,,,,,,
Tunespeak and Emma Swift Audio-Technica Record Player Sweepstakes,https://www.tunespeak.com/campaign/6a0b34fb06f4eb000199d496,sweepsadvantage,Sweepstakes,2026-05-30,,,,,,,,
Tunespeak Amazon Gift Card From Cynikas Merch Bundle Sweepstakes,https://www.tunespeak.com/campaign/6a075c3506f4eb000199cbc8,sweepsadvantage,Sweepstakes,2026-05-30,,,,,,,,
Del Rio Vineyards Oregon Wine Month Giveaway,https://forms.office.com/Pages/ResponsePage.aspx?id=m0bkbyhXHEW8dhleAWtRUyZhSLyU3LtKsXWqUGycVqdUMlcxWlNUSFkxRktJQ1VRMjlHMkpCNDQ2Ti4u,sweepsadvantage,Sweepstakes,2026-05-30,,,,,,,,
Howies X True Hockey Giveaway,https://howieshockeytape.com/pages/current-contest,sweepsadvantage,Sweepstakes,2026-05-30,,,,,,,,http://howieshockeytape.com/cdn/shop/files/HowiesHockeyLogo_2023_89ac65e8-7da5-4401-89f8-327c2f5b0a6d.jpg?v=1701789774
Funko & SI Beyond the Pitch LA Event Tickets Sweepstakes 2026,https://www.sibeyondthepitch.com/funko-la-terms,ilovegiveaways,Sweepstakes,2026-05-30,,,,,,,,https://ilovegiveaways.com/wp-content/uploads/2026/03/ilg-logo-350x55b-1.png
Simon & Schuster Magical Creatures Books & Plush Sweepstakes 2026,https://www.simonandschuster.com/rules/e93af16f-1e0b-4096-b202-354c60b9edd4,ilovegiveaways,Sweepstakes,2026-05-30,,,,,,,,https://ilovegiveaways.com/wp-content/uploads/2026/03/ilg-logo-350x55b-1.png
1800 Tequila Elevate Your Summer Sweepstakes,https://1800summersweeps2026.com/en/IH6470/submission/form,ultracontest,Sweepstakes,2026-05-30,,,,,,,,https://1800summersweeps2026.com/en/assets/thumbnail_socialShareUrlCard.png
Grand Colorado Breckenridge Luxury Getaway 2026 Giveaway - 5 Winners,https://grandcolorado.com/breckenridge-luxury-getaway-2026/,sweepsadvantage,Sweepstakes,2026-05-30,,,,,,,,https://s32246.pcdn.co/wp-content/uploads/2025/11/hero-mobile-lux.jpg
Activia Gut Health Challenge 2026 Sweepstakes – Win Products & Headphones,https://snippdocs.blob.core.windows.net/docs/Danone_US_ACSweeps/rules.pdf,ilovegiveaways,Sweepstakes,2026-05-30,,,,,,,,https://ilovegiveaways.com/wp-content/uploads/2026/03/ilg-logo-350x55b-1.png
Lisa Jackson Savannah After Dark Books & Collection Contest 2026,https://lisajackson.com/contact/contests/,ilovegiveaways,Sweepstakes,2026-05-30,,,,,,,,https://ilovegiveaways.com/wp-content/uploads/2026/03/ilg-logo-350x55b-1.png
"1800 Tequila Elevate Your Summer 2026 Sweepstakes – Win $34,100 in Prizes",https://1800summersweeps2026.com,ilovegiveaways,Sweepstakes,2026-05-30,,,,,,,,https://ilovegiveaways.com/wp-content/uploads/2026/03/ilg-logo-350x55b-1.png
Stamp with Tami 10 Days of Giveaways,https://stampwithtami.com/blog/2026/05/10-days-of-giveaways/,sweepsadvantage,Sweepstakes,2026-05-30,,,,,,,,
Derick Dermatology $1M Tracking Pixel Class Action Settlement,https://cw.simpluris.com/docs/public/downloads/DJC/CLAIM_FORM,claimdepot,Settlements,2026-05-30,Open for Claims,,Up to $12.50 plus one-year Privacy Shield Pro subscription,,,,,
Simon & Schuster “Magical Creatures” Sweepstakes,https://www.simonandschuster.com/p/magical-creatures-sweepstakes,freebieshark,Sweepstakes,2026-05-31,,,,,,,,
Petfinder & Tractor Supply Purina Pro Plan Sweepstakes,https://www.purina.com/s/petfinder-proplan-contest,freebieshark,Sweepstakes,2026-05-31,,,,,,,,https://www.purina.com/sites/default/files/2026-05/1200x630_og_petfindersweeps.jpg
Sparkling Ice “Sweet Spot” Sweepstakes (20 Winners),https://www.shareyoursweetspot.com/,freebieshark,Sweepstakes,2026-06-02,,,,,,,,
Grizzly “American World Championship” Sweepstakes (801 Winners),https://www.mygrizzly.com/secure/promotions/american-world-championship.html,freebieshark,Sweepstakes,2026-06-02,,,,,,,,
Lakeview Health Systems - Data Breach Class Action Settlement,https://lakeviewhealthsettlement.com/,classaction,Settlements,2026-06-02,,8/24/26,"$50 - $5,000",No,,,You may be included in this settlement if your private information was compromised in the January 2024 Lakeview Health Systems data breach.,
Walton Women’s Center - Data Breach Class Action Settlement,https://www.hwwcdataincidentsettlement.com/,classaction,Settlements,2026-06-02,,8/27/26,"$150 - $2,500",No,,,This settlement covers those whose personal information was potentially compromised in the February 2022 Walton Women’s Center data breach.,
Illinois Institute of Technology - COVID Tuition Class Action Settlement,https://iltech2020settlement.com/,classaction,Settlements,2026-06-02,,9/10/26,Varies,N/A,,,"You may be included in this settlement if you were an Illinois Tech student who paid or were obligated to pay tuition, fees, or other costs to Illinois Tech for the Spring 2020 academic term.",
"HolidayWorld Bigger, Brighter, & Duckier Ticket Giveaway",https://holidayworld.com/2026/05/26/june-events-at-holiday-world-giveaway/,sweepsadvantage,Sweepstakes,2026-06-02,,,,,,,,https://holidayworld.com/wp-content/uploads/2026/05/Untitled-design-97.jpg
WPRI Sail Away on the Block Island Ferry Sweepstakes - 16 Winners,https://www.wpri.com/contests/the-block-island-ferry-sweepstakes-2026/#//,sweepsadvantage,Sweepstakes,2026-06-02,,,,,,,,
Confluence Outdoor Catch Intruder 12 Giveaway,https://www.confluenceoutdoor.com/pages/giveaway-new-color-catch-intruder-12,sweepsadvantage,Sweepstakes,2026-06-02,,,,,,,,
Narragansett Brewing Company Cruizin Like Quint Giveaway,https://www.narragansettbeer.com/,sweepsadvantage,Sweepstakes,2026-06-02,,,,,,,,http://www.narragansettbeer.com/cdn/shop/files/logo-black.png?height=628&pad_color=fff&v=1666256572&width=1200
"Franzia & Woodbridge Great American BBQ $10,000 Cash Sweepstakes",https://franziawoodbridgesummer.com/documents/Franzia-Woodbridge_Great-American-BBQ_-Sweestakes-Complete-Official-Rules-3-16-26.docx.pdf,ilovegiveaways,Sweepstakes,2026-06-02,,,,,,,,https://ilovegiveaways.com/wp-content/uploads/2026/03/ilg-logo-350x55b-1.png
Sideshow Collectibles Imperial Remnant Snowtrooper Giveaway,https://www.sideshow.com/contest/Imperial-Remnant-Snowtrooper-Sixth-Scale-Figure-June-Newsletter-Giveaway,sweepsadvantage,Sweepstakes,2026-06-02,,,,,,,,
Oracle Red Bull Racing Custom Crocs Giveaway - 10 Winners,https://www.redbullracing.com/int-en/win-a-pair-of-orbr-x-crocs-crocbands,sweepsadvantage,Sweepstakes,2026-06-02,,,,,,,,"https://img.redbull.com/images/c_fill,g_auto,w_1200,h_630/f_auto,q_auto/redbullcom/2026/5/20/uz8kujtkaxee2gctegy1/win-a-pair-of-orbr-x-crocs-crocbands"
Grizzly 250-Year American World Championship Giveaway - 801 Winners,https://mygrizzly.com/secure/promotions/american-world-championship.html,sweepsadvantage,Sweepstakes,2026-06-02,,,,,,,,
The Bobby Bones Show Dan + Shay Tour Flyaway Sweepstakes 2026,https://campaign.aptivada.com/terms/1886079,ilovegiveaways,Sweepstakes,2026-06-02,,,,,,,,https://ilovegiveaways.com/wp-content/uploads/2026/03/ilg-logo-350x55b-1.png
Premiere Networks Dan + Shay “The Young Tour” Flyaway Sweepstakes 2026,https://campaign.aptivada.com/terms/1886081,ilovegiveaways,Sweepstakes,2026-06-02,,,,,,,,https://ilovegiveaways.com/wp-content/uploads/2026/03/ilg-logo-350x55b-1.png
Seven Motor $2.67M Washington Pay Transparency Settlement,https://epoasettlement7motor.com/,claimdepot,Settlements,2026-06-02,Open for Claims,,"$2,172.30 (estimated)",,,,,
Barefoot Dreams Website Privacy Class Action Settlement,https://barefootdreamsclasssettlement.com/Content/Documents/Long%20Form%20Notice.pdf,claimdepot,Settlements,2026-06-02,Open for Claims,,$8,,,,,
"Crystal Farms Centennial $5,810 Prize Package Sweepstakes 2026",https://crystalfarms100.com/#embedded-rules,ilovegiveaways,Sweepstakes,2026-06-02,,,,,,,,https://ilovegiveaways.com/wp-content/uploads/2026/03/ilg-logo-350x55b-1.png
Triage Staffing Data Breach Class Action Settlement,https://cw.simpluris.com/docs/public/downloads/TAC/CLAIM_FORM,claimdepot,Settlements,2026-06-02,Open for Claims,,"Up to $3,000 plus credit monitoring services",,,,,
Food Network Magazine Recipe Name This Dish Contest,https://www.foodnetwork.com/magazine/name-this-dish-rules,sweetiessweeps,Sweepstakes,2026-06-04,,,,,,,,
FREE 3-Months of Audible for Amazon Prime Members ($27 Value!),https://www.amazon.com/hz/audible/arya/mlp?purchaseType=STANDARD_MTRIAL&linkCode=ll2&tag=hip2saveexclusive-20&linkId=be7e624fd84f8eba0050775f42fcdca4&language=en_US&ref_=as_li_ss_tl,hip2save,Freebies,2026-06-04,,,,,,,,
"WOW! $1,000 Worth of Tiff’s Treats Cookies Just $99!",https://www.cookiedelivery.com/summerpass,hip2save,Freebies,2026-06-04,,,,,,,,
During Rock Bottom Golf's Ray Cook Giveaway,https://app.viralsweep.com/vrlswp/widget/377109-226999&framed=1,sweepsadvantage,Sweepstakes,2026-06-04,,,,,,,,
Tiki Brand Products Backyard SZN Giveaway,https://app.viralsweep.com/sweeps/full/9913b7-226494?framed=1,sweepsadvantage,Sweepstakes,2026-06-04,,,,,,,,
CampSaver Black Diamond Ahwahnee Tent Sweepstakes,https://www.campsaver.com/sweepstakes?,sweepsadvantage,Sweepstakes,2026-06-04,,,,,,,,
Papinelle $500 Monthly Giveaway,https://papinelle.us/pages/win-500-sign-up-page,sweepsadvantage,Sweepstakes,2026-06-04,,,,,,,,http://papinelle.us/cdn/shop/files/Untitled_design_7.jpg?v=1774302215&width=2048
JaM Cellars FY26 Summer ButterBash Sweepstakes,https://woorise.com/jamcellars/fy26-summer-butterbash-sweepstakes-06-01-26-09-13-26,sweepsadvantage,Sweepstakes,2026-06-04,,,,,,,,https://woorise.com/jamcellars/wp-content/uploads/sites/22404/2026/05/ButterBash-POS_FB-Banner-scaled.png
Modelo Futbol Instant Win Game Sweepstakes,https://modelofutbolsweepstakes.com,sweepsadvantage,Sweepstakes,2026-06-04,,,,,,,,
Deer Park All Star Hydration Instant Win Game and Sweepstakes - 33 Winners,https://rewardsdrop.com/promotion/allstarhydration,sweepsadvantage,Sweepstakes,2026-06-04,,,,,,,,https://eprize-content.s3.us-east-1.amazonaws.com/bluetriton/rewardsdrop+1.6/social_share/socialDefault.png
Home Sweet Home HGTV Sweepstakes,https://www.hgtv.com/sweepstakes/home-sweet-home,sweepsadvantage,Sweepstakes,2026-06-04,,,,,,,,
T-Mobile Tuesdays Week #522 Sweepstakes,http://amoe.t-mobiletuesdays.com/Promotion/Prizes?contestKey=20260602_10yearsofTMobileTuesdays,ultracontest,Sweepstakes,2026-06-04,,,,,,,,
$2.52M Onsite Mammography data breach class action settlement,http://onsitesettlement.pnclassaction.com/,topclassactions,Settlements,2026-06-04,,,,,,,,
Oldcastle APG West $2.25M Washington Job Posting Settlement,https://oawsettlement.com/,claimdepot,Settlements,2026-06-04,Open for Claims,,"$1,664.40 (estimated)",,,,,
California Gambling Control Commission $43.3M Fees Settlement,https://gamblingfeesettlement.com/,claimdepot,Settlements,2026-06-04,,,Pro rata share,Yes,,,,
$15M Generac PWRcell solar power systems class action settlement,https://generacsnapsettlement.eagclaims.com/,topclassactions,Settlements,2026-06-04,,,,,,,,
Sparkle Paper Towels Goal Time Sweepstakes 2026 – Win a Year Supply,https://aut.sparkletowels.com/win-a-year-supply-sweeps/rules,ilovegiveaways,Sweepstakes,2026-06-04,,,,,,,,https://ilovegiveaways.com/wp-content/uploads/2026/03/ilg-logo-350x55b-1.png
American Humane Society Win a Dream Cancun Vacation Sweepstakes,https://www.americanhumane.org/sweepstakes/,ultracontest,Sweepstakes,2026-06-04,,,,,,,,https://www.americanhumane.org/wp-content/uploads/2026/05/The-Pyramid-Cancun-3.jpg
LCPtracker Data Breach Class Action Settlement,https://cw.simpluris.com/docs/public/downloads/LMC2/CLAIM_FORM,claimdepot,Settlements,2026-06-04,Open for Claims,,"Up to $2,500 plus credit monitoring",,,,,
"Anduril NASCAR Race Car or $250,000 Cash Sweepstakes 2026",https://gear.anduril.com/pages/win-a-cup-car-official-sweepstakes-rules,ilovegiveaways,Sweepstakes,2026-06-04,,,,,,,,https://ilovegiveaways.com/wp-content/uploads/2026/03/ilg-logo-350x55b-1.png
Ciuni & Panichi Data Breach Class Action Settlement,https://cw.simpluris.com/docs/public/downloads/CDC5/SETTLEMENT_AGREEMENT,claimdepot,Settlements,2026-06-04,Open for Claims,,"Up to $5,000 plus a cash payment",,,,,
"Oak View Group $824,000 Data Breach Class Action Settlement",https://cw.simpluris.com/docs/public/downloads/OAC3/CLAIM_FORM,claimdepot,Settlements,2026-06-04,Open for Claims,,"Up to $5,000 plus credit monitoring",,,,,
RECOVER 180 Break Up With Artificial Sweepstakes and Instant Win Game,https://iframe-mdm.drinkrecover.com/r180noartificial/rules.aspx,ilovegiveaways,Sweepstakes,2026-06-04,,,,,,,,https://ilovegiveaways.com/wp-content/uploads/2026/03/ilg-logo-350x55b-1.png
"Amazon Alexa’s Got You $1,000 Gift Card Sweepstakes 2026",https://www.amazon.com/b?node=212280908011#rules,ilovegiveaways,Sweepstakes,2026-06-04,,,,,,,,https://ilovegiveaways.com/wp-content/uploads/2026/03/ilg-logo-350x55b-1.png
Zignature & Animal Wellness Magazine Dog Food Prize Pack Contest 2026,https://animalwellnessmagazine.com/zignature-dog-food-giveaway/,ilovegiveaways,Sweepstakes,2026-06-04,,,,,,,,https://ilovegiveaways.com/wp-content/uploads/2026/03/ilg-logo-350x55b-1.png
Score a FREE Frazil Slushie Today (& Every Friday This June!),https://frazil.com/frazil/find-us/,hip2save,Freebies,2026-06-05,,,,,,,,
Choice Privileges Mastercard Summer Travel Sweepstakes - 127 Winners,https://choiceprivilegessummersweeps.com/,sweepsadvantage,Sweepstakes,2026-06-05,,,,,,,,
Pure Life Celebrating Disney and Pixar’s Toy Story 5 Sweepstakes - 123 Winners,https://rewardsdrop.com/promotion/toystory5,sweepsadvantage,Sweepstakes,2026-06-05,,,,,,,,https://eprize-content.s3.us-east-1.amazonaws.com/bluetriton/rewardsdrop+1.6/social_share/socialDefault.png
Belgian Boys X Breeze Airways Take Your Shot Giveaway,https://www.belgianboys.com/pages/take-your-shot,sweepsadvantage,Sweepstakes,2026-06-05,,,,,,,,http://www.belgianboys.com/cdn/shop/files/belgian-boys-preview-image-v2.jpg?v=1764871128
Janie and Jack Limelight Summer Sweepstakes,https://www.janieandjack.com/limelight-summer-sweepstakes.html,sweepsadvantage,Sweepstakes,2026-06-05,,,,,,,,
Janie and Jack Getaway Giveaway Sweepstakes 2026 – Win Hotel & Gift Card,https://www.janieandjack.com/limelight-summer-sweepstakes-rules.html?lang=en_US,ilovegiveaways,Sweepstakes,2026-06-05,,,,,,,,https://ilovegiveaways.com/wp-content/uploads/2026/03/ilg-logo-350x55b-1.png
Good Directions $250 Rain Chain & Basin Giveaway,https://sweepwidget.com/c/99919-m35ktb14,sweepsadvantage,Sweepstakes,2026-06-05,,,,,,,,https://sweepwidgethosts.fra1.cdn.digitaloceanspaces.com/contestsmain/187/2qxnwm5643.jpg
Perfect Game Sports June Giveaway - 3 Winners,https://sweepwidget.com/c/99945-j0v914rp,sweepsadvantage,Sweepstakes,2026-06-05,,,,,,,,https://sweepwidgethosts.fra1.cdn.digitaloceanspaces.com/contestsmain/r102z66a1c9b922dd5761koog6/r17wvaemun.png
Zoom Tan's June Jackpot Giveaway,https://sweepwidget.com/c/100002-o5rgcvp3,sweepsadvantage,Sweepstakes,2026-06-05,,,,,,,,https://sweepwidgethosts.fra1.cdn.digitaloceanspaces.com/contestsmain/m4kr6r62542c5ce79adpakf711/i2aj1y4b6w.png
Cinemark Theatres Supergirl Prize Pack Sweepstakes,https://www.cinemark.com/supergirlloyaltysweepstakes,sweepsadvantage,Sweepstakes,2026-06-05,,,,,,,,
Aetna Life Insurance $2.56M L-ADR Surgery Denial Settlement,https://www.ladrsurgerysettlement.com/,claimdepot,Settlements,2026-06-05,Open for Claims,,Varies,Yes,,,,
$1.54M Deanco Healthcare data breach class action settlement,https://forms.ksacms.com/efiling/fr/eform/deanco_healthcare_claimform/new?form-version=1,topclassactions,Settlements,2026-06-06,,,,,,,,
Visit Myrtle Beach Ultimate Entertainment Trip Giveaway,https://www.visitmyrtlebeach.com/plan/contests/ultimate-entertainment-trip,sweepsadvantage,Sweepstakes,2026-06-06,,,,,,,,
Allegiant Air ACDC Fan Flyaway Concert Trip Sweepstakes 2026,https://www.allegiantair.com/ACDCFanFlyawayRules,ilovegiveaways,Sweepstakes,2026-06-06,,,,,,,,https://ilovegiveaways.com/wp-content/uploads/2026/03/ilg-logo-350x55b-1.png
Harris Summer Dreams Paddle North Water Gear Giveaway 2026,https://www.harrisboats.com/us/en/promotions/giveaway/rules-and-regulations,ilovegiveaways,Sweepstakes,2026-06-06,,,,,,,,https://ilovegiveaways.com/wp-content/uploads/2026/03/ilg-logo-350x55b-1.png
Verzasca Foto Festival Open Call 2027 Photography Contest,https://www.verzascafoto.com/open-call,ilovegiveaways,Sweepstakes,2026-06-06,,,,,,,,https://ilovegiveaways.com/wp-content/uploads/2026/03/ilg-logo-350x55b-1.png
Church & Dwight Made in the USA $250 Gift Card Sweepstakes 2026,https://familymedia.com/madeinusa?view=rules,ilovegiveaways,Sweepstakes,2026-06-06,,,,,,,,https://ilovegiveaways.com/wp-content/uploads/2026/03/ilg-logo-350x55b-1.png
Meating Place Gift Card Giveaway - 5 Winners,https://sweepwidget.com/c/99850-pgkf18ye,sweepsadvantage,Sweepstakes,2026-06-06,,,,,,,,https://sweepwidgethosts.fra1.cdn.digitaloceanspaces.com/contestsmain/ww2sck6a1716b9bad51gbq0je9/1tlx45k9gp.png
Ogio Rig 9800 Travel Bag Giveaway,https://sweepwidget.com/c/100075-v23b659z,sweepsadvantage,Sweepstakes,2026-06-06,,,,,,,,https://sweepwidgethosts.fra1.cdn.digitaloceanspaces.com/contestsmain/xqnzvq67bf60a1bb380vbg6z79/4t93o0gc7r.jpg
WD-40 Brand Hank Hill Starter Kit Sweepstakes 2026,https://hankhillstarterkitsweepstakes.wd40.com/,ilovegiveaways,Sweepstakes,2026-06-06,,,,,,,,https://ilovegiveaways.com/wp-content/uploads/2026/03/ilg-logo-350x55b-1.png
Delphinus Engineering $2.75M Washington Job Posting Settlement,https://www.epoasettlementdelp.com/,claimdepot,Settlements,2026-06-06,Open for Claims,,"Up to $5,000",,,,,
GeoLogics Corp. Data Breach Class Action Settlement,https://geologicscorpdatasettlement.com/,claimdepot,Settlements,2026-06-06,Open for Claims,,"Up to $2,500 plus credit monitoring",No,,,,
Belle Tire Distributors Data Breach Class Action Settlement,https://cw.simpluris.com/docs/public/downloads/BDC4/CLAIM_FORM_DRAFT,claimdepot,Settlements,2026-06-06,Open for Claims,,"Up to $1,000",Yes,,,,
Harris Boats “Summer” Sweepstakes (4 Winners),https://www.harrisboats.com/us/en/promotions/giveaway,freebieshark,Sweepstakes,2026-06-07,,,,,,,,
Raising Cane’s: Free Drink for Caniac Club Members,https://www.raisingcanes.com/caniac-club/,freebieshark,Freebies,2026-06-07,,,,,,,,
Mack’s Prairie Wings “Leupold Legacy & Liberty” Sweepstakes,https://www.mackspw.com/b/leupold-giveaway,freebieshark,Sweepstakes,2026-06-07,,,,,,,,
Mighty Loud “Rolling Sturgis” Sweepstakes (29 Winners),https://www.rollingusa.com/sturgis-mke-rules,freebieshark,Sweepstakes,2026-06-07,,,,,,,,
Target: Free Coffee or Cookie + Circle Deal Days Sale,https://go.shopmy.us/p-63146301,freebieshark,Freebies,2026-06-07,,,,,,,,https://target.scene7.com/is/image/Target/GUEST_77f2f474-6898-4055-8ac1-bae34ea7ba34
2026 Kwik Fill Fueling Discovery Summer Giveaway - 15 Winners,https://www.kwikfill.com/account/giveaway?,sweepsadvantage,Sweepstakes,2026-06-07,,,,,,,,
Lufthansa’s The Real $60 Ticket Sweepstakes,https://www.lufthansa.com/us/en/local-page/real-soccer-experience.html,sweepsadvantage,Sweepstakes,2026-06-07,,,,,,,,
The Tripadvisor x Culver’s Taste of Summer Sweepstakes,https://www.tripadvisor.com/InformationCenter-e2RgmYKU9bHgtcZ6nAjlFNg,ultracontest,Sweepstakes,2026-06-07,,,,,,,,
Price Chopper Market 32 Customer Experience Survey Giveaway - 12 Winners,https://www.pricechopper.com/survey/,sweepsadvantage,Sweepstakes,2026-06-07,,,,,,,,https://www.pricechopper.com/wp-content/uploads/elementor/thumbs/2024_Survey-Page-Desktop-r3r68eruda7zrvrh5g8jk2ootg2x1lf6yfx3fdcbuo.png
DOVOH WG-3L Digital Angle Finder Giveaway - 5 Winners,https://sweepwidget.com/c/100089-zfb21gnw,sweepsadvantage,Sweepstakes,2026-06-07,,,,,,,,https://sweepwidgethosts.fra1.cdn.digitaloceanspaces.com/contestsmain/a4j1n567f77f75137113nrvhw3/rx0c73j2h5.jpg
Gay NYC Dad Blog $25 Smashburger Gift Card Giveaway,https://www.gaynycdad.com/2026/06/25-smashburger-2.html,sweepsadvantage,Sweepstakes,2026-06-07,,,,,,,,
WTA Hard Court Sweepstakes,https://www.wtatennis.com/sweepstakes,ultracontest,Sweepstakes,2026-06-07,,,,,,,,https://photoresources.wtatennis.com/photo-resources/2025/05/06/837e6f32-a9b9-42e2-b3a8-057f37846755/Home-Share_1200x630.png?width=1200&height=630
Circle K Take Me Out to the Ballpark Instant Win Game Sweepstakes - 20K+ Winners,https://milb.circlek.one/,sweepsadvantage,Sweepstakes,2026-06-08,,,,,,,,
M&T Bank Mortgage Welcome $5K Sweepstakes,https://www.mtb.com/content/dam/mtb-web/pdfs/mortgage-sweeps-rules-regs-spring26.pdf,sweepsadvantage,Sweepstakes,2026-06-08,,,,,,,,
Corona Great Cooler Hunt Instant Win Game Sweepstakes,https://www.coronausa.com/pages/cooler-hunt,sweepsadvantage,Sweepstakes,2026-06-08,,,,,,,,http://www.coronausa.com/cdn/shop/files/corona-extra-slim_22_89a81814-cadd-4d07-9b2d-844f1919fdaf_1200x1200.jpg?v=1749587191
OLLY Precise Probiotics Sweepstakes - 21 Winners,https://www.dailybreak.com/break/olly-precise-probiotics-walmart/,sweepsadvantage,Sweepstakes,2026-06-08,,,,,,,,https://www.dailybreak.com/images/og_image.png
Polaris Summer Adventure Experience 2026 Sweepstakes,https://polaris.com/en-us/off-road/sweepstakes/seize-your-summer-adventure-giveaway/,ilovegiveaways,Sweepstakes,2026-06-08,,,,,,,,https://ilovegiveaways.com/wp-content/uploads/2026/03/ilg-logo-350x55b-1.png
Garage Beer American Summer 2026 Sweepstakes,https://drinkgaragebeer.com/AmericanSummer/,ultracontest,Sweepstakes,2026-06-08,,,,,,,,https://drinkgaragebeer.com/wp-content/uploads/2025/02/age-gate-logo.png
She Speaks Merkts Cheese Spread Giveaway,https://shespeaks.com/Elevate-Your-Summer-Grilling-with-Merkts-Available-at-Walmart,sweepsadvantage,Sweepstakes,2026-06-08,,,,,,,,
She Speaks Armor All Podium Series Giveaway,https://shespeaks.com/Feel-Like-a-Champion-with-the-Victory-of-a-Clean-Car,sweepsadvantage,Sweepstakes,2026-06-08,,,,,,,,
YTF Community Giveaway - 2 Macbook Winners,https://sweepwidget.com/c/99128-o6yj7icw,sweepsadvantage,Sweepstakes,2026-06-08,,,,,,,,https://sweepwidgethosts.fra1.cdn.digitaloceanspaces.com/contestsmain/mr1zim69b5c70dce26dp2u4ck9/t3hdlvn8ef.png
American Humane Society Dream Cancún Vacation Sweepstakes 2026,https://www.tapkat.org/american-humane-society/P93mBE/rules,ilovegiveaways,Sweepstakes,2026-06-08,,,,,,,,https://ilovegiveaways.com/wp-content/uploads/2026/03/ilg-logo-350x55b-1.png
Perdue 6-7 Chicken Nuggets $882 Sweepstakes 2026,https://www.perdue.com/perdue-67-nuggets-giveaway-tiktok-official-rules,ilovegiveaways,Sweepstakes,2026-06-08,,,,,,,,https://ilovegiveaways.com/wp-content/uploads/2026/03/ilg-logo-350x55b-1.png
Shoals Technologies $70M Securities Class Action Settlement,https://www.shoalssecuritiessettlement.com/,claimdepot,Settlements,2026-06-08,Open for Claims,,$0.23 per share,Yes,,,,
HSBC Bank Savings Account Interest Class Action Settlement,https://cw.simpluris.com/docs/public/downloads/HCC1/CLAIM_FORM,claimdepot,Settlements,2026-06-08,Open for Claims,,$10 or more,,,,,
Delta Faucet x BEHR “Bathroom Remodel” Sweepstakes,https://www.deltafaucet.com/giveaways,freebieshark,Sweepstakes,2026-06-09,,,,,,,,https://www.deltafaucet.com/themes/custom/delta_theme/logo.svg
Possible FREE Pure & Cimple Product Testing,https://pureandcimpleinsiders.com/p/18046,freebieshark,Freebies,2026-06-09,,,,,,,,https://res.cloudinary.com/crowdly/image/upload/v1775246295/production_aps/rak5jnsj8dv11ljv4zoc.png
Mall of America Summer Mystery Card Sweepstakes - $231K+ in Prizes,https://www.mallofamerica.com/mystery,sweepsadvantage,Sweepstakes,2026-06-09,,,,,,,,https://www.mallofamerica.com//sites/default/files/2026-06/MOA_Summer%2026%20Mystery%20Prizes_Landing%20Hero.jpg
Undercover Tourist’s Bring on Summer Universal Orlando Resort Giveaway,https://www.undercovertourist.com/giveaway/?gsr=JuYcr-9eexaZSKRL,sweetiessweeps,Sweepstakes,2026-06-09,,,,,,,,
Beauty from Bees Giveaway - 24 Winners,https://beautyfrombees.us/pages/entertowin,sweepsadvantage,Sweepstakes,2026-06-09,,,,,,,,http://beautyfrombees.us/cdn/shop/files/BFB-LOGO-medium-size.png?height=628&pad_color=f9f8f6&v=1676920753&width=1200
Big Concert at The Big House Sweepstakes,https://app.wyng.com/6a18a3a40520bddfde8400ee,sweepsadvantage,Sweepstakes,2026-06-09,,,,,,,,https://s3.amazonaws.com/com.offerpop.services.media/images/media/69a70d62a1bdb2db576f1888/6a26dc0b32f317e775b1b578.PNG
Tunespeak Adam Chaffins Giveaway,https://www.tunespeak.com/campaign/6a1f07183daeef0001ef82e5,sweepsadvantage,Sweepstakes,2026-06-09,,,,,,,,
Summer With Smorgie Week 3: Center Bundle and 1 Year of ESG Sweepstakes,https://sweepwidget.com/c/100137-29xglw1s,sweepsadvantage,Sweepstakes,2026-06-09,,,,,,,,https://sweepwidgethosts.fra1.cdn.digitaloceanspaces.com/contestsmain/bky374693843de9f9a98zqdtn4/s541k8tawq.png
Circa Resort & Casino River Cats Homestand Las Vegas Giveaway,https://river-cats-giveaway-2026.circalasvegas.com/,sweepsadvantage,Sweepstakes,2026-06-09,,,,,,,,
Macy's Fathers Day $2500 Contest,https://www.audacy.com/national/contests/enter-for-your-chance-to-win-a-2500-macy-s-gift-card-2676896853,sweepsadvantage,Sweepstakes,2026-06-09,,,,,,,,https://www.audacy.com/media-library/audacy-and-macy-s-father-s-day-contest.jpg?id=66735899&width=1200&height=600&coordinates=0%2C22%2C0%2C23
"City of Overland, Missouri, Special Deterrent Fee Settlement",https://www.overlandspecialdeterrentfeesettlement.com/list-of-people-who-paid-the-special-deterrent-fee/,claimdepot,Settlements,2026-06-09,Open for Claims,,$80,,,,,
"Riley, Pope & Laney LLC Data Breach Class Action Settlement",https://rpldatasettlement.com/,claimdepot,Settlements,2026-06-09,Open for Claims,,"Up to $2,500 plus credit monitoring",Yes,,,,
Gusto TV Father’s Day BBQ Weber Griddle Sweepstakes 2026,https://gustotv.com/mothers-day-giveaway-rules/,ilovegiveaways,Sweepstakes,2026-06-09,,,,,,,,https://ilovegiveaways.com/wp-content/uploads/2026/03/ilg-logo-350x55b-1.png
Glacier Supply Group $625K Washington Job Posting Settlement,https://epoasettlementgsg.com/,claimdepot,Settlements,2026-06-09,Open for Claims,,"$1,582.50-$5,000",Yes,,,,
$400 June Giveaway,https://sweepwidget.com/c/99776-bsfhdeoy,ultracontest,Sweepstakes,2026-06-09,,,,,,,,https://sweepwidgethosts.fra1.cdn.digitaloceanspaces.com/contestsmain/sjjrfk69fb521ca624drfkiym8/zqtysc8p2f.png
Yokohama “DCI Rolls on Yokohama” Sweepstakes (35 Winners),https://www.dciyokohamasweepstakes.com/home,freebieshark,Sweepstakes,2026-06-10,,,,,,,,
Chipotle BOGO Alert! Wear a Soccer Jersey on 6/11 & Get a FREE Entree,https://www.chipotle.com/matchday-bogo,hip2save,Freebies,2026-06-10,,,,,,,,
Curly’s Free Curly's for LIFE Sweepstakes,https://curlys.sfdbrands.com/en-us/promotions/curlys-for-life/,sweepsadvantage,Sweepstakes,2026-06-10,,,,,,,,
C4 ENERGY Hawaiian Getaway Sweepstakes,https://c4energybbtsweeps.com/Rules,sweepsadvantage,Sweepstakes,2026-06-10,,,,,,,,
Nissan Stadium Alan Jackson Sweepstakes,https://tradablebits.com/tb_app/552125560,sweepsadvantage,Sweepstakes,2026-06-10,,,,,,,,https://tradablebits.com/static/icons/tradablebits-icon256x256.png
Menage a Trois Winery Match Day Play Money Sweepstakes 2026,https://www.menageatroiswines.com/match-day-play-money-sweepstakes-rules/,ilovegiveaways,Sweepstakes,2026-06-10,,,,,,,,https://ilovegiveaways.com/wp-content/uploads/2026/03/ilg-logo-350x55b-1.png
Chat With Vera The Sacred Thread $10 Amazon Gift Card Sweepstakes 2026,https://www.chatwithvera.com/2026/06/the-sacred-thread-tv-docuseries-from.html#embedded-rules,ilovegiveaways,Sweepstakes,2026-06-10,,,,,,,,https://ilovegiveaways.com/wp-content/uploads/2026/03/ilg-logo-350x55b-1.png
"Petsense Celebrates Pet Heroes Sweepstakes 2026 with $130,000 in Prizes",https://s3.amazonaws.com/com.offerpop.services.media/images/media/689dfab7adba883c04c69c75/6a18413e17da446d6e713aea.pdf,ilovegiveaways,Sweepstakes,2026-06-10,,,,,,,,https://ilovegiveaways.com/wp-content/uploads/2026/03/ilg-logo-350x55b-1.png
Jackfir Thesis Slate Alive The Ultimate Father's Day Giveaway,https://sweepwidget.com/c/100025-yuzt3s6g,sweepsadvantage,Sweepstakes,2026-06-10,,,,,,,,https://sweepwidgethosts.fra1.cdn.digitaloceanspaces.com/contestsmain/kpkg8y63bf2c3a48783am8j4c3/zqraij2cop.png
"Peptide Critic Red, White & Blue V2 Pens 2026 Contest",https://peptidecritic.com/terms-and-conditions,ilovegiveaways,Sweepstakes,2026-06-10,,,,,,,,https://ilovegiveaways.com/wp-content/uploads/2026/03/ilg-logo-350x55b-1.png
Bradford Health $900K Data Breach Class Action Settlement,https://bradforddisputesettlement.com/Content/Documents/Claim%20Form.pdf,claimdepot,Settlements,2026-06-10,Open for Claims,,"Up to $5,000 plus medical data monitoring",,,,,
"Compex Legal Services $872,500 Data Breach Settlement",https://compexdatasettlement.com/,claimdepot,Settlements,2026-06-10,Open for Claims,,"Up to $5,000 plus a pro rata cash payment",Yes,,,,
Tree Top Win Fore Dad Golf Cart Sweepstakes 2026,https://treetop.com/tree-tops-win-fore-dad-golf-cart-giveaway-terms-and-conditions/,ilovegiveaways,Sweepstakes,2026-06-10,,,,,,,,https://ilovegiveaways.com/wp-content/uploads/2026/03/ilg-logo-350x55b-1.png
"One, Two, Daddy Loves You Giveaway",https://famadillo.com/win-one-of-five-one-two-daddy-loves-you/,contestlisting,Sweepstakes,2026-06-10,August 31 at 11:59 PM,,,,,United States,,https://famadillo.com/wp-content/uploads/2026/06/9781419780912_s3.jpg
Danny Go's Volcano Adventure Giveaway,https://famadillo.com/win-one-of-five-copies-of-danny-gos-volcano-adventure/,contestlisting,Sweepstakes,2026-06-10,August 31 at 11:59 PM,,,,,United States,,https://famadillo.com/wp-content/uploads/2026/06/9781419786105_s3.jpg
Hide-And-Seek Mommy Giveaway,https://famadillo.com/win-one-of-five-hide-and-seek-mommy/,contestlisting,Sweepstakes,2026-06-10,August 31 at 11:59 PM,,,,,United States,,https://famadillo.com/wp-content/uploads/2026/06/Hide-And-Seek-Mommy-.jpg
Wear Your Flip-Flops to Score a FREE Smoothie on 6/17,https://www.tropicalsmoothiecafe.com/blog/tropical-smoothie-cafe-celebrates-national-flip-flop-day-with-free-smoothies-june-17-3/,hip2save,Freebies,2026-06-11,,,,,,,,https://d1yg02isjcwtyb.cloudfront.net/wp-content/uploads/2022/07/Sunrise_Sunset_On_Beach_With_Logo.png
FREE FidoTabby Alert Pet ID Tag (Includes QR Code w/ Automatic Alerts!),https://www.fidoalert.com/4th-of-july,hip2save,Freebies,2026-06-11,,,,,,,,https://cdn.prod.website-files.com/620597c4cc366eaef55892c3/6a1dc5204b3b20cfa28fe385_Open%20graph.png
Great American Water “Roadtrip” Sweepstakes,https://www.unitedbynature.eco/campaigns/water,freebieshark,Sweepstakes,2026-06-11,,,,,,,,https://cdn.prod.website-files.com/69b99b3037a969e668831bd0/69b99b3037a969e668831e4f_OpenGraph.png
2026 Packers Father’s Day Sweepstakes - 6 Winners,https://packers.wyng.com/69fa42bf049efdbdf26b242d,sweepsadvantage,Sweepstakes,2026-06-11,,,,,,,,https://s3.amazonaws.com/com.offerpop.services.media/images/media/69df9ae0c16b3eb421dd3264/6a21f811e9d2d67ebd5d3774.PNG
Tunespeak Flyaway Bring Me The Horizon at Outbreak Festival Sweepstakes,https://www.tunespeak.com/campaign/6a0b7e9506f4eb000199d55a,sweepsadvantage,Sweepstakes,2026-06-11,,,,,,,,
$31.5M Flagstar Bank data breach class action settlement,https://flagstarsettlement.pnclassaction.com/,topclassactions,Settlements,2026-06-11,,,,,,,,
Mobil 1 AutoZone National Promotion Sweepstakes - 20 Winners,https://www.mobil1.com/fastfuriousaz,sweepsadvantage,Sweepstakes,2026-06-11,,,,,,,,
All Americans Vote Groceries on Us Sweepstakes,https://www.allamericans.org/groceries,ultracontest,Sweepstakes,2026-06-11,,,,,,,,http://static1.squarespace.com/static/6923dfe65152d050bdac1b21/t/69264af2637b0319a89c07a1/1764117234932/AAV_Submark_Black.png?format=1500w
Woot! Weekly Giveaway - 3 Winners,https://forums.woot.com/t/giveaway-enter-by-6-15-2026-noon-ct/2407210,sweepsadvantage,Sweepstakes,2026-06-11,,,,,,,,https://us1.discourse-cdn.com/woot/original/4X/0/2/d/02dc8b344adf2ec0010b02affebdd25703288f43.png
CR&R Environmental Services $500K Data Breach Settlement,https://crrdatasettlement.com/,claimdepot,Settlements,2026-06-11,Open for Claims,,"Up to $5,000 plus credit monitoring",,,,,
Hillcrest Convalescent Center Data Breach Settlement,https://hccdatasettlement.com/,claimdepot,Settlements,2026-06-11,Open for Claims,,"Up to $2,500 plus credit monitoring",No,,,,
Calverton Park $425K Vehicle Towing Class Action Settlement,https://www.calvertonparkclassaction.com/,claimdepot,Settlements,2026-06-11,Open for Claims,,Varies,Yes,,,,
Flex-N-Gate $3M Employee Overtime Class Action Lawsuit,https://flexngatewagesettlement.com/wp-content/uploads/2026/06/Settlement-Agreement-Fully-Executed.pdf,claimdepot,Settlements,2026-06-11,Open for Claims,,Varies,,,,,
"Wright Brothers Construction $500,000 Data Breach Settlement",https://wbccsettlement.com/,claimdepot,Settlements,2026-06-11,Open for Claims,,"Up to $4,767 plus credit monitoring",,,,,
Where to Find Free & Cheap Movies for Kids This Summer,https://www.cinemark.com/series-events-info-pages/summer-movie-clubhouse,hip2save,Freebies,2026-06-12,,,,,,,,
Enterprise “On Every Corner” Sweepstakes,https://www.oneverycorner.com/,freebieshark,Sweepstakes,2026-06-12,,,,,,,,https://www.oneverycorner.com/assets/og-cup.jpg
"Ecklers “$12,000 Summer” Sweepstakes",https://www.ecklers.com/seasonal-sale.html,freebieshark,Sweepstakes,2026-06-12,,,,,,,,
TLC Summer Cash Giveaway,https://www.tlc.com/sweepstakes/summer-cash,sweepsadvantage,Sweepstakes,2026-06-12,,,,,,,,
Food Network Summer Cash Giveaway,https://www.foodnetwork.com/sponsored/sweepstakes/summer-cash,sweepsadvantage,Sweepstakes,2026-06-12,,,,,,,,
Tunespeak Luke Bryan At Bridgestone Arena In Nashville Flyaway Sweepstakes,https://www.tunespeak.com/campaign/6a0cc8cd06f4eb000199dcf5,sweepsadvantage,Sweepstakes,2026-06-12,,,,,,,,
Cunard's Queen Mary 2 Transatlantic Crossing Sweepstakes,https://cunardcrossinggiveaway.com/,ultracontest,Sweepstakes,2026-06-12,,,,,,,,https://cunard-250th-stage-assets.s3.amazonaws.com/assets/images/socialshare.jpg
AMD x DOCKED Sweepstakes - 101 Winners,https://www.amdgaming.com/sweepstakes/docked-sweepstakes,sweepsadvantage,Sweepstakes,2026-06-12,,,,,,,,https://d178rirzmwqq72.cloudfront.net/85264286-9002-443a-9342-bddc3c2af369/uploads/1432bbb7-e714-4652-aa32-9de5e32bb44f.png
Win the Ultimate Cooldown Cruise Sweepstakes,https://app.wyng.com/nova-natural-summer-sweepstakes-2026,ultracontest,Sweepstakes,2026-06-12,,,,,,,,https://s3.amazonaws.com/com.offerpop.services.media/images/media/5a33f04b4015092bb0348d27/69f9f244c3ebbad8c6cd0b80.PNG
"Hilton Honors 500,000 Points Sweepstakes 2026",https://images.prod.fooji.com/original/organizations/267/campaigns/3544/published/click_here_for_official_rules-70fd3e5.pdf,ilovegiveaways,Sweepstakes,2026-06-12,,,,,,,,https://ilovegiveaways.com/wp-content/uploads/2026/03/ilg-logo-350x55b-1.png
TaylorMade R7 Collection Sweepstakes,https://www.taylormadegolf.com/r7-collection-giveaway-2026.html,sweepsadvantage,Sweepstakes,2026-06-12,,,,,,,,
Famadillo Gnome On The Roam Family Adventure Kit Giveaway,https://famadillo.com/win-1-of-2-my-gnome-on-the-roam-family-adventure-kits/,sweepsadvantage,Sweepstakes,2026-06-12,,,,,,,,https://famadillo.com/wp-content/uploads/2026/06/gnome.jpg
Caletti Cycles Sweepstakes,https://caletticycles.com,sweepsadvantage,Sweepstakes,2026-06-12,,,,,,,,
"Berman & Rabin $980,000 Data Breach Class Action Settlement",https://bermanrabinsettlement.com/,claimdepot,Settlements,2026-06-12,Open for Claims,,"Up to $3,500 plus credit mointoring",No,,,,
KYB Americas Data Breach Class Action Settlement,https://kybdatasettlement.com/,claimdepot,Settlements,2026-06-12,Open for Claims,,"Up to $5,400 plus credit monitoring",No,,,,
Columbus Regional Health Website Privacy Settlement,https://cw.simpluris.com/docs/public/downloads/BEC/CLAIM_FORM,claimdepot,Settlements,2026-06-12,Open for Claims,,$25.50 and privacy monitoring,,,,,
"Skyline Apartments $800,000 Tenant Class Action Settlement",https://www.skylinesyracusesettlement.com/Content/Docs/Settlement%20Agreement%20and%20Release.pdf,claimdepot,Settlements,2026-06-12,Open for Claims,,Varies based on months of residency,,,,,
Now Foods “Start Now” Sweepstakes,https://www.nowfoods.com/healthy-living/now-wellness-experts,freebieshark,Sweepstakes,2026-06-13,,,,,,,,
Spirit Halloween “VIP Grand Opening” Sweepstakes,https://m.cmpgn.page/HwqpG7,freebieshark,Sweepstakes,2026-06-13,,,,,,,,
UnitedByNature Great American Water Roadtrip Sweepstakes - 3 Winners,https://www.unitedbynature.eco/campaigns/water#van-sign-up,sweepsadvantage,Sweepstakes,2026-06-13,,,,,,,,https://cdn.prod.website-files.com/69b99b3037a969e668831bd0/69b99b3037a969e668831e4f_OpenGraph.png
Pardon My Fro and Anwuli Eyewear Sweepstakes - 2 Winners,https://manage.kmail-lists.com/subscriptions/subscribe?a=Kg6SXJ&g=Usak32,sweepsadvantage,Sweepstakes,2026-06-13,,,,,,,,
BMW shark-fin antenna class action settlement,https://forms.ksacms.com/efiling/fr/eform/craftvbmw_claimform/new?form-version=1&#038;fr-wizard-page=section-1,topclassactions,Settlements,2026-06-13,,,,,,,,
Kodiak Canvas Biggest Fan Sweepstakes - 20 Winners,https://docs.google.com/forms/d/e/1FAIpQLScIXUiXxEpRElTSd2UL2jO2ZpJwSNdWPNYlQJIWhZp6ZSambw/viewform,sweepsadvantage,Sweepstakes,2026-06-13,,,,,,,,
Island Records Bob Marley Vinyl Collection Sweepstakes 2026,https://ugc-image.mira.umusic.com/api/public/assets/asset/0b4e73d5-3178-49ff-96fc-def4f3f50093/pdf,ilovegiveaways,Sweepstakes,2026-06-13,,,,,,,,https://ilovegiveaways.com/wp-content/uploads/2026/03/ilg-logo-350x55b-1.png
Port Royal Ocean Resort 2026 Photo/Video Contest - 3 Winners,https://port-royal.com/giveaway-2026/,sweepsadvantage,Sweepstakes,2026-06-13,,,,,,,,
Hard Rock Games $1 Million Dollar Giveaway,https://www.hardrockgames.com/giveaways/1-million-dollar-giveaway/,sweepsadvantage,Sweepstakes,2026-06-13,,,,,,,,https://www.hardrockgames.com/wp-content/uploads/2026/05/LuckyLaunch_Giveaway-Gallery_.png
City of Chicago $1.43M Vehicle Towing Class Action Settlement,https://chicagotowlawsuit.com/media/7011370/long_form_notice.pdf,claimdepot,Settlements,2026-06-13,Open for Claims,,"Up to $1,250",,,,,
Anthem Blue Cross Prescription Drug Denials Settlement,https://www.grandfatheredrxsettlement.com/File-Your-Claim/PageControl/Authentication,claimdepot,Settlements,2026-06-13,"November 10, 2026",,Reimbursement of eligible out-of-pocket expenses,,,,,
44 Farms “Angus Steaks Ultimate 4th of July” Giveaway,https://www.44steaks.com/pages/ultimate-4th-of-july-giveaway-2026?code=x9urjg,freebieshark,Sweepstakes,2026-06-14,,,,,,,,http://www.44steaks.com/cdn/shop/files/hero-slider-1-bak.webp?v=1743518475&width=2048
Ole Your Day the Futbol Way Sweepstakes,https://www.matchdayole.com/home,ultracontest,Sweepstakes,2026-06-14,,,,,,,,
Breeders Cup 2026 Breeders Cup Bound Sweepstakes,https://www.breederscup.com/contest,ultracontest,Sweepstakes,2026-06-14,,,,,,,,
Laconia Harley $1K Shopping Spree Giveaway,https://laconiaharley.com/lmw1kshoppingspreegiveaway,sweepsadvantage,Sweepstakes,2026-06-14,,,,,,,,
"The Niche $10,000 No Essay Summer Scholarship Sweepstakes",https://www.niche.com/colleges/scholarships/10k-no-essay-scholarship-202607/,ultracontest,Sweepstakes,2026-06-14,,,,,,,,
SugarBee Apple Seattle Mariners Sweepstakes - 5 Winners,https://sugarbee-apples.myklpages.com/l/TqFp8k,sweepsadvantage,Sweepstakes,2026-06-14,,,,,,,,
PoolAndSpa.com 2026 Liberty Spas LYS6000 Hot Tub Contest,https://www.poolandspa.com/page4002.htm,ilovegiveaways,Sweepstakes,2026-06-14,,,,,,,,https://ilovegiveaways.com/wp-content/uploads/2026/03/ilg-logo-350x55b-1.png
"NEW Disney+ Perks: $10 Off Moana Tickets, Free Popcorn & More",https://www.regmovies.com/regal-crown-club,hip2save,Freebies,2026-06-16,,,,,,,,
FREE Made by Dentist Sticker Pack + More,https://www.madebydentists.com/pages/anti-cavity,freebieshark,Freebies,2026-06-16,,,,,,,,http://www.madebydentists.com/cdn/shop/files/mbdlogotransparent.png?v=1652350719
Stuff Your Kindle w/ Hundreds of FREE eBooks,https://www.amazon.com/s?k=stuff+your+kindle+day+free&s=exact-aware-popularity-rank&qid=1781555554&ds=v1%3ArDdZfK1Lb9pfvus59wcj%2BbikIQ4HlFJZ7mz9ZUMDdrI&linkCode=ll2&tag=wwwhip2saveco-20&linkId=31ad0621bd0fab6b4e0a1d363c101852&language=en_US&ref_=as_li_ss_tl,hip2save,Freebies,2026-06-16,,,,,,,,
FREE 3-Months of Audible for Amazon Prime Members (Reg. $27),https://www.amazon.com/hz/audible/arya/mlp?purchaseType=STANDARD_MTRIAL&linkCode=ll2&tag=hip2saveexclusive-20&linkId=be7e624fd84f8eba0050775f42fcdca4&language=en_US&ref_=as_li_ss_tl,hip2save,Freebies,2026-06-16,,,,,,,,
Lands’ End - Data Breach Class Action Settlement,https://landsenddatasettlement.com/,classaction,Settlements,2026-06-16,,10/22/26,"$60 - $5,000",No,,,You may be included in this settlement if your information was compromised in the December 2024 Lands’ End data breach.,
The Management Association - Data Breaches Class Action Settlement,https://mradatasettlement.com/,classaction,Settlements,2026-06-16,,10/7/26,Varies,No,,,You may be included in this settlement if your personal information was potentially exposed in a data breach affecting The Management Association in July 2023 or January 2024.,
"NBC Win Like a Warrior Sweepstakes ($10,000 Cash Prizes)",https://www.nbc.com/american-ninja-warrior/exclusives/win-like-a-warrior-sweepstakes,sweetiessweeps,Sweepstakes,2026-06-16,,,,,,,,http://www.nbc.com/generetic/images/nbc_logo_og.jpg
Coca-Cola America250 Presidents Cup Experience Sweepstakes,https://web.witcontests.com/pgatour/sweepstakes/win/america250-260612,sweetiessweeps,Sweepstakes,2026-06-16,,,,,,,,"https://web.witcontests.com/cdn-img/width=854,quality=80/https://s3.amazonaws.com/wit-challenge-assets-prod/share-images/284-9e783255-cafb-40b9-bf59-4308e02c0734.png"
Tunespeak 2 Passes To See Destin Conrad Sweepstakes,https://www.tunespeak.com/campaign/6a04ad4e06f4eb000199a9c9,sweepsadvantage,Sweepstakes,2026-06-16,,,,,,,,
Gay NYC Dad Blog $10 TJMaxx/Marshalls/HomeGoods eGift Card Giveaway,https://www.gaynycdad.com/2026/06/10-tjmaxx.html,sweepsadvantage,Sweepstakes,2026-06-16,,,,,,,,
Columbus Regional Health - Data Privacy Class Action Settlement,https://columbusregionalsettlement.com/,classaction,Settlements,2026-06-16,,9/19/26,$25.50,No,,,"This settlement covers current and former patients of Columbus Regional Health who completed a registration for access to their electronic records between November 1, 2017 and June 30, 2022.",
Holiday World & Splashin' Safari New Drone Show Ticket Giveaway,https://sweepwidget.com/c/100236-oy2p8z6h,sweepsadvantage,Sweepstakes,2026-06-16,,,,,,,,https://sweepwidgethosts.fra1.cdn.digitaloceanspaces.com/contestsmain/39183/xrsfoyg91n.png
Wheel of Fortune Fan Day Fun Days Sweepstakes,https://www.wheeloffortune.com/win/fanday-funday/rules,sweepsadvantage,Sweepstakes,2026-06-16,,,,,,,,
Global Messi Hard Rock Promotion 2026 Sweepstakes - 315 Winners,https://www.hardrockmessisweepstakes.com/home,sweepsadvantage,Sweepstakes,2026-06-16,,,,,,,,
Gathrd In Full Bloom Giveaway - $2500 in Prizes,https://app.viralsweep.com/sweeps/full/316d77-226377,sweepsadvantage,Sweepstakes,2026-06-16,,,,,,,,
Book Throne Non Fiction Reader Giveaway,https://www.bookthrone.com/non-fiction-reader-giveaway#f2074396,sweepsadvantage,Sweepstakes,2026-06-16,,,,,,,,"https://static.wixstatic.com/media/d958ad_2302afa2ea4f4f25adf3116610fe3a59~mv2.png/v1/fill/w_1200,h_628,al_c/d958ad_2302afa2ea4f4f25adf3116610fe3a59~mv2.png"
$3.3M Mt. Baker Imaging and Northwest Radiologists data breach class action settlement,https://mtbakerdatasettlement.pnclassaction.com/,topclassactions,Settlements,2026-06-16,,,,,,,,
The Red Bull Jukebox DFW Sweepstakes,https://www.redbull.com/us-en/projects/jukeboxtrivia-contest,ultracontest,Sweepstakes,2026-06-16,,,,,,,,
Raised Rowdy X Xroads41 Ultimate Vip Giveaway,https://sweepwidget.com/c/99672-2t0biwk9,sweepsadvantage,Sweepstakes,2026-06-16,,,,,,,,https://sweepwidgethosts.fra1.cdn.digitaloceanspaces.com/contestsmain/lmfska6a10ac58a505dnw93ji8/hokap72xu1.png
Las Vegas Grand Prix Ticket $3M Class Action Settlement,https://www.lvgp2023ticketsettlement.com/pdf/CLAIM-FORM.pdf,claimdepot,Settlements,2026-06-16,"August 27, 2026",,Varies,Yes,,,,
Heineken US Open Instant Win Game - 102 Winners,https://www.heineken.com/us/en/promos/usopensweeps,sweepsadvantage,Sweepstakes,2026-06-16,,,,,,,,
Vintage Wine Estates Securities Class Action Settlement,https://vintagewinesecuritiessettlement.com/,claimdepot,Settlements,2026-06-16,"October 9, 2026",,$0.50 per share,Yes,,,,
Heineken New York Mets Instant Win Sweepstakes - 60 Winners,https://www.heineken.com/us/en/promos/nymets?/,sweepsadvantage,Sweepstakes,2026-06-16,,,,,,,,
Crimson Wine Group $637K Data Breach Class Action Settlement,https://cw.simpluris.com/docs/public/downloads/CKA1/CLAIM_FORM,claimdepot,Settlements,2026-06-16,Open for Claims,,"Up to $5,000 plus credit monitoring",,,,,
Sparkling Ice Caffeine “Summer Road Trip” Sweepstakes (21 Winners),https://sparklingicesummerroadtrip.com/,freebieshark,Sweepstakes,2026-06-17,,,,,,,,
PowerNation EBC Brakes Mobile Simulator Sweepstakes,https://ebcbrakes.powernationtv.com/,sweepsadvantage,Sweepstakes,2026-06-17,,,,,,,,https://res.cloudinary.com/viralsweep/image/upload/v1781099693/a9pximyaeorkdydhsk4q.jpg
Premier Guitar Pickup Party 2026 Giveaway Week 2,https://www.premierguitar.com/win-stuff/pg-giveaways/pickup-party-2026-lollar-monolith,sweepsadvantage,Sweepstakes,2026-06-17,,,,,,,,https://www.premierguitar.com/media-library/image-promoting-a-weekly-giveaway-of-lollar-guitar-pickups-for-a-pickup-party.png?id=66880112&width=1200&height=600&coordinates=0%2C52%2C0%2C52
Scotland Vacation Giveaway Sweepstakes,https://www.dojomojo.com/landing/campaign/85db819a-a8ad-4472-b487-0cee25696136,sweepsadvantage,Sweepstakes,2026-06-17,,,,,,,,http://dojomojo-brand-logos.s3.amazonaws.com/campaign-images/c1f73d2f-043d-44d5-9b66-5e6ae48c2579/main.png
She Speaks Armor All Giveaway,https://shespeaks.com/Give-the-Gift-of-a-Spring-Clean-Season,sweepsadvantage,Sweepstakes,2026-06-17,,,,,,,,
Cicatricure Summer Glow Sweepstakes,https://tmi-sweepstakes.lovable.app/cicatricure-summer-glow-sweepstakes?,sweepsadvantage,Sweepstakes,2026-06-17,,,,,,,,https://pub-bb2e103a32db4e198524a2e9ed8f35b4.r2.dev/7020397b-1ee5-40f5-8cd6-6ce19ff79bcc/id-preview-e34f3d37--ce3c4f8f-a982-4ca4-8e6a-f2853ea91c81.lovable.app-1781306180187.png
Amazon Haul $5K Sweepstakes,https://www.amazon.com/haul/store,sweepsadvantage,Sweepstakes,2026-06-17,,,,,,,,
Chip Miller Amyloidosis Foundation Auto & Cash Giveaway,https://www.tapkat.org/chip-miller-amyloidosis-foundation/N9PbJE,sweepsadvantage,Sweepstakes,2026-06-17,,,,,,,,
Auburn Cord Duesenberg Automobile Museum Auto & Cash Giveaway,https://www.tapkat.org/auburn-cord-duesenberg-automobile-museum/R9KqGE,sweepsadvantage,Sweepstakes,2026-06-17,,,,,,,,
Infanta Montessori School of New Jersey Auto & Cash Giveaway,https://www.tapkat.org/infanta-montessori-school-of-new-jersey/xEe3M9,sweepsadvantage,Sweepstakes,2026-06-17,,,,,,,,
Mustang Club of America Auto & Cash Giveaway,https://www.tapkat.org/mustang-club-of-america/dEr8o9,sweepsadvantage,Sweepstakes,2026-06-17,,,,,,,,
"American Legion, Dept of MD Auto & Cash Giveaway",https://www.tapkat.org/american-legion-dept-of-md/49ovbk,sweepsadvantage,Sweepstakes,2026-06-17,,,,,,,,
Shelby American Automobile Club Foundation Auto & Cash Giveaway,https://www.tapkat.org/shelby-american-automobile-club-foundation/jkY2W9,sweepsadvantage,Sweepstakes,2026-06-17,,,,,,,,
Merkle Pack a Snacktime Friend Instant Win Game Sweepstakes - 379 Winners,https://www.backtoschoolsnacks.com/login,sweepsadvantage,Sweepstakes,2026-06-17,,,,,,,,
Allina Health $12.5M Pixel Tracking Class Action Settlement,https://www.allinapixelsettlement.com/wp-content/uploads/2026/06/Dist.Minn_._0-24-cv-03674_56_2.pdf,claimdepot,Settlements,2026-06-17,Open for Claims,,Pro rata share,,,,,
California Automobile Museum Auto & Cash Giveaway,https://www.tapkat.org/california-automobile-museum/N9P009,sweepsadvantage,Sweepstakes,2026-06-17,,,,,,,,
Ethel’s Baking & Love Me Gluten Free $200 Gluten-Free Prize Giveaway,https://sweepwidget.com/c/100373-8br3vq1c/81w7uw-100373,ilovegiveaways,Sweepstakes,2026-06-17,,,,,,,,https://ilovegiveaways.com/wp-content/uploads/2026/03/ilg-logo-350x55b-1.png
The T-Mobile Tuesdays Week #524 Sweepstakes,https://amoe.t-mobiletuesdays.com/Promotion/Prizes?contestKey=20260616_DeltaandHilton,ultracontest,Sweepstakes,2026-06-17,,,,,,,,
MS Solutions Auto & Cash Giveaway,https://www.tapkat.org/ms-solutions/69MQJ9,sweepsadvantage,Sweepstakes,2026-06-17,,,,,,,,
Urban One $675K Data Breach Class Action Settlement,https://cw.simpluris.com/docs/public/downloads/UKC1/CLAIM_FORM,claimdepot,Settlements,2026-06-17,Open for Claims,,"Up to $10,000 plus credit monitoring",,,,,
Saratoga Automobile Museum Auto & Cash Giveaway,https://www.tapkat.org/saratoga-automobile-museum/1Ebz3E,sweepsadvantage,Sweepstakes,2026-06-17,,,,,,,,
Essie “The Style Icon” Sweepstakes (5 Winners),https://www.essie.com/sweepstakes,freebieshark,Sweepstakes,2026-06-18,,,,,,,,
North Canna Camping Summer of Grass Giveaway Sweepstakes,https://app.viralsweep.com/sweeps/full/aef491-227421?framed=1,sweepsadvantage,Sweepstakes,2026-06-18,,,,,,,,
Sweets and Savory All-Clad Nonstick Skillet Trio Sweepstakes,https://sweeps.sweetsandsavory.com/sweeps/all-clad-hai-expert-nonstick-3-piece-skillet-set,sweepsadvantage,Sweepstakes,2026-06-18,,,,,,,,
Jake's Fireworks Shopping Spree 2026 Contest - 5 Winners,https://www.jakesfireworks.com/contest/,sweepsadvantage,Sweepstakes,2026-06-18,,,,,,,,
Airheads Impoolsible $50K Sweepstakes,https://rules.rtm.com/content/airheadsimpoolsiblesweeps/en/officialrules.pdf,sweepsadvantage,Sweepstakes,2026-06-18,,,,,,,,
$35M Labcorp data breach class action settlement,https://forms.ksacms.com/efiling/fr/eform/amcadatabreachsettlement83395_claimform/new?form-version=1&#038;fr-wizard-page=section-1,topclassactions,Settlements,2026-06-18,,,,,,,,
People Win the Stacks and Stripes Sweepstakes - 20 Winners,https://people.com/sweepstakes/entry?sweepId=ppl-app-bestof-eo,sweepsadvantage,Sweepstakes,2026-06-18,,,,,,,,
PEOPLE Kitchen Restock Sweepstakes – Win $150 in Food Awards 2026,https://www.people.com/sweepstakes/entry?brandId=people&sweepId=ppl-app-khloek-eo&anchor=rules,ilovegiveaways,Sweepstakes,2026-06-18,,,,,,,,https://ilovegiveaways.com/wp-content/uploads/2026/03/ilg-logo-350x55b-1.png
AOD Federal Credit Union $750K Data Breach Settlement,https://aodfcudataincidentsettlement.com/Content/Documents/AOD%20Claim%20Form_Update%20no%20Mail%20ID.pdf,claimdepot,Settlements,2026-06-18,Open for Claims,,"Up to $5,000 plus credit monitoring",,,,,
People’s Screen-Free Yoto Sweepstakes,https://people.com/sweepstakes/entry?sweepId=ppl-app-parents-yoto-eo,sweepsadvantage,Sweepstakes,2026-06-18,,,,,,,,
Passport to Tropics Sweepstakes,https://triptothetropics.com/,sweepsadvantage,Sweepstakes,2026-06-18,,,,,,,,
Pope & Pena Father's Day Meat Box Giveaway - 4 Winners,https://sweepwidget.com/c/100391-rjt03l9c,sweepsadvantage,Sweepstakes,2026-06-18,,,,,,,,https://sweepwidgethosts.fra1.cdn.digitaloceanspaces.com/contestsmain/dg65w5690379738549ajslyw77/c7hirnz8q6.png
Dream Van Build + $20k Cash Sweepstakes,https://vanlife.us/,sweepsadvantage,Sweepstakes,2026-06-18,,,,,,,,http://vanlife.us/cdn/shop/files/vanlifelogo_small_2c08f45f-3ea7-4ccb-92be-88aba262901b.png?v=1741747281
Calibrated Healthcare Systems $1.75M Data Breach Settlement,https://www.calibratedsettlement.com/,claimdepot,Settlements,2026-06-18,Open for Claims,,Varies,Yes,,,,
Aldan American Father’s Day Suspension Giveaway,https://sweepwidget.com/c/100296-65dknfsz,sweepsadvantage,Sweepstakes,2026-06-18,,,,,,,,https://sweepwidgethosts.fra1.cdn.digitaloceanspaces.com/contestsmain/w402h768eed351c2d03rsy1en6/srpgewz9d4.png
People Magazine “Pantry Restock” Sweepstakes (10 Winners),https://people.com/sweepstakes,freebieshark,Sweepstakes,2026-06-19,,,,,,,,
Crate and Barrel “The Bear” Sweepstakes,https://www.crateandbarrel.com/th...weepstakes,freebieshark,Sweepstakes,2026-06-19,,,,,,,,
Mr. Clean “Everything Shower” Sweepstakes (100 Winners),https://www.mrclean.com/en-us/everythingshower,freebieshark,Sweepstakes,2026-06-19,,,,,,,,https:undefined
Verizon Up Rewards Is Now Verizon Shine – Celebrate w/ Daily Freebies & More,https://www.verizon.com/shop/consumer-guides/verizon-loyalty-program/#what-is-verizon-shine,hip2save,Freebies,2026-06-19,,,,,,,,https://ss7.vzw.com/is/image/VerizonWireless/male-hipster-with-headphones-and-smartphone-outdoors?scl=1
NASCAR Cup Series 2026 In-Season Bracket Challenge Sweepstakes,https://fantasygames.nascar.com/in-season-challenge/,sweepsadvantage,Sweepstakes,2026-06-19,,,,,,,,
AMC Theaters Ultimate IMAX Experience Sweepstakes,https://www.amctheatres.com/giveaway/ultimate-imax-experience-sweepstakes?rel=toy-story-5-72482_giveaway_amc_promo,sweepsadvantage,Sweepstakes,2026-06-19,,,,,,,,
2026 Dedicated Dawgs Sweepstakes - 11 Winners,https://ClevelandBrowns.com/CCM,sweepsadvantage,Sweepstakes,2026-06-19,,,,,,,,"https://web.witcontests.com/cdn-img/width=854,quality=80/https://s3.amazonaws.com/wit-challenge-assets-prod/share-images/43-083aa5a6-5ed6-499e-8eaf-277fc5e6d7e4.png"
The Volt Plus Fuel Your Mojo Getaway Sweepstakes,https://fuelyourmojosweepstakes.com/,ultracontest,Sweepstakes,2026-06-19,,,,,,,,
Steamy Kitchen Dunkin Instant Win Game,https://steamykitchen.com/255110-15-dunkin-gift-card-instant-win.html,sweepsadvantage,Sweepstakes,2026-06-19,,,,,,,,https://steamykitchen.com/wp-content/uploads/2026/03/15-Dunkin-Gift-Card-Instant-Win.png
Gorilla Glue Backyard Giveaway Sweepstakes,https://app.viralsweep.com/sweeps/full/7ad9bd-227230,sweepsadvantage,Sweepstakes,2026-06-19,,,,,,,,
Suites of Lava Hot Springs Spotlight Series Giveaway,https://sweepwidget.com/c/100222-wd0uoaxg,sweepsadvantage,Sweepstakes,2026-06-19,,,,,,,,https://sweepwidgethosts.fra1.cdn.digitaloceanspaces.com/contestsmain/5s562f68a90e2d41638o43dbc6/o391jfeswk.jpg
MassMutual Grand Slam Giveaway Sweepstakes - 146 Prizes,https://massmutualgiveaway2026.dja.com/#,sweepsadvantage,Sweepstakes,2026-06-19,,,,,,,,
Brushe Law Happy Father’s Day Visa Gift Card Giveaway,https://sweepwidget.com/c/100307-rgtp7bdo,sweepsadvantage,Sweepstakes,2026-06-19,,,,,,,,https://sweepwidgethosts.fra1.cdn.digitaloceanspaces.com/contestsmain/kh44j266214e9bb9aa0iy6edd7/rdc246yql1.png
Universal Studios Summer 2026 Sweepstakes,https://cloud.m3.universalstudios.com/summersweeps2026_social_email_sweeps_form,sweepsadvantage,Sweepstakes,2026-06-19,,,,,,,,
Fluval Kühl Microscaping Kit Contest 2026 – Win 1 of 5 Kits,https://fluvalaquatics.com/us/terms-and-conditions,ilovegiveaways,Sweepstakes,2026-06-19,,,,,,,,https://ilovegiveaways.com/wp-content/uploads/2026/03/ilg-logo-350x55b-1.png
Oklahoma Joe’s Pretend Play Smoker Contest 2026 – $79 Value,https://giveawaytools2.com/tos.php,ilovegiveaways,Sweepstakes,2026-06-19,,,,,,,,https://ilovegiveaways.com/wp-content/uploads/2026/03/ilg-logo-350x55b-1.png
WaterStreet Co. Data Breach Class Action Settlement,https://cw.simpluris.com/docs/public/downloads/WAC1/CLAIM_FORM,claimdepot,Settlements,2026-06-19,Open for Claims,,"Up to $3,000 and/or credit monitoring",,,,,
Okanogan Behavioral Healthcare Data Breach Settlement,https://cw.simpluris.com/docs/public/downloads/ODC2/LONG_FORM_NOTICE,claimdepot,Settlements,2026-06-19,Open for Claims,,"Up to $5,300 plus credit monitoring",,,,,
Gozney x Tonester “Pizza Oven Package” Sweepstakes,https://www.opumo.com/competitions/win-the-ultimate-gozney-tonester-pizza-oven-package,freebieshark,Sweepstakes,2026-06-20,,,,,,,,
Golf Pride Golf Grip Taylormade Giveaway,https://www.golfpride.com/us/en-us/taylormade-giveaway.html,sweepsadvantage,Sweepstakes,2026-06-20,,,,,,,,
SteamyKitchen Instant Pot Duo 7-in-1 Mini Electric Pressure Cooker Giveaway,https://steamykitchen.com/255336-instant-pot-duo-7-in-1-mini-electric-pressure-cooker-giveaway.html,sweepsadvantage,Sweepstakes,2026-06-20,,,,,,,,https://steamykitchen.com/wp-content/uploads/2026/05/Instant-Pot-Duo-7-in-1-Mini-Electric-Pressure-Cooker-Giveaway.png
"Nestlé Toll House – Kick-Off Summer (1,000 Winners)",https://kick-off-summer-sweepstakes.prod.fooji.com/,sweetiessweeps,Sweepstakes,2026-06-20,,,,,,,,https://images.prod.fooji.com/original/preview_image.webp
Heineken Heinz Soccer Jersey Instant Win Game (100 Prizes),https://www.heineken.com/us/en/promos/heinz/,sweetiessweeps,Sweepstakes,2026-06-20,,,,,,,,
$8.25M Google Play children’s privacy class action settlement,https://forms.ksacms.com/efiling/fr/eform/COPPAPrivacyClassAction_claimform/new?form-version=1&#038;fr-wizard-page=section-1,topclassactions,Settlements,2026-06-20,,,,,,,,
Simon Media Properties Ultimate Futbol Giveaway Sweepstakes,https://theultimatefutbolgiveaway.splashthat.com/,sweepsadvantage,Sweepstakes,2026-06-20,,,,,,,,
Sideshow Collectibles Batman LED Logo Giveaway,https://www.sideshow.com/contest/lygss-batman-logo-light-giveaway,sweepsadvantage,Sweepstakes,2026-06-20,,,,,,,,
Zico Rising Ultimate Beach Giveaway- 561 Winners,https://app.viralsweep.com/sweeps/full/4bfca5-221491?framed=1,sweepsadvantage,Sweepstakes,2026-06-20,,,,,,,,
Steamy Kitchen Cupboard Cash Instant Win Game,https://steamykitchen.com/255326-cupboard-cash-instant-win.html,sweepsadvantage,Sweepstakes,2026-06-20,,,,,,,,https://steamykitchen.com/wp-content/uploads/2026/05/Cupboard-Cash-Instant-Win.png
Tillamook Summer Sweepstakes 2026 – Win a Miami Trip & Publix Gift Cards,https://tillamooksweeps.entertowinprizes.com/,ilovegiveaways,Sweepstakes,2026-06-20,,,,,,,,https://ilovegiveaways.com/wp-content/uploads/2026/03/ilg-logo-350x55b-1.png
Pug and Bulldog Count on America Needlepoint Pillow Giveaway,https://sweepwidget.com/c/100306-6zbwguy5,sweepsadvantage,Sweepstakes,2026-06-20,,,,,,,,https://sweepwidgethosts.fra1.cdn.digitaloceanspaces.com/contestsmain/md96y0687e9004ab7fcf7t5vy3/24sazfhlmq.jpeg
Lowe Boats “Fun in the Sun” Giveaway (4 Winners),https://www.loweboats.com/promotions/giveaway.html,freebieshark,Sweepstakes,2026-06-21,,,,,,,,
Mad Barn Visceral Horse Giveaway,https://madbarn.com/visceral-gut-support-contest/,sweepsadvantage,Sweepstakes,2026-06-21,,,,,,,,https://madbarn.com/wp-content/uploads/2026/05/visceral-pellets.png
Fooji Hilton Lando Points Sweepstakes,https://landopoints.prod.fooji.com/,sweepsadvantage,Sweepstakes,2026-06-21,,,,,,,,https://images.prod.fooji.com/original/preview_image.webp
Austin TX Street Taco Adventure Sweepstakes,https://giveaways.dojomojo.com/landing?promo_id=0014b048-ce07-4f13-8ad1-00ec7277921d&campaign_id=a784a6b0-aab9-4331-b968-0127b4def3fb,sweepsadvantage,Sweepstakes,2026-06-21,,,,,,,,http:
Ziegler Ag From The Field Subscriber Sweepstakes - 12 Winners,https://sweepwidget.com/c/99891-faw1ro6b,sweepsadvantage,Sweepstakes,2026-06-21,,,,,,,,https://sweepwidgethosts.fra1.cdn.digitaloceanspaces.com/contestsmain/9klpy469fb8b032c272juz9kh3/v7fo2xrh5a.png
Colgate Optic Obsessed Sweepstakes - 50 Winners,https://www.colgateopticobsessed.com/home,sweepsadvantage,Sweepstakes,2026-06-21,,,,,,,,
Woods Hole Oceanographic Institution Think Deep Sweepstakes - 8 Winners,https://www.whoi.edu/join-us/contests/think-deep-sweepstakes/,sweepsadvantage,Sweepstakes,2026-06-21,,,,,,,,https://www.whoi.edu/wp-content/uploads/2026/05/wod25-sweepstakes.png
The Bear x Crate & Barrel Sweepstakes,https://www.crateandbarrel.com/thebearsweepstakes/,ultracontest,Sweepstakes,2026-06-21,,,,,,,,
Dasani x FIFA World Cup26 Watch Party Instant Win Game and Sweepstakes,https://www.coca-cola.com/us/en/offerings/fifa-world-cup-26/dasani-watchparty-promotion,ultracontest,Sweepstakes,2026-06-21,,,,,,,,https://www.coca-cola.com/content/dam/onexp/global/icons/coca-cola-default.png
Yellowstone Select and Protect Sweepstakes,https://ab4.me/2W07,ultracontest,Sweepstakes,2026-06-21,,,,,,,,
"MacKenzie-Childs & Inns of Aurora $3,000 Resort Stay Giveaway 2026",https://www.mackenzie-childs.com/rules.html,ilovegiveaways,Sweepstakes,2026-06-21,,,,,,,,https://ilovegiveaways.com/wp-content/uploads/2026/03/ilg-logo-350x55b-1.png
DH Flag Football $100 Amazon Gift Card Giveaway,https://sweepwidget.com/c/100281-6ogxafiq,sweepsadvantage,Sweepstakes,2026-06-22,,,,,,,,https://sweepwidgethosts.fra1.cdn.digitaloceanspaces.com/contestsmain/iac7hl696d3295b9091zcirkj0/0n3lwyf971.png
Seagram’s Escapes Summer Slackers Sweepstakes - 5 Winners,https://us15.campaign-archive.com/?e=caf7649b9f&u=74fcddb1c2328036fc5bcfdc2&id=33ef7ec485,sweepsadvantage,Sweepstakes,2026-06-22,,,,,,,,
Steamy Kitchen Quick Bite Instant Win Giveaway,https://steamykitchen.com/255378-quick-bite-instant-win.html,sweepsadvantage,Sweepstakes,2026-06-22,,,,,,,,https://steamykitchen.com/wp-content/uploads/2026/06/Quick-Bite-Instant-Win.png
Colgate Optic Glow-Up Allure Beauty Box Subscription Sweepstakes 2026,https://content.rtmpromos.com/promoassets/b2bc2f71-6f6d-48cc-b3dc-c7a2dce4bd42/pdfs/cbe3eedc-af82-480d-bad9-09c78fb5c3ac.pdf,ilovegiveaways,Sweepstakes,2026-06-22,,,,,,,,https://ilovegiveaways.com/wp-content/uploads/2026/03/ilg-logo-350x55b-1.png
Nth Degree Data Breach Class Action Settlement,https://www.nthdegreesettlement.com/,claimdepot,Settlements,2026-06-22,Open for Claims,,"Up to $3,500 plus credit monitoring",,,,,
Disney $50M Streaming TV Price-Fixing Class Action Settlement,https://onlinetvsettlement.com/Content/Documents/Claim%20Form.pdf,claimdepot,Settlements,2026-06-22,Open for Claims,,Pro rata cash payment,,,,,
Steamy Kitchen Walmart Instant Win Giveaway,https://steamykitchen.com/255130-10-walmart-quick-win-instant-win.html,sweepsadvantage,Sweepstakes,2026-06-22,,,,,,,,https://steamykitchen.com/wp-content/uploads/2026/03/10-Walmart-Quick-Win-Instant-Win.png
Abe Student Loans Graduate Scholarship Sweepstakes 2026,https://www.abestudentloans.com/resources/scholarships/graduate-college-scholarship-sweepstakes/#embedded-rules,ilovegiveaways,Sweepstakes,2026-06-22,,,,,,,,https://ilovegiveaways.com/wp-content/uploads/2026/03/ilg-logo-350x55b-1.png
Rutter’s Summer of Freedom Instant Win Game Sweepstakes - 224488 Prizes,https://www.rutterswin.com/,sweepsadvantage,Sweepstakes,2026-06-22,,,,,,,,
"Mai Kai Restaurant $85,000 Wage and Hour Settlement",https://maikaisettlement.com/important-documents,claimdepot,Settlements,2026-06-22,Open for Claims,,Approximately $2.27 per hour worked,,,,,
French’s “Minion Mustard” Sweepstakes (20 Winners),https://www.mccormick.com/pages/brands/frenchs,freebieshark,Sweepstakes,2026-06-23,,,,,,,,http://www.mccormick.com/cdn/shop/files/mccormick-logo-seo_5f4fa290-8c13-4007-a877-a56ca7b7dea9_1200x628.jpg?v=1748610637
Strides Pharma - Testosterone Gel Class Action Settlement,https://stridesgelsettlement.com/,classaction,Settlements,2026-06-23,,9/16/26,Varies,Yes,,,"If you purchased testosterone gel manufactured by Strides Pharma between June 1, 2022 and July 31, 2025, you may be included in this settlement.",
Crimson Wine - Data Breach Class Action Settlement,https://crimsonwinesettlement.com/,classaction,Settlements,2026-06-23,,9/1/26,"$100 - $5,000",No,,,You may be included in this settlement if your private information was compromised in the January 2024 Crimson Wine data breach.,
Okanogan Behavioral Healthcare - Data Breach Class Action Settlement,https://okanogandatasettlement.com/,classaction,Settlements,2026-06-23,,9/3/26,"$50 - $5,350",No,,,You may be included in this settlement if your private information was exposed in the data breach discovered by Okanogan Behavioral Healthcare in May 2024.,
Urban One - Data Breach Class Action Settlement,https://urbanonedataincident.com/,classaction,Settlements,2026-06-23,,8/31/26,"$500 - $10,000",No,,,You may be covered by this settlement if your personal information was exposed in the Urban One data breach discovered in March 2025.,
National Association of Realtors - Homebuyer Litigation Class Action Settlement,https://homebuyerlitigation.com/home/,classaction,Settlements,2026-06-23,,8/25/26,Varies,Yes,,,You may be included in this settlement if you bought residential real estate in the United States since 2006 that was listed on a multiple listing service.,
Winston x Murphy Throttle & Torque Sweepstakes,https://www.winstoncigarettes.com/murphy-truck-login/?,sweepsadvantage,Sweepstakes,2026-06-23,,,,,,,,
Ticketmaster: The Ultimate Race Experience 2026 Sweepstakes - 2 Winners,https://m.cmpgn.page/TNk2dM,sweepsadvantage,Sweepstakes,2026-06-23,,,,,,,,
2026 Jet’s and Coca Cola Detroit Style Pizza Day Sweepstakes - 6 Winners,https://www.jetspizza.com/,sweepsadvantage,Sweepstakes,2026-06-23,,,,,,,,https://www.jetspizza.com/wp-content/uploads/2020/06/SocialImage.png
She Speaks Reese’s Pieces at Costco Giveaway,https://shespeaks.com/One-Costco-Haul-Endless-Ways-to-Enjoy-Reese-s-Pieces-Stock-Up-Now,sweepsadvantage,Sweepstakes,2026-06-23,,,,,,,,
Cadia Grilling Giveaway Summer 2026,https://sweepwidget.com/c/100392-va4981dz,sweepsadvantage,Sweepstakes,2026-06-23,,,,,,,,https://sweepwidgethosts.fra1.cdn.digitaloceanspaces.com/contestsmain/3am1hm6a31ae955b1dbt4xpt38/nralevfcuo.jpg
Rekomi Cash Giveaway,https://sweepwidget.com/c/100451-bkxh9fw1,sweepsadvantage,Sweepstakes,2026-06-23,,,,,,,,https://sweepwidgethosts.fra1.cdn.digitaloceanspaces.com/contestsmain/1/gkn0yxq4fc.png
7 Days of Atlas Giveaways - 7 Winners,https://sweepwidget.com/c/100440-7405p9ud,sweepsadvantage,Sweepstakes,2026-06-23,,,,,,,,https://sweepwidgethosts.fra1.cdn.digitaloceanspaces.com/contestsmain/avgmbv6a34330ba5c23tx6dda1/805pvm3ord.jpg
GRIPA $2.15M MOVEit Data Breach Data Class Action Settlement,https://www.moveitsettlementgripa.com/,claimdepot,Settlements,2026-06-23,Open for Claims,,"Up to $12,500 plus credit monitoring",Yes,,,,
BonneVivante Seasons of Books Harper Lee Print Book Giveaway 2026,https://bonnevivantelife.blogspot.com/2026/06/seasons-of-books-giveaway-hop.html,ilovegiveaways,Sweepstakes,2026-06-23,,,,,,,,https://ilovegiveaways.com/wp-content/uploads/2026/03/ilg-logo-350x55b-1.png
Tattooed Chef $4.75M Securities Class Action Settlement,https://tattooedchefsecuritiessettlement.com/,claimdepot,Settlements,2026-06-23,Open for Claims,,$0.11 per share before deductions,Yes,,,,
$2.5 Billion Amazon Prime Sign-Up/Cancellation Settlement,https://veritaconnect.com/subscriptionmembershipsettlement,claimdepot,Settlements,2026-06-23,Open for Claims,,Up to $51,,,,,
Google $50M Racial Discrimination Class Action Settlement,https://www.curleysettlement.com/,claimdepot,Settlements,2026-06-23,Open for Claims,,Varies,,,,,
T-Mobile Tuesdays Week #525 Sweepstakes,https://amoe.t-mobiletuesdays.com/,ultracontest,Sweepstakes,2026-06-23,,,,,,,,
"OBI Seafoods $380,280 Data Breach Class Action Settlement",https://obiseafoodsdatasettlement.com/,claimdepot,Settlements,2026-06-23,Open for Claims,,"Up to $5,000 and/or credit monitoring",No,,,,
Tillamook Summer Sweepstakes 2026 – Win a Miami Getaway & Gift Cards,https://www.activaterewards.com/tillamook/official-rules,ilovegiveaways,Sweepstakes,2026-06-23,,,,,,,,https://ilovegiveaways.com/wp-content/uploads/2026/03/ilg-logo-350x55b-1.png
Ozama Rum Grand Slam Getaway 2026 Baseball Trip Sweepstakes,https://win.drinkozama.com/grandslamgetaway/rules.aspx,ilovegiveaways,Sweepstakes,2026-06-23,,,,,,,,https://ilovegiveaways.com/wp-content/uploads/2026/03/ilg-logo-350x55b-1.png
Central Valley Meat Co. Data Breach Class Action Settlement,https://cw.simpluris.com/docs/public/downloads/CFC4/CLAIM_FORM,claimdepot,Settlements,2026-06-23,Open for Claims,,"Up to $5,075",,,,,
Amtrak Vacations “Route 66 by Rail” Sweepstakes,https://www.amtrakvacations.com/stars-and-stripes-route-66-giveaway,freebieshark,Sweepstakes,2026-06-24,,,,,,,,
"Hurry! FREE Tillamook Ice Cream Coupon for First 20,000",https://www.tillamook.com/the-real-scoop,hip2save,Freebies,2026-06-24,,,,,,,,
"Hulu King of the Hill x WD-40 Brand Upgrade Your Backyard, KOTH-Style Sweepstakes - 101 Winners",https://sweepstakes.hulu.com/KOTHxWD40Brand,sweepsadvantage,Sweepstakes,2026-06-24,,,,,,,,https://sweepstakes.hulu.com/dist/6a30124db5c5b26d9fce7457/img/KOTH_Social_Share_1200x628_1cf4122fd8.jpg
Kiva Camino Summer Sweepstakes - Win a Jeep,https://caminosweeps2026.com/en/IH6579/submission/form,sweepsadvantage,Sweepstakes,2026-06-24,,,,,,,,https://caminosweeps2026.com/en/assets/thumbnail_socialShareUrlCard.png
Farmers Insurance $2.88M Telemarketing TCPA Settlement,https://www.starlingtcpaclassaction.com/,claimdepot,Settlements,2026-06-24,Open for Claims,,Up to $425,Yes,,,,
Molson Coors Coors Light & Miller Lite Summer 2026 Sweepstakes,https://www.promorules.com/MK263069,ilovegiveaways,Sweepstakes,2026-06-24,,,,,,,,https://ilovegiveaways.com/wp-content/uploads/2026/03/ilg-logo-350x55b-1.png
Tropicana Passport to Tropics Trip to the Tropics Sweepstakes 2026,https://triptothetropics.com/#embedded-rules,ilovegiveaways,Sweepstakes,2026-06-24,,,,,,,,https://ilovegiveaways.com/wp-content/uploads/2026/03/ilg-logo-350x55b-1.png
Abbott Laboratories Employees Credit Union Data Breach Settlement,https://cw.simpluris.com/docs/public/downloads/ABC6/CLAIM_FORM,claimdepot,Settlements,2026-06-24,Open for Claims,,"Up to $2,500 plus a pro rata payment and financial monitoring services",,,,,
AVI-SPL $650K Washington Job Posting Class Action Settlement,https://cw.simpluris.com/docs/public/downloads/ASC6/SETTLEMENT_AGREEMENT,claimdepot,Settlements,2026-06-24,Open for Claims,,"Up to $5,000",,,,,
Bertolli “Bertolli x Pantone Partnership” Sweepstakes (100 Winners),https://bertolli-x-pantone-partnership-giveaway.prod.fooji.com/user-details,freebieshark,Sweepstakes,2026-06-25,,,,,,,,https://images.prod.fooji.com/original/preview_image.webp
Bertolli x Pantone Partnership Sweepstakes - 100 Prizes,https://bertolli-x-pantone-partnership-giveaway.prod.fooji.com/,sweepsadvantage,Sweepstakes,2026-06-25,,,,,,,,https://images.prod.fooji.com/original/preview_image.webp
Tunespeak A Merch Bundle From Valé Sweepstakes,https://www.tunespeak.com/campaign/6a33fb21dc864500015695ce,sweepsadvantage,Sweepstakes,2026-06-25,,,,,,,,
The 2026 Red Gold Tomatoes Challenge Sweepstakes,https://www.redgoldtomatoes.com/tomato-challenge/,ultracontest,Sweepstakes,2026-06-25,,,,,,,,http://www.redgoldtomatoes.com/wp-content/uploads/2025/05/2025_rg_challenge-tomatoes_1600x317px_a5817d.jpg
Steamy Kitchen Dinner Treat Instant Win Giveaway,https://steamykitchen.com/255360-dinner-treat-instant-win.html,sweepsadvantage,Sweepstakes,2026-06-25,,,,,,,,https://steamykitchen.com/wp-content/uploads/2026/06/Dinner-Treat-Instant-Win.png
Danaher $172.5 Million Securities Class Action Settlement,https://danahersecuritiessettlement.com/,claimdepot,Settlements,2026-06-25,Open for Claims,,$1.13 per share before deductions,Yes,,,,
Rib Fest Dodge Ram Giveaway Sweepstakes,https://form.texasroadhouse.com/national-dodge-ram-giveaway-2026,ultracontest,Sweepstakes,2026-06-25,,,,,,,,
Lucas Oil Products Fuel Your Summer Giveaway,https://lucasoilshiftintosummer.shortstack.page/xrM46W,sweepsadvantage,Sweepstakes,2026-06-25,,,,,,,,
Jiffy Lube $1.18M Washington Job Posting Settlement,https://tccsettlement.com/,claimdepot,Settlements,2026-06-25,Open for Claims,,"$1,519.58 (estimated); up to $5,000",,,,,
Advanced Recovery Equipment & Supplies Data Breach Settlement,https://www.advancedrecoverydatasettlement.com/pdf/Advanced_Recovery_Claim_Form_Final.pdf,claimdepot,Settlements,2026-06-25,Open for Claims,,"Up to $4,250 plus a pro rata cash payment and credit monitoring",,,,,
Physicians Primary Care Data Breach Class Action Settlement,https://cw.simpluris.com/docs/public/downloads/PCC1/SETTLEMENT_AGREEMENT,claimdepot,Settlements,2026-06-25,Open for Claims,,"Up to $5,000 and/or medical data monitoring",,,,,
Gorilla Glue “Backyard” Giveaway,https://app.viralsweep.com/sweeps/full/7ad9bd-227230?framed=1,freebieshark,Sweepstakes,2026-06-27,,,,,,,,
Michelob Golden Light “Lake Life” Sweepstakes (Select States),https://v2.playmaker.beer/michelobgoldenlightlakelifesweeps,freebieshark,Sweepstakes,2026-06-27,,,,,,,,
2 FREE 5×7 Photo Prints w/ Same-Day Pickup at Walgreens,https://go.shopmy.us/p-67476356,hip2save,Freebies,2026-06-27,,,,,,,,
Miles Davis “Official Store” Sweepstakes (3 Winners),https://milesdavisstore.com/pages/sweepstakes,freebieshark,Sweepstakes,2026-06-27,,,,,,,,http://milesdavisstore.com/cdn/shop/files/MD_Social_1200x628_0bae950a-240c-4824-b0a4-af610be5ed5f.jpg?v=1726866480
GenTent “Westinghouse Generator” Sweepstakes (8 Winners),https://www.gentent.com/giveaway/,freebieshark,Sweepstakes,2026-06-27,,,,,,,,https://www.gentent.com/content/images/opengraph/Giveaway_LP_Banner_2026_OpenGraph_1200_630.jpg
Spirit Halloween Buzz Animatronic Sweepstakes,https://m.cmpgn.page/x3RmVJ?,sweepsadvantage,Sweepstakes,2026-06-27,,,,,,,,
Google Play - Data Privacy Class Action Settlement,https://www.coppaprivacyclassaction.com/,classaction,Settlements,2026-06-27,,9/14/26,Varies,No,,,"This settlement covers those who downloaded or used an app from Google Play from April 1, 2015 to the present while under the age of 13.",
Shipyard Brewing Catch of the Summer Giveaway Sweepstakes,https://app.viralsweep.com/sweeps/full/2639e1-229250?framed=1,sweepsadvantage,Sweepstakes,2026-06-27,,,,,,,,
Herr's Section 250 Sweepstakes - 10 Winners,https://www.herrsphillies250.com/home,sweepsadvantage,Sweepstakes,2026-06-27,,,,,,,,
$10.5M Lemonade Insurance data breach class action settlement,https://forms.ksacms.com/efiling/fr/eform/LemonadeDataDisclosureSettlement_claimform/new?form-version=1&#038;fr-wizard-page=section-1,topclassactions,Settlements,2026-06-27,,,,,,,,
Farmers Chicago Cubs VIP Experience Sweepstakes,https://eprize-content.s3.us-east-1.amazonaws.com/farmers+/263220/rules.htm,sweepsadvantage,Sweepstakes,2026-06-27,,,,,,,,
Book Throne First in a Series Giveaway,https://www.bookthrone.com/may-first-in-a-series-giveaway,sweepsadvantage,Sweepstakes,2026-06-27,,,,,,,,"https://static.wixstatic.com/media/d958ad_7fc1fb8e97184f719353241849226f99~mv2.png/v1/fill/w_1734,h_907,al_c/d958ad_7fc1fb8e97184f719353241849226f99~mv2.png"
"7-Eleven Slurp, Snack, Win - Instant Win Game - 380216 Total Prizes",https://rules.creativezing.com/slurp-26/,sweepsadvantage,Sweepstakes,2026-06-27,,,,,,,,
Envision Promotions The Summer Edit Sweepstakes,https://www.envisionp.com/jack-rogers-the-summer-edit-giveaway/?,sweepsadvantage,Sweepstakes,2026-06-27,,,,,,,,
Win A Dolly-Inspired Summer In Music City Giveaway,https://www.visitmusiccity.com/dolly-trip-nashville-giveaway,ultracontest,Sweepstakes,2026-06-27,,,,,,,,
ScottsMiracle-Gro America’s Backyard Sweepstakes and Instant Win Game 2026,https://scottsbackyard250.com/rules.pdf,ilovegiveaways,Sweepstakes,2026-06-27,,,,,,,,https://ilovegiveaways.com/wp-content/uploads/2026/03/ilg-logo-350x55b-1.png
Nestlé Jack’s Frozen Pizza Summer 2026 Sweepstakes,https://images.prod.fooji.com/original/organizations/69/campaigns/3575/published/click_for_official_rules-67062b8.pdf,ilovegiveaways,Sweepstakes,2026-06-27,,,,,,,,https://ilovegiveaways.com/wp-content/uploads/2026/03/ilg-logo-350x55b-1.png
Riddle’s Jewelry Americana Lab-Grown Diamond Earrings Sweepstakes 2026,https://www.riddlesjewelry.com/americana-giveaway#embedded-rules,ilovegiveaways,Sweepstakes,2026-06-27,,,,,,,,https://ilovegiveaways.com/wp-content/uploads/2026/03/ilg-logo-350x55b-1.png
Hayden Schreier 100K Subscriber Cash Giveaway - 4 Winners,https://sweepwidget.com/c/100575-8mbuxsv7,sweepsadvantage,Sweepstakes,2026-06-27,,,,,,,,https://sweepwidgethosts.fra1.cdn.digitaloceanspaces.com/contestsmain/x0f8j3678e6ddb2b0beevc1cv8/i15nohm7vs.jpg
Nordstrom Anniversary Sale 2026 Gift Card Sweepstakes & Instant Win Game,https://www.nordstrom.com/browse/anniversary-sale/events/scratch-ticket-rules,ilovegiveaways,Sweepstakes,2026-06-27,,,,,,,,https://ilovegiveaways.com/wp-content/uploads/2026/03/ilg-logo-350x55b-1.png
Farmers Insurance $1.25M TCPA Class Action Settlement,https://www.heckathorntcpasettlement.com/,claimdepot,Settlements,2026-06-27,Open for Claims,,Up to $160,,,,,
Renaissance Faire $1.9M Ticket Fee Class Action Settlement,https://nyrenfaireticketfeesettlement.com/Content/Documents/Claim%20Form.pdf,claimdepot,Settlements,2026-06-27,Open for Claims,,Up to $20,,,,,
Eagle Pharmaceuticals $9.5M Securities Class Action Settlement,https://eaglepharmasecuritiessettlement.com/,claimdepot,Settlements,2026-06-27,Open for Claims,,$1.18 per share before deductions,Yes,,,,
Lucent Health $1.95M Data Breach Class Action Settlement,https://cw.simpluris.com/docs/public/downloads/LCC2/CLAIM_FORM,claimdepot,Settlements,2026-06-27,Open for Claims,,"Up to $6,175 plus credit monitoring",,,,,
Memorial Health Services $750K MyChart Privacy Settlement,https://cw.simpluris.com/docs/public/downloads/MVC2/NOTICE,claimdepot,Settlements,2026-06-27,Open for Claims,,Pro rata share,,,,,
Stella Artois “Work From Bar” Sweepstakes (Select States),https://www.stellaartois.com/workfrombar/expensereportsweeps,freebieshark,Sweepstakes,2026-06-28,,,,,,,,
Regal Crown Club Motley Crue Signed Boxset Sweepstakes - 5 Winners,https://www.regmovies.com/promotions/the-dirt-signed-boxset-sweepstakes-rules,sweepsadvantage,Sweepstakes,2026-06-28,,,,,,,,
Altura Credit Union Apple Airpods Giveaway Sweepstakes,https://app.wyng.com/6a301b6367e00e10bb81df58,sweepsadvantage,Sweepstakes,2026-06-28,,,,,,,,https://s3.amazonaws.com/com.offerpop.services.media/images/media/69a70d62a1bdb2db576f1888/6a3bec467c8e9635d4f744a4.PNG
Tunespeak Ian Munsick Sweepstakes - 6 Winners,https://www.tunespeak.com/campaign/6a19f6573daeef0001ef6b6c,sweepsadvantage,Sweepstakes,2026-06-28,,,,,,,,
Alaskan Seafood Guys “Summer Seafood Grilling” Sweepstakes,https://app.viralsweep.com/sweeps/full/de08d3-227104?framed=1,freebieshark,Sweepstakes,2026-06-29,,,,,,,,
Torresella “Sustainably Sassy” Sweepstakes (175 Winners),https://www.torresellawines.com/sustainablysassysweepstakes,freebieshark,Sweepstakes,2026-06-29,,,,,,,,
NAPA Auto Parts Carlyle Tool Kit Giveaway,https://www.napagiveaway.com/,sweepsadvantage,Sweepstakes,2026-06-29,,,,,,,,http://static1.squarespace.com/static/69c44de4063ba71ae1b4b87c/t/69d7bab48d09453e32fe4920/1775745717057/NAPA-Bolt_Single-Color_White-Logo_RGBdigital.png?format=1500w
Valpak Walk On Role Hallmark Sweepstakes,https://valpak.com/walkon,sweepsadvantage,Sweepstakes,2026-06-29,,,,,,,,
PNW PGA’s Boeing Classic Sweepstakes,https://pnwpga.com/boeing-2026/,sweepsadvantage,Sweepstakes,2026-06-29,,,,,,,,
2026 Dedicated Dawgs Sweepstakes,https://web.witcontests.com/browns/sweepstakes/win/crosscountry-mortgage-dedicate-260608,ultracontest,Sweepstakes,2026-06-29,,,,,,,,"https://web.witcontests.com/cdn-img/width=854,quality=80/https://s3.amazonaws.com/wit-challenge-assets-prod/share-images/43-bf4a9654-8954-4fef-b8da-adcb9eb9831d.png"
First Financial Security $1.2 Million Data Breach Settlement,https://firstfinancialsettlement.com/,claimdepot,Settlements,2026-06-29,Open for Claims,,Up to $500 plus credit monitoring,,,,,
Omni Healthcare Data Breach Class Action Settlement,https://omnihealthcaresettlement.com/,claimdepot,Settlements,2026-06-29,Open for Claims,,"Up to $5,000 and medical data monitoring",Yes,,,,
Lighthouse Electric Data Breach Class Action Settlement,https://cw.simpluris.com/docs/public/downloads/LGC3/CLAIM_FORM,claimdepot,Settlements,2026-06-29,Open for Claims,,"Up to $2,750 and/or credit monitoring",,,,,
Gay NYC Dad Blog $15 Target Gift Card Giveaway,https://www.gaynycdad.com/2026/06/15-target.html,sweepsadvantage,Sweepstakes,2026-06-29,,,,,,,,
"Jack’s Pizza “Summer” Sweepstakes (1,176 Winners)",https://jacks-frozen-pizza-summer-sweepstakes.prod.fooji.com/,freebieshark,Sweepstakes,2026-06-30,,,,,,,,https://images.prod.fooji.com/original/preview_image.webp
KIVA Camino “Summer” Sweepstakes (Select States),https://caminosweeps2026.com/en/gate,freebieshark,Sweepstakes,2026-06-30,,,,,,,,https://caminosweeps2026.com/en/assets/thumbnail_socialShareUrlCard.png
FREE Pedigree Drizzlers Dog Food Samples,https://smpl.to/pedigree-fb-6971038bb7218?,freebieshark,Freebies,2026-06-30,,,,,,,,https://cf1.sampltech.com/nPT5uyt0rPkEbk1sPci92x3VRvh5qeBCumQro3qi.png
Drug and Alcohol Treatment Services - Data Breach Class Action Settlement,https://www.datsdatabreachsettlement.com/,classaction,Settlements,2026-06-30,,9/24/26,"Up to $5,000",No,,,You may be included in this settlement if your personal information was impacted by the October 2024 Drug and Alcohol Treatment Services data breach.,
Shell Mobility 2026 Fill Lucky $100000 Sweepstakes - 6 Winners,https://www.shell.us/fuels-oils-and-coolants/shell-fuels/fill-lucky-at-shell.html#iframe=L1NXRUVQUy9PMjkxNS8%3D,sweepsadvantage,Sweepstakes,2026-06-30,,,,,,,,
Sprite Living Tracklist Sweepstakes - 1400 Prizes,https://www.coca-cola.com/us/en/offerings/sprite/living-tracklist-sweepstakes,sweepsadvantage,Sweepstakes,2026-06-30,,,,,,,,https://www.coca-cola.com/content/dam/onexp/global/icons/coca-cola-default.png
SiriusXM Chicago & Styx Concert Trip 2026 Sweepstakes,https://www.siriusxm.com//content/dam/sxm-com/pdf/sweeps-rules/R_Flyaway_WindyCityTour_fnl.pdf,ilovegiveaways,Sweepstakes,2026-06-30,,,,,,,,https://ilovegiveaways.com/wp-content/uploads/2026/03/ilg-logo-350x55b-1.png
"Shell Fill Lucky Sweepstakes: Win $100,000 or Free Fuel 2026",https://www.shell.us/fuels-oils-and-coolants/shell-fuels/fill-lucky/shell-fill-lucky-terms-and-conditions.html,ilovegiveaways,Sweepstakes,2026-06-30,,,,,,,,https://ilovegiveaways.com/wp-content/uploads/2026/03/ilg-logo-350x55b-1.png
SiriusXM The Oneness Tour 2026 Trip to LA Sweepstakes,https://www.siriusxm.com/content/dam/sxm-com/pdf/sweeps-rules/R-Santana_Doobie_FNL.pdf,ilovegiveaways,Sweepstakes,2026-06-30,,,,,,,,https://ilovegiveaways.com/wp-content/uploads/2026/03/ilg-logo-350x55b-1.png
Splenda Freedom 250 VIP Experience Sweepstakes,https://www.splenda.com/sweepstakes/,ultracontest,Sweepstakes,2026-06-30,,,,,,,,
Amazon Spider-Man Brand New Day Premiere Sweepstakes,https://www.amazonnewdaysweeps.com/home,ultracontest,Sweepstakes,2026-06-30,,,,,,,,
Breeze Airways Sip Into Summer Giveaway - 3 Winners,https://sweepwidget.com/c/99661-na2pvcf9,sweepsadvantage,Sweepstakes,2026-06-30,,,,,,,,https://sweepwidgethosts.fra1.cdn.digitaloceanspaces.com/contestsmain/vobnq565df58075217ezurrh48/qitwo3zkhc.png
Heineken Sports Sweepstakes - 26 Winners,https://www.heineken.com/us/en/promos/sports,sweepsadvantage,Sweepstakes,2026-06-30,,,,,,,,
Nationstar $1.5M Mortgage Fees Class Action Settlement,https://floridanationstarlawsuit.com/media/t2aiyxid/nationstar-claim-form-online-dl.pdf,claimdepot,Settlements,2026-06-30,Open for Claims,,Up to $300,,,,,
Perdue Flock Party Sweepstakes - 4 Winners,https://www.perdue.com/flock-party,sweepsadvantage,Sweepstakes,2026-06-30,,,,,,,,https://www.perdue.com/sites/default/files/2021-02/Image-placeholder_3.png
Perdue Flock Party Sweepstakes – Win a Hosted Party Experience 2026,https://www.perdue.com/flock-party-sweepstakes,ilovegiveaways,Sweepstakes,2026-06-30,,,,,,,,https://ilovegiveaways.com/wp-content/uploads/2026/03/ilg-logo-350x55b-1.png
"Valpak Walk On Role Hallmark Movie Sweepstakes 2026 – Win $8,000",https://valpak.com/walkon?rules=true,ilovegiveaways,Sweepstakes,2026-06-30,,,,,,,,https://ilovegiveaways.com/wp-content/uploads/2026/03/ilg-logo-350x55b-1.png
Stiiizy $2.95M Data Breach Class Action Settlement,https://www.stiiizydatabreachsettlement.com/wp-content/uploads/2026/06/Claim-Form.pdf,claimdepot,Settlements,2026-06-30,Open for Claims,,"Up to $7,500 and/or credit monitoring",,,,,
Splenda “Freedom 250 VIP Experience” Sweepstakes (3 Winners),https://www.splenda.com/sweepstakes,freebieshark,Sweepstakes,2026-07-01,,,,,,,,
Bird Buddy “Smart Bird Feeder Pro” Sweepstakes,https://extratv.com/2026/06/18/giveaway-birdbuddy-smart-bird-feeder-pro-with-solar-roof/,freebieshark,Sweepstakes,2026-07-01,,,,,,,,https://extra-images.akamaized.net/image/a4/16by9/2026/06/18/a4b4e7e51d8c4dee81c6cd037a47e5c9_xl.jpg
Lucent Health Solutions - Data Breach Class Action Settlement,https://lhdatabreachsettlement.com/,classaction,Settlements,2026-07-01,,9/5/26,"$80 - $6,175",No,,,"If your private information was compromised in the October 2023 Lucent Health Solutions data breach, you may be included in this settlement.",
Physicians’ Primary Care Of Southwest Florida - Data Breach Class Action Settlement,https://physiciansprimarycaredatasettlement.com/,classaction,Settlements,2026-07-01,,9/29/26,"Up to $5,000",No,,,You may be included in this settlement if your personal information was exposed in the September 2024 Physicians’ Primary Care Of Southwest Florida data breach.,
505 Quick Cash & Pawn (New Mexico) Class Action Settlement,https://www.begayeclassaction.com/,classaction,Settlements,2026-07-01,,9/15/26,Varies,N/A,,,"You may be able to claim a piece of this settlement if you entered into a pawn contract with 505 Quick Cash & Pawn between February 16, 2017 and February 16, 2019.",
Abbott Laboratories Employees Credit Union - Data Breach Class Action Settlement,https://alecdatasettlement.com/,classaction,Settlements,2026-07-01,,9/3/26,"Up to $2,500+",No,,,"If your private information was compromised in the August 2024 Abbott Laboratories Employees Credit Union data breach, you may be able to claim a piece of this settlement.",
Better Homes & Gardens The Big Summer Giveaway Sweepstakes,https://forms.people.inc/peopleinc/bhg_the_big_summer_giveaway_onsite,sweepsadvantage,Sweepstakes,2026-07-01,,,,,,,,
Live With Kelly & Mark LIVE’s Perdue Flock Party Sweepstakes,https://livewithkellyandmark.com/uncategorized/live-perdue-flock-party-sweepstakes/,sweepsadvantage,Sweepstakes,2026-07-01,,,,,,,,https://livewithkellyandmark.com/wp-content/uploads/2026/06/Perdue-Button-v1.jpg
Spirit Halloween Carnival Creeper Animatronic Sweepstakes,https://m.cmpgn.page/zJN70X,sweepsadvantage,Sweepstakes,2026-07-01,,,,,,,,
Dairy Queen Go for the Globe Sweepstakes,https://eprize-content.s3.us-east-1.amazonaws.com/dairyqueen/263022/rules.htm,sweepsadvantage,Sweepstakes,2026-07-01,,,,,,,,
$12.67M Delta Dental web tracking class action settlement,https://forms.ksacms.com/efiling/fr/eform/feeler_v_wyssta_claimform/new,topclassactions,Settlements,2026-07-01,,,,,,,,
Guns N Roses World Tour Flyaway Sweepstakes,https://www.allegiantair.com/deals/GunsNRosesFlyaway/,ultracontest,Sweepstakes,2026-07-01,,,,,,,,
Absolut Vodka Madonna Merchandise Instant Win Game - 131 Winners,https://www.absolut.com/en-us/campaign/madonna/,sweepsadvantage,Sweepstakes,2026-07-01,,,,,,,,
BK Tap Up Instant Win Game,https://www.bk.com/tapup-rules,sweepsadvantage,Sweepstakes,2026-07-01,,,,,,,,
Ale-8 100th Anniversary Celebration Sweepstakes,https://100th-anniversary-celebration.prod.fooji.com/,ultracontest,Sweepstakes,2026-07-01,,,,,,,,https://images.prod.fooji.com/original/preview_image.webp
McKenzie Health System Data Breach Class Action Settlement,https://cw.simpluris.com/docs/public/downloads/MDC4/CLAIM_FORM,claimdepot,Settlements,2026-07-01,Open for Claims,,"Up to $4,000 and/or credit monitoring",,,,,
Parks Heritage Federal Credit Union Data Breach Settlement,https://www.parksheritagedataincident.com/,claimdepot,Settlements,2026-07-01,Open for Claims,,"Up to $4,500 plus credit monitoring",No,,,,
Vertical Hold Gender Discrimination Class Action Settlement,https://verticalholdclassaction.com/,claimdepot,Settlements,2026-07-01,Open for Claims,,Four day passes to Vertical Hold Rock Climbing Gym,,,,,
The NCAA Beach Volleyball Championships Ticket Giveaway,https://cloud.mail2.ncaa.com/championships?pageID=WSV27_ETW_SFMC,ultracontest,Sweepstakes,2026-07-01,,,,,,,,
"The Whiskey Shopper Instant Win Game (1,000 Winners)",https://www.spiritspromos.com/portfolio/whiskey-sweeps/en/IH6628/submission/form,freebieshark,Freebies,2026-07-02,,,,,,,,https://spiritspromos.com/portfolio/whiskey-sweeps/assets/thumbnail.png
Don’t Miss Audible’s Best Offer of the Year: 3 FREE Months + $20 Credit,https://www.amazon.com/hz/audible/arya/mlp?purchaseType=STANDARD_MTRIAL&linkCode=ll2&tag=hip2saveexclusive-20&linkId=be7e624fd84f8eba0050775f42fcdca4&language=en_US&ref_=as_li_ss_tl,hip2save,Freebies,2026-07-02,,,,,,,,
"Minute Maid “Juice Vault” Sweepstakes (1,224 Winners)",https://www.coca-cola.com/us/en/offerings/minute-maid/wwe-bring-the-juice/giveaway,freebieshark,Sweepstakes,2026-07-02,,,,,,,,https://www.coca-cola.com/content/dam/onexp/global/icons/coca-cola-default.png
Farmland “State Fair Summer” Sweepstakes (40 Winners),https://farmlandfoods.sfdbrands.com/en-us/promotions/state-fair-flavor/,sweetiessweeps,Sweepstakes,2026-07-02,,,,,,,,
PEOPLE’s World’s Cutest Rescue Dog Contest Presented by the PEDIGREE brand,https://people.com/worlds-cutest-rescue-dog-contest-2026-12004553,sweetiessweeps,Sweepstakes,2026-07-02,,,,,,,,
Lysol Summer Staycation Sweepstakes - 2 Winners,https://www.lysol.com/sign-up/,sweepsadvantage,Sweepstakes,2026-07-02,,,,,,,,
Maverik Summit Seeker Toyota 4Runner Sweepstakes,https://maverik.com/sweepstakes/summit-seeker,sweepsadvantage,Sweepstakes,2026-07-02,,,,,,,,
DecoArt Americana Acrylic 250 Sweepstakes,https://www.decoart.com/pages/americana-acrylics-250-sweepstakes,sweepsadvantage,Sweepstakes,2026-07-02,,,,,,,,http:https://cdn.shopify.com/s/files/1/0734/5933/5401/files/decoart-banner.png
Riddle Jewelry Americana Giveaway,https://www.riddlesjewelry.com/americana-giveaway,sweepsadvantage,Sweepstakes,2026-07-02,,,,,,,,
Secret Fan Club x AT&T WNBA-All Star 2026 Sweepstakes,https://survey.jebbit.com/5u8jjtbz?L=Full+Page&JC=Lead+Form,sweepsadvantage,Sweepstakes,2026-07-02,,,,,,,,https://i.jebbit.com/images/5O9ZAPYt/business-images/hCNjoBq0SwaLR3t65jY6_Secret_Logo_ADA_Compliant.png
The Amazon Spider-Man Brand New Day Premiere Sweepstakes,https://www.amazonnewdaysweeps.com/registration,ultracontest,Sweepstakes,2026-07-02,,,,,,,,
The Partiful Summer Party Fund Contest,https://partiful.com/party-ready-in-5,sweepsadvantage,Sweepstakes,2026-07-02,,,,,,,,https://framerusercontent.com/assets/MruQz1D46oZdr9huTIdzM38xM.jpg
"PIM Brands Red, White & Vroom! $5,000 Road Trip Sweepstakes 2026",https://welchsfruitsnacksroadtripsweepstakes.dja.com,ilovegiveaways,Sweepstakes,2026-07-02,,,,,,,,https://ilovegiveaways.com/wp-content/uploads/2026/03/ilg-logo-350x55b-1.png
Sargento Free Cheese for One Year Sweepstakes 2026,http://sargento.com/free-cheese-sweeps,ilovegiveaways,Sweepstakes,2026-07-02,,,,,,,,https://ilovegiveaways.com/wp-content/uploads/2026/03/ilg-logo-350x55b-1.png
Thought & Sight Rove Miles Vacation Giveaway 2026,https://thoughtandsight.com/rove-miles-vacation-giveaway/,ilovegiveaways,Sweepstakes,2026-07-02,,,,,,,,https://ilovegiveaways.com/wp-content/uploads/2026/03/ilg-logo-350x55b-1.png
Justin Boots 250 Boots For 250 Years Sweepstakes - 250 Winners,https://docs.google.com/forms/d/e/1FAIpQLSe8Gib6q9tcuQ-sA6aWmXKUrtCoiDV23lS-u8HUmfHKskxVew/viewform?pli=1,sweepsadvantage,Sweepstakes,2026-07-02,,,,,,,,https://lh4.googleusercontent.com/6vJhmlAR76EMjs4m4lQlsLnjcYF5au58acCSHrSQs3rSPdiTwG_B69xrURh52Nd-h-_LsUtAH04IeRA=w1200-h630-p
Hemmings Stay Gold Trail 70 Minibike 2026 Sweepstakes,https://www.hemmings.com/stories/stay-gold-sweepstakes/,ilovegiveaways,Sweepstakes,2026-07-02,,,,,,,,https://ilovegiveaways.com/wp-content/uploads/2026/03/ilg-logo-350x55b-1.png
Bravo Insider Watch What Happens Live Audience Experience Sweepstakes 2026,https://www.bravotv.com/sweepstakes-rules-bravo-insiders-watch-what-happens-live-audience-experience,ilovegiveaways,Sweepstakes,2026-07-02,,,,,,,,https://ilovegiveaways.com/wp-content/uploads/2026/03/ilg-logo-350x55b-1.png
Schuster Co. Data Breach Class Action Settlement,https://schusterdataincident.com/,claimdepot,Settlements,2026-07-02,"September 14, 2026",,"Up to $2,500 plus credit monitoring",No,,,,
Call-On-Doc $1.8M Tracking Pixel Class Action Settlement,https://cw.simpluris.com/docs/public/downloads/CLC2/CLAIM_FORM,claimdepot,Settlements,2026-07-02,Open for Claims,,Up to $20,,,,,
Truly “Shoot & Score” Instant Win Game (480 Winners),https://airbaton.net/l/trulyshootandscore,freebieshark,Freebies,2026-07-03,,,,,,,,
Miller High Life “Music” Instant Win Game (500 Winners),https://www.millerhighlife.com/music,freebieshark,Freebies,2026-07-03,,,,,,,,
MAZOLA “Goal” Sweepstakes (Select Regions),https://univision.wyng.com/69d419238c2fa734a777a892,freebieshark,Sweepstakes,2026-07-03,,,,,,,,https://s3.amazonaws.com/com.offerpop.services.media/images/media/5a8212acefd12734899aa1be/6a29ab839e27109949dab444.PNG
Universal Pictures Obsession Sweepstakes,https://cloud.m3.universalstudios.com/obsession_upheportal_sweeps_form,sweepsadvantage,Sweepstakes,2026-07-03,,,,,,,,
Truly Shoot & Score Instant Win Game Sweepstakes - 480 Prizes,https://airbaton.net/w/yV5pNX1xLeHivt4Wq1Z2,sweepsadvantage,Sweepstakes,2026-07-03,,,,,,,,
NASCAR Fan Rewards 2027 Daytona 500 Race Weekend Sweepstakes,https://www.nascar.com/daytona500sweeps/#embedded-rules,ilovegiveaways,Sweepstakes,2026-07-03,,,,,,,,https://ilovegiveaways.com/wp-content/uploads/2026/03/ilg-logo-350x55b-1.png
earthbath Itchy Pet Comfort Kit Sweepstakes 2026 – Win a $209 Value,https://earthbath.com/pages/enter-to-win-an-itchy-pet-comfort-kit#embedded-rules,ilovegiveaways,Sweepstakes,2026-07-03,,,,,,,,https://ilovegiveaways.com/wp-content/uploads/2026/03/ilg-logo-350x55b-1.png
Oppenheimer & Co. $70M Advantage Bank Deposit Program Settlement,https://www.oppenheimercashsweeplitigation.com/,claimdepot,Settlements,2026-07-03,Open for Claims,,Varies,Yes,,,,
Total Mortgage Summer $2000 Giveaway,https://offers.totalmortgage.com/total-gives-back/,sweepsadvantage,Sweepstakes,2026-07-03,,,,,,,,https://d9hhrg4mnvzow.cloudfront.net/offers.totalmortgage.com/total-gives-back/3c8d6291-59d0-4c82-9463-097f49850345-total-giveaway-lockup-02.original.png
Western Montana Clinic Data Breach Settlement,https://angeion-public.s3.amazonaws.com/www.wmcsettlement.com/docs/260604.%20Murphy_WMC_%20Claim%20Form_FINAL.pdf,claimdepot,Settlements,2026-07-03,Open for Claims,,"Up to $5,000 plus reimbursement for lost time and credit monitoring",,,,,
SpotHero California Parking Fee Class Action Settlement,https://www.shpricingsettlement.com/,claimdepot,Settlements,2026-07-03,Open for Claims,,Approximately $4.76 per class member,Yes,,,,
AGV + Motul Helmet and Kit  Giveaway,https://sweepwidget.com/c/100734-gwtjm2d9,sweepsadvantage,Sweepstakes,2026-07-03,,,,,,,,https://sweepwidgethosts.fra1.cdn.digitaloceanspaces.com/contestsmain/j4qfyw63474ec3a8301j9q48p5/538izs4rjk.jpg
BB Wheels x Fittipaldi Wheels Giveaway,https://sweepwidget.com/c/100579-nuvk3jho,sweepsadvantage,Sweepstakes,2026-07-03,,,,,,,,https://sweepwidgethosts.fra1.cdn.digitaloceanspaces.com/contestsmain/4e87ef688a303e45f21xsap0c2/kdv35a4pm1.png
Wheel of Fortune Mystery Wedge $10K Giveaway XXIII,https://www.wheeloffortune.com/mystery-wedge,sweepsadvantage,Sweepstakes,2026-07-03,,,,,,,,
Bravo “Watch What Happens Live” Sweepstakes,https://www.bravotv.com/bravo-insider-watch-what-happens-live-with-andy-cohen-sweepstakes-2026,freebieshark,Sweepstakes,2026-07-04,,,,,,,,https://www.bravotv.com/sites/bravo/files/2026/05/wwhl-sweeps.jpg
Avon “Summer Beach Time” Sweepstakes (4 Winners),https://www.avon.com/sweepstakes/summer-beach-time-sweepstakes,freebieshark,Sweepstakes,2026-07-04,,,,,,,,https://www.avon.com/assets/sweepstakes/f92f37de-84ee-436e-90fc-e46cc3e7724f.jpg
Daytraders.com 4th Of July Giveaway - 8 Winners,https://sweepwidget.com/c/100770-65vze28r,sweepsadvantage,Sweepstakes,2026-07-04,,,,,,,,https://sweepwidgethosts.fra1.cdn.digitaloceanspaces.com/contestsmain/idnivd6839caf6a6e3coh8uv90/ad6fjgt1y8.png
Parker Pastures Meat Giveaway,http://parker-pastures.myklpages.com/l/TpVehd,sweepsadvantage,Sweepstakes,2026-07-04,,,,,,,,
Silversea Summer Sweepstakes,https://silverseacaribbeangetaway.com/,sweepsadvantage,Sweepstakes,2026-07-04,,,,,,,,
Yamaha USA Back School Music Sweepstakes,https://usa.yamaha.com/promotions/back-to-school/,sweepsadvantage,Sweepstakes,2026-07-04,,,,,,,,
Hallmark Merriest Christmas Towns Contest,https://merriestchristmastownscontest.hallmarkchannel.com/,sweepsadvantage,Sweepstakes,2026-07-04,,,,,,,,
The Lonestar Le Mans Ticket Giveaway ELF Sweepstakes,https://elf.lndg.page/NTsFVS,ultracontest,Sweepstakes,2026-07-04,,,,,,,,
"Reckitt Summer Staycation $4,000 Visa Gift Card Sweepstakes 2026",https://www.lysol.com/cobranded-giveaway/,ilovegiveaways,Sweepstakes,2026-07-04,,,,,,,,https://ilovegiveaways.com/wp-content/uploads/2026/03/ilg-logo-350x55b-1.png
Bargain Booksy Literary Fiction Giveaway,https://www.bargainbooksy.com/literary-fiction-giveaway-070126/,sweepsadvantage,Sweepstakes,2026-07-04,,,,,,,,https://www.bargainbooksy.com/wp-content/uploads/2026/06/Literary-Fiction.png
Secret Fan Club WNBA All-Star Game Trip & Jersey Sweepstakes 2026,https://secret.com/sweepstakes,ilovegiveaways,Sweepstakes,2026-07-04,,,,,,,,https://ilovegiveaways.com/wp-content/uploads/2026/03/ilg-logo-350x55b-1.png
Francis Ford Coppola Winery Perfect Your Pizza Sweepstakes 2026,https://www.coppolaperfectyourpizza.com/en/IH6562/submission/form,ilovegiveaways,Sweepstakes,2026-07-04,,,,,,,,https://ilovegiveaways.com/wp-content/uploads/2026/03/ilg-logo-350x55b-1.png
American Consumer Credit Counseling Data Breach Settlement,https://cw.simpluris.com/docs/public/downloads/ADC3/CLAIM_FORM,claimdepot,Settlements,2026-07-04,Open for Claims,,"Up to $3,580 plus credit monitoring",,,,,
Venmo Surveys $500 Gift Card Sweepstakes: July-September 2026,https://www.paypal-survey.com/survey/selfserve/9dc/sweeps/venmo.html#embedded-rules,ilovegiveaways,Sweepstakes,2026-07-04,,,,,,,,https://ilovegiveaways.com/wp-content/uploads/2026/03/ilg-logo-350x55b-1.png
Oracle Red Bull Racing Experience Sweepstakes,https://paddock.redbullracing.com/int-en/register?signup_action=UPXGMFRE&redirectTo=rewards,sweepsadvantage,Sweepstakes,2026-07-04,,,,,,,,https://paddock.redbullracing.com/assets/og-image.jpg
"OMHU Influencer Starterpack $7,500 Prize Pack Giveaway 2026",https://us.omhucph.com/policies/terms-of-service,ilovegiveaways,Sweepstakes,2026-07-04,,,,,,,,https://ilovegiveaways.com/wp-content/uploads/2026/03/ilg-logo-350x55b-1.png
"Aspire Health $400,000 Data Breach Class Action Settlement",https://cw.simpluris.com/docs/public/downloads/ATC4/CLAIM_FORM,claimdepot,Settlements,2026-07-04,Open for Claims,,"Up to $2,500 and medical data monitoring",,,,,
$1.95M Banana Republic and Gap unpaid wages class action settlement,https://www.weitzbrsettlement.com,topclassactions,Settlements,2026-07-04,,,,,,,,
Crutchfield “Great Gear” Sweepstakes,https://www.crutchfield.com/S-TGo4886FNnx/promo/sweeps.aspx,freebieshark,Sweepstakes,2026-07-05,,,,,,,,
American Airlines “Panther’s Perks” Sweepstakes,https://www.panthersperks.com/,freebieshark,Sweepstakes,2026-07-05,,,,,,,,
OREO Frozen Treats “Frozen Treats” Sweepstakes (Mail-In),https://sweepstakes.oreofrozentreats.com/,freebieshark,Sweepstakes,2026-07-05,,,,,,,,https://sweepstakes.oreofrozentreats.com/images/share.jpg
Sprouts: FREE Pura Soda,https://shop.sprouts.com/store/sprouts/s?k=pura,freebieshark,Freebies,2026-07-05,,,,,,,,
Whataburger “America’s 250th” Sweepstakes (Select States),https://stories.whataburger.com/americas-250th-celebration-sweepstakes/,freebieshark,Sweepstakes,2026-07-05,,,,,,,,https://content.presspage.com/clients/o_1924.jpg
GearJunkie Keweenaw Peninsula Trip Giveaway,https://app.viralsweep.com/sweeps/full/2a13d9-227133?framed=1,sweepsadvantage,Sweepstakes,2026-07-05,,,,,,,,
AMC Theatres Ultimate IMAX Experience Sweepstakes 2026,https://www.amctheatres.com/giveaway/ultimate-imax-experience-sweepstakes#embedded-rules,ilovegiveaways,Sweepstakes,2026-07-05,,,,,,,,https://ilovegiveaways.com/wp-content/uploads/2026/03/ilg-logo-350x55b-1.png
Pro Stock Hockey Ryan O'Reilly Signed Stick Sweepstakes,https://app.viralsweep.com/vrlswp/widget/3588e1-229774&framed=1,sweepsadvantage,Sweepstakes,2026-07-05,,,,,,,,
Old Trapper's Fuel for the Hunt Giveaway,https://oldtrapper.com/naw,sweepsadvantage,Sweepstakes,2026-07-05,,,,,,,,https://cdn.sanity.io/images/wgqpu99j/production/40ae913e8f070e9a9f49395f8f68d895e46475c9-2000x1333.webp?width=1230&amp;height=610&amp;fit=max&amp;quality=55&amp;auto=format
The Cheers to Music City Brewers Festival Giveaway,https://www.visitmusiccity.com/nashville-brewers-festival-giveaway,ultracontest,Sweepstakes,2026-07-05,,,,,,,,
Avon Monthly Beauty Product Prize Sweepstakes 2026,https://www.avon.com/information/conditions-of-use.html,ilovegiveaways,Sweepstakes,2026-07-05,,,,,,,,https://ilovegiveaways.com/wp-content/uploads/2026/03/ilg-logo-350x55b-1.png
Tide Sweepstakes (107 Winners),https://tidesweeps.com/,freebieshark,Sweepstakes,2026-07-06,,,,,,,,
Deliciously Savvy Anolon Double Burner Griddle With Multi-Purpose Rack Giveaway,https://deliciouslysavvy.com/enter-to-win-the-anolon-double-burner-griddle-with-multi-purpose-rack-giveaway-1-winner-90-rv-anolon/,sweepsadvantage,Sweepstakes,2026-07-06,,,,,,,,
"Shell Mobility 2026 Fill Lucky $100,000 Sweepstakes",https://www.shell.us/fuels-oils-and-coolants/shell-fuels/fill-lucky-at-shell.html,ultracontest,Sweepstakes,2026-07-06,,,,,,,,
AmTrust Financial $19M Securities Class Action Settlement,https://amtrustsecuritieslitigation.com/,claimdepot,Settlements,2026-07-06,Open for Claims,,$0.29-$1.33 per share,Yes,,,,
Yamaha 2026 Back to School Music Sweepstakes,https://usa.yamaha.com/promotions/back-to-school/index.html,ultracontest,Sweepstakes,2026-07-06,,,,,,,,
The Captain Morgan Tailgate Sweepstakes,https://www.spiritspromos.com/captain-morgan/tailgate-sweeps/en/submission/form,ultracontest,Sweepstakes,2026-07-06,,,,,,,,https://spiritspromos.com/smirnoff-ice/tailgate-sweeps/assets/thumbnail.png
Pepsi-Cola & Captain D’s Alaska Cruise Sweepstakes 2026,https://www.captainds.com/pepsi-alaska/,ilovegiveaways,Sweepstakes,2026-07-06,,,,,,,,https://ilovegiveaways.com/wp-content/uploads/2026/03/ilg-logo-350x55b-1.png
Seaglass Wine Company Coast is Calling Sweepstakes - 11 Winners,https://www.seaglasswineco.com/coast-is-calling-sweepstakes/,sweepsadvantage,Sweepstakes,2026-07-06,,,,,,,,https://www.seaglasswineco.com/wp-content/uploads/2024/11/seaglass-homepage-hero.jpg
"Beaches and Sandals Giveaway Q3, 2026 Sweepstakes",https://www.beaches.com/sweepstakes/,sweepsadvantage,Sweepstakes,2026-07-06,,,,,,,,https://cdn.sandals.com/libs/ui/brands/assets/uploads/Beaches_Generic_OG_image_14c89dd415.jpg
BMW Summer Of Soccer Sweepstakes,https://2026dempseytrackday.eventsbmw.com/,ultracontest,Sweepstakes,2026-07-06,,,,,,,,
Gorilla Mind Tulum Trip & Year of Products 2026 Giveaway,https://gorillamind.com/pages/tulum-giveaway-official-rules,ilovegiveaways,Sweepstakes,2026-07-06,,,,,,,,https://ilovegiveaways.com/wp-content/uploads/2026/03/ilg-logo-350x55b-1.png
Biogen $18.9 Million Securities Class Action Settlement,https://biogensecuritieslitigation.com/,claimdepot,Settlements,2026-07-06,Open for Claims,,$1.36 per share before deductions,Yes,,,,
MSG Entertainment J. Cole Concert Tickets Sweepstakes 2026,https://www.msg.com/sweepstakes/j-cole-sweeps-official-rules,ilovegiveaways,Sweepstakes,2026-07-06,,,,,,,,https://ilovegiveaways.com/wp-content/uploads/2026/03/ilg-logo-350x55b-1.png
Aspire Health Alliance - Data Breach Class Action Settlement,https://aspiredataincident.com/,classaction,Settlements,2026-07-07,,9/16/26,"Up to $2,500",No,,,You may be included in this settlement if your personal information was exposed in the September 2023 Aspire Health Alliance data breach.,
Total Vision - Data Breach (California) Class Action Settlement,https://totalvisionsettlement.com/,classaction,Settlements,2026-07-07,,10/5/26,"Up to $1,000",No,,,You may be included in this settlement if you are a California resident whose private information was exposed in the October 2020 Total Vision data breach.,
American Consumer Credit Counseling - Data Breach Class Action Settlement,https://acccsettlement.com/,classaction,Settlements,2026-07-07,,9/16/26,"$45 - $3,500",No,,,You may be included in this settlement if your private information was exposed in the January 2025 American Consumer Credit Counseling data breach.,
Lighthouse Electric Company - Data Breach Class Action Settlement,https://lighthouseelectricdataincident.com/,classaction,Settlements,2026-07-07,,9/14/26,"$60 - $2,750",No,,,"If your personal information was exposed in the October 2024 Lighthouse Electric Company data breach, you may be included in this settlement.",
Call-On-Doc - Data Privacy Class Action Settlement,https://callondoccipasettlement.com/,classaction,Settlements,2026-07-07,,8/29/26,$20,No,,,"You may be included in this settlement if you created an account on the Call-On-Doc website on or after November 7, 2023, or if you were a registered Call-On-Doc user and started to book an appointment for medical care on or after November 7, 2021.",
Western Montana Clinic - Data Breach Class Action Settlement,https://www.wmcsettlement.com/,classaction,Settlements,2026-07-07,,9/15/26,"Up to $5,000",No,,,"You may be included in this settlement if your personal information was exposed in the Western Montana Clinic data breach that occurred between March 11, 2025 and April 15, 2025.",
Regal Movies Journey to Aloha Sweepstakes,https://www.regmovies.com/promotions/journey-to-aloha-sweepstakes-rules?,sweepsadvantage,Sweepstakes,2026-07-07,,,,,,,,
GustoTV Maddie & Kiki’s BBQ Barn Giveaway,https://gustotv.com/maddie-kikis-bbq-barn-giveaway/,sweepsadvantage,Sweepstakes,2026-07-07,,,,,,,,
Basilie Summer Giveaway,https://basilie.com/summergiveaway,sweepsadvantage,Sweepstakes,2026-07-07,,,,,,,,
Simon & Schuster Bridal Book Bundle 2026 Sweepstakes,https://www.simonandschuster.com/rules/4ea0aa0a-dc28-4759-8283-46c13c27e0a7,ilovegiveaways,Sweepstakes,2026-07-07,,,,,,,,https://ilovegiveaways.com/wp-content/uploads/2026/03/ilg-logo-350x55b-1.png
"Topgolf Ultimate Summer 2026 Sweepstakes – Win $3,500 in Prizes",https://topgolf.com/us/promo/ultimate-summer-sweepstakes-2026/,ilovegiveaways,Sweepstakes,2026-07-07,,,,,,,,https://ilovegiveaways.com/wp-content/uploads/2026/03/ilg-logo-350x55b-1.png
Alltroo Darius Rucker Ford Hennessey VelociRaptor Truck Sweepstakes,https://alltroo.com/rally/darius-rucker-2/,sweepsadvantage,Sweepstakes,2026-07-07,,,,,,,,https://alltroo.com/wp-content/uploads/2026/06/DariusRucker_HennesseyTruck_Q226_Site_RallyCard.jpg
Fre Wines Cooler Summer Sweepstakes 2026 – Win a Cooler,https://www.frewines.com/cooler-summer-sweeps-rules/,ilovegiveaways,Sweepstakes,2026-07-07,,,,,,,,https://ilovegiveaways.com/wp-content/uploads/2026/03/ilg-logo-350x55b-1.png
The Z. Alexander Brown Uncaged Summer Sweepstakes,https://zabuncagedsummersweeps.com/en/IH6609/submission/form,ultracontest,Sweepstakes,2026-07-07,,,,,,,,https://zabuncagedsummersweeps.com/en/assets/thumbnail_socialShareUrlCard.png
The BMW Summer of Soccer Sweepstakes,https://2026dempseytrackday.eventsbmw.com/#rsvp,ultracontest,Sweepstakes,2026-07-07,,,,,,,,
Silversea Summer Caribbean Cruise for Two 2026 Sweepstakes,https://silverseacaribbeangetaway.com/rules,ilovegiveaways,Sweepstakes,2026-07-07,,,,,,,,https://ilovegiveaways.com/wp-content/uploads/2026/03/ilg-logo-350x55b-1.png
Evolv Technologies $15M Securities Class Action Settlement,https://www.evolvtechsecuritiessettlement.com/,claimdepot,Settlements,2026-07-07,Open for Claims,,$0.05 per share,Yes,,,,
FitOn $2.5M Video Privacy Class Action Settlement,https://cw.simpluris.com/docs/public/downloads/FZC/CLAIM_FORM,claimdepot,Settlements,2026-07-07,Open for Claims,,Up to $10,,,,,
Liberty Mutual $13.4 Million 401(k) Plan ERISA Settlement,https://libertymutual401ksettlement.com/,claimdepot,Settlements,2026-07-07,"August 22, 2026",,$10 and up (varies by participant),,,,,
Resident Home Mattress Deceptive Advertising Settlement,https://angeion-public.s3.amazonaws.com/www.mattresspricingsettlement.com/docs/RHM%20-%20Claim%20Form%20(Updated,claimdepot,Settlements,2026-07-07,Open for Claims,,$30 voucher,,,,,
American Airlines Chargers Perks Sweepstakes (3 Winners),https://www.chargersperks.com/,freebieshark,Sweepstakes,2026-07-08,,,,,,,,
Wheel of Fortune “Drink in America” Sweepstakes (10 Winners),https://www.wheeloffortune.com/win/drink-in-america,freebieshark,Sweepstakes,2026-07-08,,,,,,,,
Francis Coppola “Perfect Your Pizza” Sweepstakes (9 Winners),https://www.coppolaperfectyourpizza.com/en/gate,freebieshark,Sweepstakes,2026-07-08,,,,,,,,https://coppolaperfectyourpizza.com/en/assets/thumbnail_socialShareUrlCard.png
"Nestle Purina Petcare Chief Snuggle Officer Contest – $25,000 Prize!",https://www.purina.com/s/puppy-chow-kitten-chow-chief-snuggle-officer-contest,sweetiessweeps,Sweepstakes,2026-07-08,,,,,,,,https://www.purina.com/sites/default/files/2026-05/cso_opengraph_image.jpg
LIVE's with Kelly & Mark Back-to-School Hacks Inbox Sweepstakes,https://livewithkellyandmark.com/uncategorized/malt-o-meal-back-to-school-inbox/,sweepsadvantage,Sweepstakes,2026-07-08,,,,,,,,https://livewithkellyandmark.com/wp-content/uploads/2026/06/INBOX-malto-btn-01.psd-1.jpg
The Regal Crown Club Minions & Monsters The BIGGEST Sweepstakes,https://www.regmovies.com/promotions,ultracontest,Sweepstakes,2026-07-08,,,,,,,,
"Vintage Guitar Dream Gear Giveaway 2026 – Win $5,831 in Music Gear",https://www.vintageguitar.com/91181/dreamgeargiveaway/,ilovegiveaways,Sweepstakes,2026-07-08,,,,,,,,https://ilovegiveaways.com/wp-content/uploads/2026/03/ilg-logo-350x55b-1.png
Radiance Technologies Independence Bowl Summer of Giveaways - Week 3 Contest,https://sweepwidget.com/c/100497-3srbkafe,sweepsadvantage,Sweepstakes,2026-07-08,,,,,,,,https://sweepwidgethosts.fra1.cdn.digitaloceanspaces.com/contestsmain/14dlqq66facdbd22ae055rsog7/jnky13xcf0.png
The Revolution 2026 Club and Country Sweepstakes,https://web.witcontests.com/revolution/sweepstakes/win/club-and-country-pack-260706,sweepsadvantage,Sweepstakes,2026-07-08,,,,,,,,"https://web.witcontests.com/cdn-img/width=854,quality=80/https://s3.amazonaws.com/wit-challenge-assets-prod/backgrounds/254-e357d5e2-3664-4c9a-9926-6ba656922c13.png"
DEWALT X McLaren F1 Team Ultimate Austin Experience Sweepstakes 2026,https://us.dewalt.com/mclaren_austinsweepstakes_officialrules/,ilovegiveaways,Sweepstakes,2026-07-08,,,,,,,,https://ilovegiveaways.com/wp-content/uploads/2026/03/ilg-logo-350x55b-1.png
"Legends Hospitality $812,900 Data Breach Settlement",https://legendsdatasettlement.com/,claimdepot,Settlements,2026-07-08,Open for Claims,,"Up to $5,000 plus credit monitoring",No,,,,
Naper Grove Vision Care Data Breach Class Action Settlement,https://cw.simpluris.com/docs/public/downloads/NFC1/CLAIM_FORM,claimdepot,Settlements,2026-07-08,Open for Claims,,"Up to $1,000 and/or credit monitoring",,,,,
SOONHARI Cooler Season Sweepstakes,https://soonhariusa.com/cooler-season/,sweepsadvantage,Sweepstakes,2026-07-08,,,,,,,,https://d2q6ite07t3u1l.cloudfront.net/public/soonhari2026/prod/seo/ShareImage-5_3-v2.webp
"Z. Alexander Brown Uncaged Summer 2026 $25,000 Sweepstakes",https://zabuncagedsummersweeps.com/,ilovegiveaways,Sweepstakes,2026-07-08,,,,,,,,https://ilovegiveaways.com/wp-content/uploads/2026/03/ilg-logo-350x55b-1.png
Equifax $2.2M Credit File Error Class Action Settlement,https://angeion-public.s3.amazonaws.com/www.duplicateaccountfcrasettlement.com/docs/Equifax%20Bradberry_Claim%20Form.pdf,claimdepot,Settlements,2026-07-08,"September 1, 2026",,Up to $600 plus credit monitoring,,,,,
Natural Gear Fishing Apparel Giveaway,https://naturalgear.com/fishing-apparel-giveaway/,sweepsadvantage,Sweepstakes,2026-07-08,,,,,,,,https://naturalgear.com/content/media-resources/logos/NaturalGear-logo-color.png
Hot Wheels Jeep Wrangler Sweepstakes,https://jeep.hotwheelssweepstakes.com/,freebieshark,Sweepstakes,2026-07-09,,,,,,,,https://Jeep.HotWheelsSweepstakes.com/images/hero.jpg
Corona Perfect Beach Day Essentials 2026 Sweepstakes,https://cbisweeps.com/PerfectBeachDay,sweepsadvantage,Sweepstakes,2026-07-09,,,,,,,,
Emily Reviews 21 Gallon Motion Sensor Trash Can Giveaway,https://www.emilyreviews.com/2026/07/eko-mirage-x-21-gallon-motion-sensor-trash-can-review-giveaway.html,sweepsadvantage,Sweepstakes,2026-07-09,,,,,,,,
Natural Grocers 2026 Summer Savings Npower Member Spend and Win Sweepstakes,https://www.naturalgrocers.com/contest/win-summer-cooler-and-trip,sweepsadvantage,Sweepstakes,2026-07-09,,,,,,,,
"BJ’s Summer of Savings Sweepstakes 2026 – Win $5,000 in Gift Cards",https://bjsummerssweeps.onprobability.com/rules,ilovegiveaways,Sweepstakes,2026-07-09,,,,,,,,https://ilovegiveaways.com/wp-content/uploads/2026/03/ilg-logo-350x55b-1.png
"BrandSafway $612,500 Washington Job Posting Settlement",https://epoasettlementbsw.com/,claimdepot,Settlements,2026-07-09,Open for Claims,,"Up to $5,000",,,,,
Woot Mega B.O.C. Sweepstakes 2026 – Win a Box o’ Crap!,https://forums.woot.com/t/woot-forum-giveaway-official-rules,ilovegiveaways,Sweepstakes,2026-07-09,,,,,,,,https://ilovegiveaways.com/wp-content/uploads/2026/03/ilg-logo-350x55b-1.png
Backchecked $535K Data Breach Class Action Settlement,https://cw.simpluris.com/docs/public/downloads/BSC3/CLAIM_FORM,claimdepot,Settlements,2026-07-09,Open for Claims,,"$50 - $2,500",,,,,
Whipnash Made in America Giveaway Sweepstakes,https://win.whipnash.com/control?_gl=1,sweepsadvantage,Sweepstakes,2026-07-09,,,,,,,,
The Visit Beloit 48 Hours of Summer Sweepstakes,https://visitbeloit.com/win/,ultracontest,Sweepstakes,2026-07-09,,,,,,,,https://visitbeloit.com/wp-content/uploads/Family-Eating-Ice-Cream-Northwoods-Beloit.png
Las Vegas Aces Away Game Getaway Trip Giveaway 2026,https://go.lasvegasaces.com/allinally,ilovegiveaways,Sweepstakes,2026-07-09,,,,,,,,https://ilovegiveaways.com/wp-content/uploads/2026/03/ilg-logo-350x55b-1.png
USAA $647K Total Loss Class Action Settlement,https://www.marcheksettlement.com/Portals/0/Document%20Files/LF%20Notice.pdf?ver=FuLFJx3vm9B_mfjzqEPpcg%3d%3d,claimdepot,Settlements,2026-07-09,Open for Claims,,Varies,,,,,
Cinemark Cinemark's Supergirl Los Angeles Studio Tour Sweepstakes,https://www.cinemark.com/supergirlstudiotourloyaltysweepstakes,sweepsadvantage,Sweepstakes,2026-07-09,,,,,,,,
Gardner White “Bring it Home for Kids” Sweepstakes (6 Winners),https://www.gardner-white.com/childrens-foundation#entry-form,freebieshark,Sweepstakes,2026-07-10,,,,,,,,
True Citrus “Refresh Your Summer” Sweepstakes (16 Winners),https://app.viralsweep.com/contest/full/fa0770-230786?framed=1,freebieshark,Sweepstakes,2026-07-10,,,,,,,,https://res.cloudinary.com/viralsweep/image/upload/v1783436252/ckfszbunylnfigsl04np.png
"Hilton “Paris Points Fooji” Sweepstakes (1,180 Winners)",https://parispoints.prod.fooji.com/,freebieshark,Sweepstakes,2026-07-10,,,,,,,,https://images.prod.fooji.com/original/preview_image.webp
Capital One x Gracie Abrams Sweepstakes (10 Winners),https://capital-one-x-gracie-abrams.prod.fooji.com/,freebieshark,Sweepstakes,2026-07-10,,,,,,,,https://images.prod.fooji.com/original/preview_image.webp
This Year’s BEST Audible Offer: 3 FREE Months + $20 Credit!,https://www.amazon.com/hz/audible/arya/mlp?purchaseType=STANDARD_MTRIAL&linkCode=ll2&tag=hip2saveexclusive-20&linkId=be7e624fd84f8eba0050775f42fcdca4&language=en_US&ref_=as_li_ss_tl,hip2save,Freebies,2026-07-10,,,,,,,,
National French Fry Day 2026: Every Free Fry Deal You Can Grab Today,https://www.bk.com/rewards,hip2save,Freebies,2026-07-10,,,,,,,,
FREE Menchie’s Frozen Yogurt on 7/17 (First 50 Customers Only!),https://registrationinfo.net/menchies,hip2save,Freebies,2026-07-10,,,,,,,,
Regal Crown Club The Grand Odyssey Sweepstakes,https://www.regmovies.com/promotions/the-odyssey-sweepstakes-rules,sweepsadvantage,Sweepstakes,2026-07-10,,,,,,,,
Southwest Airlines Runway to Wrigley Sweepstakes,https://southwestcubssweepstakes.com/,sweepsadvantage,Sweepstakes,2026-07-10,,,,,,,,
Good Eggs $2500 Grocery Summer Sweepstakes,https://offers.goodeggs.com/summerofsales/,sweepsadvantage,Sweepstakes,2026-07-10,,,,,,,,
The Latin Takeover Cruise Cabin Giveaway,https://giveaway.latintakeover.com/pages/the-prize,sweepsadvantage,Sweepstakes,2026-07-10,,,,,,,,
Rubys The Dream Getaway Giveaway,https://www.rubys.com/dream-getaway/?,sweepsadvantage,Sweepstakes,2026-07-10,,,,,,,,
University of St. Thomas Data Breach Class Action Settlement,https://cw.simpluris.com/docs/public/downloads/UCC2/LONG_FORM_NOTICE,claimdepot,Settlements,2026-07-10,Open for Claims,,"$50 - $4,500",,,,,
Orkin’s Insect 2151 Science Fair Contest - 7 Winners,https://orkininsect2151.com/,sweepsadvantage,Sweepstakes,2026-07-10,,,,,,,,https://orkin-science-fair-2026-stage-assets.s3.amazonaws.com/2026.sciencefaircontest/assets/images/
The Saved Effect: True Stories Of Lives Reclaimed By People Who Were Willing To Act Giveaway,https://famadillo.com/win-one-five-copies-of-the-saved-effect-true-stories-of-lives-reclaimed-by-people-who-were-willing-to-act/,contestlisting,Sweepstakes,2026-07-10,September 30 at 11:59 PM,,,,,United States,,
Your Good Death: Why End-Of-Life Healthcare Is So Difficult And How To Make It Work For You Giveaway,https://famadillo.com/win-one-five-copies-of-your-good-death-why-end-of-life-healthcare-is-so-difficult-and-how-to-make-it-work-for-you/,contestlisting,Sweepstakes,2026-07-10,September 30 at 11:59 PM,,,,,United States,,
Bridging The Rivers Of Difference: A Proclamation Of Unity In Resistance Giveaway,https://famadillo.com/win-one-five-copies-of-bridging-the-rivers-of-difference-a-proclamation-of-unity-in-resistance/,contestlisting,Sweepstakes,2026-07-10,September 30 at 11:59 PM,,,,,United States,,
The NCAA Women's Final Four Ticket Giveaway,https://cloud.mail2.ncaa.com/championships?ol=2669307746&pageID=WFF27_ETW_SFMC,ultracontest,Sweepstakes,2026-07-10,,,,,,,,
Wholesome’s “Paws & Popcorn” Sweepstakes,https://wholesomespetfood.com/paws-and-popcorn-giveaway-2026/,freebieshark,Sweepstakes,2026-07-11,,,,,,,,
American Airlines “HEAT Perks” Sweepstakes,https://www.aa.com/HEATPerks,freebieshark,Sweepstakes,2026-07-11,,,,,,,,
"Reckitt “$4,000 Summer Staycation” Sweepstakes (2 Winners)",https://reckitt.jebbit.com/sd2lr14u?L=Full+Page,freebieshark,Sweepstakes,2026-07-11,,,,,,,,https://i.jebbit.com/images/yhSfCWd9/business-images/d0mLao8RsyskyRhWKJNj_Reckitt_HyHo_coBranded_Campaign2025_JebbitExperience_Intro_Desktop_2.jpg
FREE Cesar Dog Food Sample!,https://e.sampltech.com/cesar-core-us-feb-2026,hip2save,Freebies,2026-07-11,,,,,,,,https://cf1.sampltech.com/hNst5FG32LNuerAciEE4uJQ3zNpbRpwmXqxNZT1H.png
Spirit Halloween Willow Witch Animatronic Sweepstakes,https://m.cmpgn.page/QXPwLQ?,sweepsadvantage,Sweepstakes,2026-07-11,,,,,,,,
"People Nordstrom Anniversary Sale Dream Haul $5,000 Sweepstakes",https://forms.people.inc/peopleinc/people_app_nordstrom_sweepstakes_rules,ilovegiveaways,Sweepstakes,2026-07-11,,,,,,,,https://ilovegiveaways.com/wp-content/uploads/2026/03/ilg-logo-350x55b-1.png
Natural Grocers Summer Savings Npower Glacier Park Sweepstakes 2026,https://www.naturalgrocers.com/contest-rules,ilovegiveaways,Sweepstakes,2026-07-11,,,,,,,,https://ilovegiveaways.com/wp-content/uploads/2026/03/ilg-logo-350x55b-1.png
The Capital Grille Generous Pour Napa Valley Trip Sweepstakes 2026,https://media.thecapitalgrille.com/en_us/pdf/TCG_Generous_Pour_2026_Official_Rules.pdf,ilovegiveaways,Sweepstakes,2026-07-11,,,,,,,,https://ilovegiveaways.com/wp-content/uploads/2026/03/ilg-logo-350x55b-1.png
TheKitchn Year’s Supply of All-Natural Breaded Chicken Giveaway,https://www.thekitchn.com/nature-raised-farms-sweepstakes-23786290?,sweepsadvantage,Sweepstakes,2026-07-11,,,,,,,,
The Capital Grille Generous Pour Sweepstakes,https://krowdweb.wufoo.com/forms/enter-for-a-chance-to-win-a-trip-to-napa-valley/,ultracontest,Sweepstakes,2026-07-11,,,,,,,,
Mickey’s Q3 2026 Kawasaki Mule SX 4×4 Sweepstakes,https://mickeythemoose.com/pages/rules,ilovegiveaways,Sweepstakes,2026-07-11,,,,,,,,https://ilovegiveaways.com/wp-content/uploads/2026/03/ilg-logo-350x55b-1.png
Visit Lake County Summer Giveaway - 2 Winners,https://www.visitlakecounty.org/Road-Trips-Giveaway,sweepsadvantage,Sweepstakes,2026-07-11,,,,,,,,https://www.visitlakecounty.org//images/roadtrips/sfgam223.jpg
World Bass Enterprises Ranger Boat & Cash Sweepstakes 2026,https://www.worldbassenterprises.com/merchant-store-sweepstakes#embedded-rules,ilovegiveaways,Sweepstakes,2026-07-11,,,,,,,,https://ilovegiveaways.com/wp-content/uploads/2026/03/ilg-logo-350x55b-1.png
Solar Coaster: The Untold Story Of The Solar Industry And One Man’s Journey Leading With Soul Giveaway,https://famadillo.com/win-one-five-copies-of-solar-coaster-the-untold-story-of-the-solar-industry-one-mans-journey-leading-with-soul/,contestlisting,Sweepstakes,2026-07-11,September 30 at 11:59 PM,,,,,United States,,https://famadillo.com/wp-content/uploads/2026/07/COVER-Solar-Coaster-by-Jared-Schoch.jpg
"Good Eggs Grocery Summer Sweepstakes – Win $2,500 in Groceries 2026",https://www.goodeggs.com/terms/referral,ilovegiveaways,Sweepstakes,2026-07-11,,,,,,,,https://ilovegiveaways.com/wp-content/uploads/2026/03/ilg-logo-350x55b-1.png
The Machines Will See You Now: A Human Roadmap To Autonomous Health Care Giveaway,https://famadillo.com/win-one-five-copies-of-the-machines-will-see-you-now-a-human-roadmap-to-autonomous-health-care/,contestlisting,Sweepstakes,2026-07-11,September 30 at 11:59 PM,,,,,United States,,https://famadillo.com/wp-content/uploads/2026/07/Madan_Cover.jpg
Cowhorn Weekends Sweepstakes,https://cowhorn.wine/getaway?,sweepsadvantage,Sweepstakes,2026-07-11,,,,,,,,http://static1.squarespace.com/static/6834dcc7d509b005d30d3812/t/69e964ce3af7d1473e74e77e/1777232377140/IMG_2022.jpg?format=1500w
Bubba’s 33 “Harley Davidson” Sweepstakes,https://form.bubbas33.com/harley-davidson-giveaway-2026,freebieshark,Sweepstakes,2026-07-12,,,,,,,,
Hallmark Channel “Christmas Cruise” Sweepstakes,https://www.hallmarkgoldcrownsweepstakes.com/,freebieshark,Sweepstakes,2026-07-12,,,,,,,,https://d3bpovaq9i9i0i.cloudfront.net/eyJidWNrZXQiOiJmaWxlci5zd2VlcHByb21vLmNvbSIsImVkaXRzIjp7InJlc2l6ZSI6eyJ3aWR0aCI6MTkyMCwiaGVpZ2h0IjoxMDA4LCJmaXQiOiJpbnNpZGUiLCJ3aXRob3V0RW5sYXJnZW1lbnQiOnRydWV9LCJyb3RhdGUiOm51bGx9LCJrZXkiOiJTd2VlcC5GYnNoYXJlLjc1Ny5lbmcuX3YxNzgyNDY4NzEzanBnIn0=
Boston Common Golf 2026 Upper Deck Sweepstakes - 3 Winners,https://web.witcontests.com/bcg/sweepstakes/win/upperdeck-260624,sweepsadvantage,Sweepstakes,2026-07-12,,,,,,,,"https://web.witcontests.com/cdn-img/width=854,quality=80/https://s3.amazonaws.com/wit-challenge-assets-prod/backgrounds/120-567ca4d5-7c1a-49dd-99dd-896bb99915d4.jpeg"
Sleep Outfitters Giveaway,https://sleepoutfitters.com/sleep-outfitters-giveaway/,sweepsadvantage,Sweepstakes,2026-07-12,,,,,,,,
Margaritaville at Sea + Zac Brown Band National Contest,https://www.audacy.com/y108/contests/win-the-ultimate-zac-brown-band-experience-and-a-chance-to-set-sail-on-the-margaritaville-beachcomber,sweepsadvantage,Sweepstakes,2026-07-12,,,,,,,,https://www.audacy.com/media-library/image.png?id=67070767&width=1200&height=600&coordinates=0%2C62%2C0%2C63
Nature Made 2026 Nature Made Gift Card Sweepstakes - 20 Winners,https://familymedia.com/naturemade,sweepsadvantage,Sweepstakes,2026-07-12,,,,,,,,https://family-media.transforms.svdcdn.com/production/page-poster-images/familymedia-page-card-image_2025-09-23-154321_aonb.png?w=1200&amp;h=630&amp;q=82&amp;auto=format&amp;fit=crop&amp;dm=1758642204&amp;s=5c74a9509a9f44a52daac8dcae70429c
Freeway’s NASCAR Cup Series Race Weekend Sweepstakes - 2 Winners,https://www.freeway.com/promotions/freeway-nascar-cup-series-race-weekend/,sweepsadvantage,Sweepstakes,2026-07-12,,,,,,,,https://www.freeway.com/wp-content/uploads/2026/04/FWY-NA-RACEDAYGIVEAWAY-570X277px-4416186387-Op3-V2-03-31-26-3.png
Icelandic Glacial x Circle K Sweepstakes,https://app.viralsweep.com/sweeps/full/a51e39-225940,ultracontest,Sweepstakes,2026-07-12,,,,,,,,
The NHL All-Star Weekend Sweepstakes,https://www.nhl.com/events/all-star/,ultracontest,Sweepstakes,2026-07-12,,,,,,,,https://media.d3.nhle.com/image/private/t_ratio16_9-size50/prd/ki0m6r5k2tsdihpdcswe.png
Regal Crown Club Journey to Aloha Sweepstakes: Win a Hawaii Vacation for Four,https://www.regmovies.com/promotions/journey-to-aloha-sweepstakes-rules,ilovegiveaways,Sweepstakes,2026-07-12,,,,,,,,https://ilovegiveaways.com/wp-content/uploads/2026/03/ilg-logo-350x55b-1.png
USRider Colorado Jumping Tour Trip for Two 2026 Contest,https://usrider.org/cojt-sweepstakes/,ilovegiveaways,Sweepstakes,2026-07-12,,,,,,,,https://ilovegiveaways.com/wp-content/uploads/2026/03/ilg-logo-350x55b-1.png
BargainBooksy Self Help Giveaway,https://www.bargainbooksy.com/self-help-self-improvement-giveaway-070126/,sweepsadvantage,Sweepstakes,2026-07-12,,,,,,,,https://www.bargainbooksy.com/wp-content/uploads/2026/06/Self-Help.png
NWF Clean Earth Challenge Sweepstakes,https://support.nwf.org/page/99522/petition/1?,sweepsadvantage,Sweepstakes,2026-07-12,,,,,,,,
"Sleep Outfitters 2026 Purchase Made Free Giveaway – Up to $5,000",https://sleepoutfitters.com/sleep-outfitters-giveaway/#embedded-rules,ilovegiveaways,Sweepstakes,2026-07-12,,,,,,,,https://ilovegiveaways.com/wp-content/uploads/2026/03/ilg-logo-350x55b-1.png
TaylorMade R7 Collection Golf Gear Sweepstakes 2026,https://www.taylormadegolf.com/r7-collection-giveaway-2026-rules.html,ilovegiveaways,Sweepstakes,2026-07-12,,,,,,,,https://ilovegiveaways.com/wp-content/uploads/2026/03/ilg-logo-350x55b-1.png
"Latin Takeover $4,000 Cruise Cabin for Two Giveaway 2026",https://giveaway.latintakeover.com/pages/official-rules,ilovegiveaways,Sweepstakes,2026-07-12,,,,,,,,https://ilovegiveaways.com/wp-content/uploads/2026/03/ilg-logo-350x55b-1.png
Forged4x4 2026 TRD Pro Tundra & Can-Am Maverick XRS Sweepstakes,https://club.forged4x4.com/rugged/order#embedded-rules,ilovegiveaways,Sweepstakes,2026-07-12,,,,,,,,https://ilovegiveaways.com/wp-content/uploads/2026/03/ilg-logo-350x55b-1.png
Crate and Barrel Sonos Match-Day Sweepstakes,https://www.crateandbarrel.com/sonos-match-day-sweeps,sweepsadvantage,Sweepstakes,2026-07-13,,,,,,,,
Gay NYC Dad Blog $15 Subway Gift Card Giveaway,https://www.gaynycdad.com/2026/07/subway-gift-card-giveaway-2.html,sweepsadvantage,Sweepstakes,2026-07-13,,,,,,,,
Excel Fitness Data Breach Class Action Settlement,https://excelfitnessdatasettlement.com/,claimdepot,Settlements,2026-07-13,Open for Claims,,"Up to $4,075 and/or credit monitoring",Yes,,,,
Cricket Wireless 2026 Cricket Wireless Value Hub Sweepstakes - 5030 Winners,https://www.cricketsweepstakes.com/valuehub,sweepsadvantage,Sweepstakes,2026-07-13,,,,,,,,
US Open Maestro Dobel Sweepstakes,https://usopenmaestrodobelsweeps.com/en/IH6438/submission/form,sweepsadvantage,Sweepstakes,2026-07-13,,,,,,,,https://usopenmaestrodobelsweeps.com/en/assets/thumbnail_socialShareUrlCard.png
LifeStance Health $3M Pixel Tracking Class Action Settlement,https://angeion-public.s3.amazonaws.com/www.lifestancepixelsettlement.com/docs/LifeStance_Settlement_Agreement.pdf,claimdepot,Settlements,2026-07-13,Open for Claims,,Pro rata share,,,,,
Rovelo Tire Unlock Your Smart Summer Drive 2026 Contest,https://rovelotire.ca/contests/unlock-smart-summer-drive/contest-rules/,ilovegiveaways,Sweepstakes,2026-07-13,,,,,,,,https://ilovegiveaways.com/wp-content/uploads/2026/03/ilg-logo-350x55b-1.png
The Only 2026 School Supply Price List You’ll Need,https://www.reuters.com/business/retail-consumer/us-back-to-school-bargain-hunt-starts-early-higher-bills-pressure-families-2026-07-06/,hip2save,Freebies,2026-07-14,,,,,,,,
Get Your Summer Reading In w/ 3 FREE Months of Audible + $20 Credit for Prime Members,https://www.amazon.com/hz/audible/arya/mlp?purchaseType=STANDARD_MTRIAL&linkCode=ll2&tag=hip2saveexclusive-20&linkId=be7e624fd84f8eba0050775f42fcdca4&language=en_US&ref_=as_li_ss_tl,hip2save,Freebies,2026-07-14,,,,,,,,
Roku “Howdy Summer” Sweepstakes (103 Winners),https://www.roku.com/blog/howdy-summer-sweeps,freebieshark,Sweepstakes,2026-07-14,,,,,,,,https://www.roku.com/assets/roku-logo-purple.png
Verizon “Free Rent” Sweepstakes (4 Winners),https://www.freerentsweeps.com/,freebieshark,Sweepstakes,2026-07-14,,,,,,,,
LifeStance Health Group - Data Privacy Class Action Settlement,https://www.lifestancepixelsettlement.com/,classaction,Settlements,2026-07-14,,9/29/26,Varies,No,,,"You may be included in this settlement if you booked at least one session through LifeStance’s online booking tool between March 1, 2020 and April 30, 2023.",
Emanate Health Medical Center - Data Privacy Class Action Settlement,https://www.emanateprivacysettlement.com/,classaction,Settlements,2026-07-14,,9/29/26,Varies,No,,,"If you logged into the Emanate patient portal and submitted an online form or scheduled an appointment on Emanate's website between August 30, 2019 and April 30, 2024.",
Equifax - Duplicate Collection Accounts Class Action Settlement,https://duplicateaccountfcrasettlement.com/,classaction,Settlements,2026-07-14,,9/1/26,Varies,No,,,You may be able to claim a piece of this settlement if you had a duplicate collection account reflected in your Equifax file at the same time there was an inquiry on your file in August or September 2022.,
"Dohman, Akerlund & Eddy - Data Breach Class Action Settlement",https://dohmandatasettlement.com/,classaction,Settlements,2026-07-14,,9/10/26,"$50 - $5,000",No,,,"You may be included in this settlement if your private information was compromised in the February 2024 Dohman, Akerlund & Eddy data breach.",
Generic Pharmaceuticals Antitrust Class Action Settlement,https://www.genericdrugsendpayersettlement.com/,classaction,Settlements,2026-07-14,,11/9/26,Varies,No,,,"You may be able to claim a piece of this settlement if you paid for certain prescription generic drugs between May 1, 2009 and December 31, 2019.",
FitOn - Data Privacy Class Action Settlement,https://fitonvppasettlement.com/,classaction,Settlements,2026-07-14,,8/31/26,$10,No,,,"You may be included in this settlement if you had a FitOn account and watched or acquired a pre-recorded video on the platform between October 22, 2022 and May 29, 2026.",
Guitar Center - Employee Wages Class Action Settlement,https://www.caemployeesettlementguitarcenter.com/,classaction,Settlements,2026-07-14,,9/1/26,Varies,N/A,,,"You may be included in this settlement if you worked for Guitar Center as a non-exempt employee between January 11, 2020 and July 11, 2025.",
Dovenmuehle - Phone Payment Fees Class Action Settlement,https://dovenmuehlephonefeelawsuit.com/home,classaction,Settlements,2026-07-14,,9/23/26,Varies,N/A,,,"This settlement covers those with a residential mortgage loan securing a property in North Carolina that was serviced by Dovenmuehle who paid a fee for making a loan payment by phone between April 10, 2020 and January 13, 2026.",
Rattlesnake Cable Company Gift Card Giveaway,https://app.viralsweep.com/vrlswp/widget/a0a43e-230783&framed=1,sweepsadvantage,Sweepstakes,2026-07-14,,,,,,,,
Fulton Fish Market & Kind Wild Wines Summer Soirée Giveaway,https://app.viralsweep.com/sweeps/full/9a662a-226474?framed=1,sweepsadvantage,Sweepstakes,2026-07-14,,,,,,,,
Picksy $150 Mejuri Gift Card Giveaway,https://picksy.com/sweepstakes/entry?sweepId=picksy-mejuri-eo,sweepsadvantage,Sweepstakes,2026-07-14,,,,,,,,
Picksy Win an Anthropologie Favorites Bundle Giveaway,https://picksy.com/sweepstakes/entry?sweepId=picksy-anthro-eo,sweepsadvantage,Sweepstakes,2026-07-14,,,,,,,,
PawBelly 3 Months Free Giveaway,https://lp.pawbelly.org/#section-8K-hFs52Hw,sweepsadvantage,Sweepstakes,2026-07-14,,,,,,,,https://assets.cdn.filesafe.space/beCKtttBQrQ5750V4y3z/media/67ee123891830890970c54ae.webp
Cricket Wireless Money in the Bank Flyaway Sweepstakes,https://www.cricketsweepstakes.com/wwe,sweepsadvantage,Sweepstakes,2026-07-14,,,,,,,,
WinCo Back to School with Our General Mills Favorites  - 5 Winners,https://promotions.wincofoods.com/box-tops/,sweepsadvantage,Sweepstakes,2026-07-14,,,,,,,,
Hoop Tea Summer Road Trip Sweepstakes,https://v2.playmaker.beer/hoopteaallamericansummerroadtrip,ultracontest,Sweepstakes,2026-07-14,,,,,,,,
"The Amazon Prime ""Ride or Die"" Sweepstakes",https://www.tripadvisor.com/InformationCenter-e21vKL62mdlYc46oPVqmMwH,ultracontest,Sweepstakes,2026-07-14,,,,,,,,
Lowe’s Paw Patrol: The Dino Movie Ticket Sweepstakes 2026,https://www.lowes.com/pdf/Lowes_2026_Paw_Patrol_Sweepstakes_OFFICIAL_RULES-FINAL.pdf,ilovegiveaways,Sweepstakes,2026-07-14,,,,,,,,https://ilovegiveaways.com/wp-content/uploads/2026/03/ilg-logo-350x55b-1.png
"Verizon Free Rent $1,200 Cash for Rent Sweepstakes 2026",https://d1v58eqpqo0kww.cloudfront.net/41YJJHG3YJ/pdf/18fab3b9-43d8-4ddf-8864-bff5e1ce9775/THE%20VERIZON%20FREE%20RENT%20SWEEPSTAKES%202026.pdf,ilovegiveaways,Sweepstakes,2026-07-14,,,,,,,,https://ilovegiveaways.com/wp-content/uploads/2026/03/ilg-logo-350x55b-1.png
"The Viking Q3 ""2027 8-Day Journey"" Sweepstakes",https://www.vikingcruisescanada.com/oceans/special-offers/sweepstakes/europe-north-america-sweepstakes/index.html,ultracontest,Sweepstakes,2026-07-14,,,,,,,,
Circle K Froster & Summer Snacks Instant Win Game & Sweepstakes,https://summercallsforsnacks.th12ty.com/,sweepsadvantage,Sweepstakes,2026-07-15,,,,,,,,
Payactiv Data Breach Class Action Settlement,https://payactivdataincidentsettlement.com/faq/,claimdepot,Settlements,2026-07-15,Open for Claims,,"Up to $2,500 plus credit monitoring",,,,,
"SportsEdTV $500,000 Privacy Class Action Settlement",https://sportsedtvsettlement.com/,claimdepot,Settlements,2026-07-15,"September 10, 2026",,Pro rata payment,,,,,
DoubleTree by Hilton Chicago-Alsip Family Fun Giveaway,https://sweepwidget.com/c/100570-23xwq8jp,sweepsadvantage,Sweepstakes,2026-07-15,,,,,,,,https://sweepwidgethosts.fra1.cdn.digitaloceanspaces.com/contestsmain/7vvaop68fa8ad434c7asv9rzb4/c61vnkx3ut.png
Mom Envy Amazon Gift Card Giveaway - 2 Winners,https://sweepwidget.com/c/100877-7knap30u,sweepsadvantage,Sweepstakes,2026-07-15,,,,,,,,
Kollegio AI Scholarship Giveaway - 3 Winners,https://sweepwidget.com/c/100843-r45puylm,sweepsadvantage,Sweepstakes,2026-07-15,,,,,,,,https://sweepwidgethosts.fra1.cdn.digitaloceanspaces.com/contestsmain/3echl5690a1bd723f066ixw747/rtpgbd4ehy.png
Viking Ocean Cruises 2027 8-Day Journey Sweepstakes,https://www.vikingcruisescanada.com/sweepstakes-details/europe-north-america-sweepstakes/terms.html,ilovegiveaways,Sweepstakes,2026-07-15,,,,,,,,https://ilovegiveaways.com/wp-content/uploads/2026/03/ilg-logo-350x55b-1.png
Coca-Cola “Daytona 500 Flyaway” Sweepstakes,https://www.coca-cola.com/us/en/offerings/partners/nascar,freebieshark,Sweepstakes,2026-07-16,,,,,,,,https://www.coca-cola.com/content/dam/onexp/global/icons/coca-cola-default.png
Club Crackers x Butter Wines “Napa Weekend” Sweepstakes,https://www.butternapaweekend.clubcrackers.com/en-us/home.html,freebieshark,Sweepstakes,2026-07-16,,,,,,,,
FREE Neutrogena Face Wash After Walmart Cash,https://go.shopmy.us/p-71742165,hip2save,Freebies,2026-07-16,,,,,,,,
FREE Claude AI Access for Teachers,https://www.anthropic.com/news/claude-for-teachers,freebieshark,Freebies,2026-07-16,,,,,,,,https://cdn.sanity.io/images/4zrzovbb/website/6d4a0d28992ade92d6fa63646fd9c9d318245c6c-2400x1260.jpg
She Speaks Lysol at Walmart Giveaway,https://shespeaks.com/Celebrate-America-s-250th-Birthday-with-Lysol-Available-at-Walmart,sweepsadvantage,Sweepstakes,2026-07-16,,,,,,,,
Coast Packing’s Beef Tallow French Fries Contest #BeefTallowFrenchFries,https://coastpacking.com/recipes/,sweetiessweeps,Sweepstakes,2026-07-16,,,,,,,,https://coastpacking.com/wp-content/uploads/Recipes.jpg
EliteLearning Summer Essentials Giveaway,https://ce.elitelearning.com/summer-giveaway/,sweepsadvantage,Sweepstakes,2026-07-16,,,,,,,,
The On The Rocks Five Star Weekend Sweepstakes - 70 Prizes,https://fivestar.otrcocktails.com/,sweepsadvantage,Sweepstakes,2026-07-16,,,,,,,,https://images.prod.fooji.com/original/preview_image.webp
Visit Orlando Family Vacation Sweepstakes,https://www.visitorlando.com/win-a-trip/,sweepsadvantage,Sweepstakes,2026-07-16,,,,,,,,"https://assets.simpleviewinc.com/simpleview/image/upload/c_limit,h_1200,q_75,w_1200/v1/clients/orlandofl/175322_adult_pool_46f7582b-e9ef-4e52-aed7-822d3198a664.jpg"
Sideshow Collectibles Hulk Giveaway,https://www.sideshow.com/contest/sideshow-hulk-giveaway,sweepsadvantage,Sweepstakes,2026-07-16,,,,,,,,
Sideshow Collectibles Supergirl & Krypto Giveaway,https://www.sideshow.com/contest/Supergirl-Krypto-Sixth-Scale-Figure-Set-July-Newsletter-Giveaway,sweepsadvantage,Sweepstakes,2026-07-16,,,,,,,,
Sideshow Collectibles Sadako Bishoujo Giveaway,https://www.sideshow.com/contest/mm-sadako-bishoujo-giveaway,sweepsadvantage,Sweepstakes,2026-07-16,,,,,,,,
Tunespeak The Modbeats Sweepstakes,https://www.tunespeak.com/campaign/6a3d3494e384640001e69d4c,sweepsadvantage,Sweepstakes,2026-07-16,,,,,,,,
$2.95M STIIIZY data breach class action settlement,https://stiiizydatabreachsettlement.pnclassaction.com/,topclassactions,Settlements,2026-07-16,,,,,,,,
The Blue Ridge Outdoors South Carolina Escape Sweepstakes,https://www.blueridgeoutdoors.com/contests/the-ultimate-south-carolina-escape-win-a-weekend-of-adventure-dining/,ultracontest,Sweepstakes,2026-07-16,,,,,,,,https://www.blueridgeoutdoors.com/wp-content/uploads/2026/06/Calhoun-Falls.jpg
The Blue Ridge Outdoors Grant County Getaway Sweepstakes,https://www.blueridgeoutdoors.com/contests/naturally-untamed-2-night-mountain-escape/,ultracontest,Sweepstakes,2026-07-16,,,,,,,,https://www.blueridgeoutdoors.com/wp-content/uploads/2026/06/543810609_18056857169550178_176971050540585266_n-1.jpg
"Night US, Brooklyn Bedding $8.16M Class Action Settlement",https://nightbbsettlement.com/,claimdepot,Settlements,2026-07-16,Open for Claims,,$110 per qualifying mattress order,,,,,
"GREAT Entertainment Television House Call $1,000 Gift Card Sweepstakes 2026",http://watchgreat.com/sweeps-rules,ilovegiveaways,Sweepstakes,2026-07-16,,,,,,,,https://ilovegiveaways.com/wp-content/uploads/2026/03/ilg-logo-350x55b-1.png
Buffalo Trace Distillery Summer Camp Sweepstakes 2026,https://iframe-mdm.buffalotracedistillery.com/btdcamp/rules.aspx,ilovegiveaways,Sweepstakes,2026-07-16,,,,,,,,https://ilovegiveaways.com/wp-content/uploads/2026/03/ilg-logo-350x55b-1.png
She Speaks Ocean Spray Giveaway,https://shespeaks.com/Discover-Ocean-Spray-CranBlends-Flavors-Worth-Celebrating-at-Walmart,sweepsadvantage,Sweepstakes,2026-07-16,,,,,,,,
iTrustCapital USC Game Day Getaway 2026 Sweepstakes,https://www.itrustcapital.com/usc-game-day-getaway#embedded-rules,ilovegiveaways,Sweepstakes,2026-07-16,,,,,,,,https://ilovegiveaways.com/wp-content/uploads/2026/03/ilg-logo-350x55b-1.png
She Speaks Summer Snack Boards Giveaway,https://shespeaks.com/The-Ultimate-Guide-to-Summer-Snack-Boards,sweepsadvantage,Sweepstakes,2026-07-16,,,,,,,,
FIJI Water 2026 Summer Sweepstakes & Instant Win Game: Jeep Wrangler,https://www.fijisummersweeps.com/rules,ilovegiveaways,Sweepstakes,2026-07-16,,,,,,,,https://ilovegiveaways.com/wp-content/uploads/2026/03/ilg-logo-350x55b-1.png
Unicorn Trails Yellowstone Ranch Sweepstakes,https://www.horseillustrated.com/yellowstone-ranch-giveaway/,sweepsadvantage,Sweepstakes,2026-07-16,,,,,,,,
Chantix $44 Million Carcinogen Contamination Settlement,https://chantixsettlement.com/,claimdepot,Settlements,2026-07-16,Open for Claims,,Up to the total amount paid for Chantix,Yes,,,,
Now Open: SunTrust Bank $240M Overdraft Fee Settlement,https://suntrustoverdraftclassaction.com/Content/Documents/Notice.pdf,claimdepot,Settlements,2026-07-16,Open for Claims,,Varies,,,,,
"Liquid Death “Gets You Chicken Wings” Sweepstakes (1,500 Winners)",https://airbaton.net/l/liquiddeath,freebieshark,Sweepstakes,2026-07-17,,,,,,,,
Corona “Beach Connect” Sweepstakes (602 Winners),https://www.coronausa.com/pages/beach-connect,freebieshark,Sweepstakes,2026-07-17,,,,,,,,http://www.coronausa.com/cdn/shop/files/corona-extra-slim_22_89a81814-cadd-4d07-9b2d-844f1919fdaf_1200x1200.jpg?v=1749587191
FREE Twix Bits Candy Sample,https://e.sampltech.com/session/twix-af295b364,freebieshark,Freebies,2026-07-17,,,,,,,,https://cf1.sampltech.com/SRJTBBooqFdxnTEtaHZoR0ltJqDJBC7LuJ3Lq5Et.png
Jack Roger The Summer Edit Giveaway Sweepstakes - Ends Today,https://www.envisionp.com/jack-rogers-the-summer-edit-giveaway/,sweepsadvantage,Sweepstakes,2026-07-17,,,,,,,,
Green Bay Packers The 2026 Family Night Sweepstakes - 3 Winners,https://packers.wyng.com/6a31ab482a9038f69be8ca9a,sweepsadvantage,Sweepstakes,2026-07-17,,,,,,,,https://s3.amazonaws.com/com.offerpop.services.media/images/media/69df9ae0c16b3eb421dd3264/6a4e683edb28c607aae16c80.PNG
Travelers Auto UIM Insurance Class Action Settlement,https://aguilaruimclasssettlement.com/Content/Documents/Claim%20Form_EN.pdf,claimdepot,Settlements,2026-07-17,Open for Claims,,Varies,,,,,
Refresco Beverages $4.27 Million Job Applicant Settlement,https://refrescosettlement.com,claimdepot,Settlements,2026-07-17,Open for Claims,,Pro rata payment,,,,,
The Buffalo Trace Distillery Summer Camp Sweepstakes,https://www.buffalotracedistillery.com/camp/,ultracontest,Sweepstakes,2026-07-17,,,,,,,,https://cms.buffalotracedistillery.com/wp-content/uploads/2026/07/buffalo-trace-camp.jpg
FIJI Water Summer Instant Win Sweepstakes,https://www.fijisummersweeps.com,sweepsadvantage,Sweepstakes,2026-07-17,,,,,,,,
Battery Tender ICAST Giveaway - 3 Winners,https://sweepwidget.com/c/100904-06fpkjm5,sweepsadvantage,Sweepstakes,2026-07-17,,,,,,,,https://sweepwidgethosts.fra1.cdn.digitaloceanspaces.com/contestsmain/n2fqo06512d62f1c899do4eiy3/w6fhkmtgi7.png
Mellody Farm Instant Win Sweepstakes,https://mellodyfarm.eplayrewards.com/,sweepsadvantage,Sweepstakes,2026-07-17,,,,,,,,
Woot!’s BIG Giveaway,https://forums.woot.com/t/big-giveaway-enter-by-7-27-noon-ct/2461220,sweepsadvantage,Sweepstakes,2026-07-17,,,,,,,,https://us1.discourse-cdn.com/woot/original/4X/1/6/e/16e58b356e90256ba71c4ca25940fa481d9be677.png
No Proof: Concord Hospital $800K Tracking Pixel Settlement,https://cw.simpluris.com/docs/public/downloads/CBC3/SETTLEMENT_AGREEMENT,claimdepot,Settlements,2026-07-17,Open for Claims,,Pro rata share of net settlement fund,,,,,
Realtor.com 2026 Home Field Advantage $75K Veteran Homebuyer Giveaway,https://www.realtor.com/win-75k,sweepsadvantage,Sweepstakes,2026-07-17,,,,,,,,https://static.rdc.moveaws.com/images/vu-sweeps/win_75k_2026_og.png
Best Memories Are Made In Big Bear Family Getaway Giveaway Sweepstakes,https://www.bigbear.com/things-to-do/win/#//,sweepsadvantage,Sweepstakes,2026-07-17,,,,,,,,https://www.bigbear.com/imager/s3_us-west-1_amazonaws_com/big-bear/images/Views-1-1-1201x800-5b2df79_bc0d2157d501d4729a3d5631708a6b2e.jpg
Tunespeak A Signed Guitar From O.A.R. Sweepstakes,https://www.tunespeak.com/campaign/655651afde8a6100015f6721,sweepsadvantage,Sweepstakes,2026-07-18,,,,,,,,
Pack Hacker x Peak Design Giveaway,https://www.packhacker.com/blog/general/giveaway/,sweepsadvantage,Sweepstakes,2026-07-18,,,,,,,,https://cdn.packhacker.com/2025/01/db01d2dd-featured-gaw-page.jpg
Monster Energy Racing Experience NASCAR Sanctioned Race Las Vegas Sweepstakes,https://www.monsterenergy.com/en-us/promotions/monster-energy-chance-to-win-a-racing-experience-at-a-nascar-sanctioned-race-in-las-vegas-sweepstakes/,sweepsadvantage,Sweepstakes,2026-07-18,,,,,,,,
EatingWell The Which Grocery Store Are You? Quiz Sweepstakes,https://forms.people.inc/peopleinc/etg_grocery_stor_quiz_and_sweeps_2026,sweepsadvantage,Sweepstakes,2026-07-18,,,,,,,,
The USC Game Day Getaway Sweepstakes,https://www.itrustcapital.com/usc-game-day-getaway,ultracontest,Sweepstakes,2026-07-18,,,,,,,,https://itrustcapital.directus.app/assets/https://user-assets.out.sh/user-assets/1981797/C5MOMN6RVVmPEDZv/bg-field.jpg
Your Way Presented by Plymouth Rock Sweepstakes,https://www.plymouthrock.com/lp/redsoxgiveaway,ultracontest,Sweepstakes,2026-07-18,,,,,,,,https://www.plymouthrock.com/wp-content/uploads/2021/11/plymouth-rock-assurance-office.jpg
CELSIUS Casey’s Trackside Getaway Sweepstakes,https://assets.caseys.com/asset/af563971-73f6-4af3-8d5e-5ad896f323f0/Celsius-F1-Sweeps-Rules.pdf,sweepsadvantage,Sweepstakes,2026-07-18,,,,,,,,
The FIJI Summer Sweepstakes,https://www.fijisummersweeps.com/,ultracontest,Sweepstakes,2026-07-18,,,,,,,,
Plymouth Rock Assurance Dining in the Dugout Sweepstakes 2026,https://aicontent.plymouthrock.com/PRAC/Resources/RS_SweepstakeRules_2025.pdf,ilovegiveaways,Sweepstakes,2026-07-18,,,,,,,,https://ilovegiveaways.com/wp-content/uploads/2026/03/ilg-logo-350x55b-1.png
Monster Energy NASCAR Las Vegas Racing Experience Sweepstakes 2026,https://www.monsterenergy.com/en-us/promotions/monster-energy-chance-to-win-a-racing-experience-at-a-nascar-sanctioned-race-in-las-vegas-sweepstakes/#embedded-rules,ilovegiveaways,Sweepstakes,2026-07-18,,,,,,,,https://ilovegiveaways.com/wp-content/uploads/2026/03/ilg-logo-350x55b-1.png
T-Mobile $2.1M Washington Job Posting Settlement,https://www.epoasettlementtmui.com/,claimdepot,Settlements,2026-07-18,Open for Claims,,"$1,487.82 (estimated)",,,,,
PGA TOUR Pass x TOUR Championship Golf Sweepstakes,https://usatoday.gannettcontests.com/PGA-TOUR-Pass-x-TOUR-Championship/,sweepsadvantage,Sweepstakes,2026-07-18,,,,,,,,https://media.secondstreetapp.com/7531378?width=1170&quality=60&format=auto
Richell Summer Kickoff Sweepstakes 2026 – Win a Pet Gate,https://www.richellusa.com/richell-july-sweepstakes-2026/,ilovegiveaways,Sweepstakes,2026-07-18,,,,,,,,https://ilovegiveaways.com/wp-content/uploads/2026/03/ilg-logo-350x55b-1.png
Qunol Move Like a Champion Contest 2026 – Win a Tony Hawk Skateboard & Gift Cards,https://www.qunol.com/pages/move-like-a-champion-contest#embedded-rules,ilovegiveaways,Sweepstakes,2026-07-18,,,,,,,,https://ilovegiveaways.com/wp-content/uploads/2026/03/ilg-logo-350x55b-1.png
PSFCU Q3 50th Anniversary Cadillac XT5 2026 Sweepstakes,https://www.psfcu.com/member-resources/newsroom/news/q3-psfcu-50th-anniversary-sweepstakes-official-rules#embedded-rules,ilovegiveaways,Sweepstakes,2026-07-18,,,,,,,,https://ilovegiveaways.com/wp-content/uploads/2026/03/ilg-logo-350x55b-1.png
"SWISSGEAR Hawaii Vacation & Luggage $5,000 Sweepstakes 2026",https://www.swissgear.com/pages/win-a-trip-to-hawaii#embedded-rules,ilovegiveaways,Sweepstakes,2026-07-18,,,,,,,,https://ilovegiveaways.com/wp-content/uploads/2026/03/ilg-logo-350x55b-1.png
YouTube TV $7.5 Million Autorenewal Class Action Settlement,https://cw.simpluris.com/docs/public/downloads/YDC/CLAIM_FORM,claimdepot,Settlements,2026-07-18,Open for Claims,,$92.26 (estimated),,,,,
Towne Nursing Staff $1.85 Million Foreign Nurse Settlement,https://www.townenursesettlement.com/,claimdepot,Settlements,2026-07-18,"September 14, 2026",,Varies,,,,,
Michelob ULTRA “Greenside Pass Golf” Sweepstakes (16 Winners),https://www.michelobultra.com/superioraccess/greenside26,freebieshark,Sweepstakes,2026-07-19,,,,,,,,
Cricket Wireless “Somos Futbol” Sweepstakes (32 Winners),https://www.cricketsweepstakes.com/somosfutbol,freebieshark,Sweepstakes,2026-07-19,,,,,,,,
Havrenn & Dawnbreaker Leather Jacket Giveaway Contest,https://www.havrenn.com/pages/free-giveaway-contest,sweepsadvantage,Sweepstakes,2026-07-19,,,,,,,,http://www.havrenn.com/cdn/shop/files/Havrenn_banner_dsktp_13df656a-e0b1-486c-a1c1-275bd2cca41f.jpg?v=1772873678&width=2048
Swissgear Summer Experience Sweepstakes,https://www.swissgear.com/pages/win-a-trip-to-hawaii,ultracontest,Sweepstakes,2026-07-19,,,,,,,,http://www.swissgear.com/cdn/shop/files/swissgear-featured.jpg?v=1748300117
Dr Pepper Klein’s Supermarket Summer Cruise 2026 Sweepstakes,https://kdppromotions.com/summer/,ilovegiveaways,Sweepstakes,2026-07-19,,,,,,,,https://ilovegiveaways.com/wp-content/uploads/2026/03/ilg-logo-350x55b-1.png
Veterans United & Realtor.com 2026 $75K Home Sweepstakes,https://www.realtor.com/win-75k/rules,ilovegiveaways,Sweepstakes,2026-07-19,,,,,,,,https://ilovegiveaways.com/wp-content/uploads/2026/03/ilg-logo-350x55b-1.png
Aces in the Big Apple Giveaway Contest,https://www.thegistsports.com/contest/aces-in-the-big-apple-giveaway/,ultracontest,Sweepstakes,2026-07-19,,,,,,,,https://www.thegistsports.com/_gatsby/file/37c36bac5cda1daa2e68b6b540cf3e58/20832_C_NY_24_USO_FanWeekWebsiteImages-Stars-2.jpg?u=https%3A%2F%2Fcdn.sanity.io%2Fimages%2Frdxk7lfa%2Fproduction%2F2994c5d29b45f9958c86001abc292d26b86b8fee-2048x1152.jpg
Pero Family Farms Smarter Snacking Giveaway,https://www.perofamilyfarms.com/smarter-snacking/,sweepsadvantage,Sweepstakes,2026-07-19,,,,,,,,http://www.perofamilyfarms.com/wp-content/uploads/2022/05/like-us-on-facebook.png
Southwest Airlines “Maui Invitational” Sweepstakes,https://www.artistory.io/campaign/maui-invitational,freebieshark,Sweepstakes,2026-07-20,,,,,,,,https://artistory-images-prod.s3.us-east-1.amazonaws.com/custom/maui-psd-1.webp
DOGTV x JustFoodForDogs “Unleashed” Giveaway,https://unleashed.dogtv.com/giveaways/?july2026,freebieshark,Sweepstakes,2026-07-20,,,,,,,,https://unleashed.dogtv.com/wp-content/uploads/2026/01/Giveaway_Hero_400x300.png
Perry’s Ice Cream “Ice Cream Month” Sweepstakes,https://www.perrysicecream.com/official-rules-perrys-ice-cream-month-of-giveaways/,freebieshark,Sweepstakes,2026-07-20,,,,,,,,https://www.perrysicecream.com/wp-content/uploads/2026/06/National-Ice-Cream-Month-Giveaways-1-819x1024.png
New York Seed & Mill Giveaway - Worth $500,https://manage.kmail-lists.com/subscriptions/subscribe?a=RX6aYq&g=TXU94U&_kx,sweepsadvantage,Sweepstakes,2026-07-20,,,,,,,,
Cruises.com Royal Caribbean Legend of the Seas Sweepstakes,https://rewards.cruises.com/,sweepsadvantage,Sweepstakes,2026-07-20,,,,,,,,
Coast Packing Beef Tallow French Fries Contest,https://coastpacking.com/beeftallowfrenchfriescontest/,sweepsadvantage,Sweepstakes,2026-07-20,,,,,,,,https://coastpacking.com/wp-content/uploads/1-7.png
The Railbookers The Best of Switzerland Giveaway,https://www.railbookers.com/switzerland-trip-giveaway,ultracontest,Sweepstakes,2026-07-20,,,,,,,,
12 Tomatoes T-Fal 14-Piece Cookware Set 2026 Giveaway,https://12tomatoes.com/giveaway/,ilovegiveaways,Sweepstakes,2026-07-20,,,,,,,,https://ilovegiveaways.com/wp-content/uploads/2026/03/ilg-logo-350x55b-1.png
Northstar Supply Adventure Rig & Cash Package Sweepstakes 2026,https://giveaways.huntingtonassociatesllc.com/policies/official-rules/versions/1,ilovegiveaways,Sweepstakes,2026-07-20,,,,,,,,https://ilovegiveaways.com/wp-content/uploads/2026/03/ilg-logo-350x55b-1.png
Pierce County Library System Data Breach Settlement,https://cw.simpluris.com/docs/public/downloads/PDC4/NOTICE_OF_CLASS_ACTION_SETTLEMENT,claimdepot,Settlements,2026-07-20,Open for Claims,,"Up to $4,330",,,,,
Lowe’s “Year of Concert Tickets” Sweepstakes (976 Winners),https://www.lowes.com/events/register/lowes-year-of-concert-tickets-sweepstakes,freebieshark,Sweepstakes,2026-07-21,,,,,,,,
Cricket Wireless “Sippin’ Safari Flyaway” Sweepstakes,https://www.cricketsweepstakes.com/zooatlanta,freebieshark,Sweepstakes,2026-07-21,,,,,,,,
700Credit - Data Breach Class Action Settlement,https://700creditdatabreachsettlement.com/,classaction,Settlements,2026-07-21,,9/22/26,"$50 - $2,500",No,,,You may be included in this settlement if your personal information was impacted by the October 2025 700Credit data breach.,
Penn Medicine - Data Privacy Class Action Settlement,https://www.uphspixelsettlement.com/,classaction,Settlements,2026-07-21,,9/16/26,Up to $15,No,,,"You may be included in this settlement if you accessed the myPennMedicine patient portal between January 23, 2021 and January 23, 2023.",
YouTube TV - Subscription Renewals (California) Class Action Settlement,https://www.youtubetvsettlement.com/,classaction,Settlements,2026-07-21,,8/30/26,$92.26 (est.),No,,,"You may be included in this settlement if you lived in California and paid for at least one renewal term of a YouTube TV subscription via YouTube billing between February 1, 2017 and October 29, 2021.",
Concord Hospital - Data Privacy Class Action Settlement,https://concordpixelsettlement.com/,classaction,Settlements,2026-07-21,,9/11/26,Varies,No,,,"You may be able to claim a piece of this settlement if you used the Concord Hospital website between May 9, 2021 and June 12, 2026.",
Talcott - Premium Tax Charges Class Action Settlement,https://www.premiumtaxsettlement.com/,classaction,Settlements,2026-07-21,,8/26/26,Varies,No,,,"If you had certain life insurance policies issued or owned by a Hartford or Talcott life insurance company that were subject to a premium tax charge, you may be included in this settlement.",
Costco $14 Million Commercial Email Class Action Settlement,https://washingtoncommercialemailsettlement.com/,claimdepot,Settlements,2026-07-21,Open for Claims,,Pro rata payment,,,,,
Zoll Medical Corp. $3.5 Million Data Breach Settlement,https://www.heartdevicedatasettlement.com/,claimdepot,Settlements,2026-07-21,Open for Claims,,Varies,,,,,
Furman Foods Data Breach Class Action Settlement,https://www.furmanfoodsdatasettlement.com/wp-content/uploads/2026/07/Hannity-v.-Furman-Foods_LongForm_FNL.pdf,claimdepot,Settlements,2026-07-21,Open for Claims,,"Up to $2,300",Yes,,,,
"Soliant Health $737,000 Job Posting Class Action Settlement",https://sh-spsepoasettlement.com/,claimdepot,Settlements,2026-07-21,"September 15, 2026",,"Up to $5,000",,,,,
Gay NYC Dad Blog $25 Starbucks Gift Card Giveaway,https://www.gaynycdad.com/2026/07/25-starbucks-gift.html,sweepsadvantage,Sweepstakes,2026-07-21,,,,,,,,
Vector Security Data Breach Class Action Settlement,https://cw.simpluris.com/docs/public/downloads/VKC/CLAIM_FORM,claimdepot,Settlements,2026-07-21,Open for Claims,,"Up to $2,000 and/or credit monitoring",,,,,
French Bee Airlines – O.O.O. La La Promotion Instant Win Sweepstakes - 4 Winners,https://frenchbeeoutofoffice.com/,sweepsadvantage,Sweepstakes,2026-07-21,,,,,,,,https://bm-projects-public.s3.us-east-1.amazonaws.com/loyl19001/production/site_125/images/e-banner.png
Minties Intervention Sweepstakes - 200 Prizes,https://www.minterventions.com,sweepsadvantage,Sweepstakes,2026-07-21,,,,,,,,
French Bee Paris Trip Tickets 2026 Sweepstakes and Instant Win Game,https://frenchbeeoutofoffice.com/rules,ilovegiveaways,Sweepstakes,2026-07-21,,,,,,,,https://ilovegiveaways.com/wp-content/uploads/2026/03/ilg-logo-350x55b-1.png
Game & Fish Summer Camping Guide Streamlight Gear Sweepstakes 2026,https://content.osgnetworks.tv/sweepstakes/summer-camping/rules.html,ilovegiveaways,Sweepstakes,2026-07-21,,,,,,,,https://ilovegiveaways.com/wp-content/uploads/2026/03/ilg-logo-350x55b-1.png
Sugarfina “Summer Hostess” Sweepstakes,https://www.sugarfina.com/evergreen-sweepstakes,freebieshark,Sweepstakes,2026-07-22,,,,,,,,
Audacy “R&B Tour Flyaway to Las Vegas” Sweepstakes,https://www.audacy.com/national/contests/your-chance-to-see-chris-brown-and-usher-in-las-vegas,freebieshark,Sweepstakes,2026-07-22,,,,,,,,https://www.audacy.com/media-library/image.jpg?id=67480673&width=1200&height=600&coordinates=0%2C60%2C0%2C60
American Airlines Cowboys “Thanksgiving” Sweepstakes,https://www.cowboysperks.com/,freebieshark,Sweepstakes,2026-07-22,,,,,,,,
Packers The 2026 Countdown to Training Camp Sweepstakes,https://static.clubs.nfl.com/image/upload/packers/xthc1g27kd0yg64hv3y0,sweepsadvantage,Sweepstakes,2026-07-22,,,,,,,,
Toyota NASCAR Tickets Sweepstakes - 125 Winners Receive Tickets,https://toyotanascarsweeps.splashthat.com/,sweepsadvantage,Sweepstakes,2026-07-22,,,,,,,,
Premier Guitar Pickup Party 2026 Giveaway,https://www.premierguitar.com/win-stuff/pg-giveaways/pickup-party-emg-pickups,sweepsadvantage,Sweepstakes,2026-07-22,,,,,,,,https://www.premierguitar.com/media-library/image.png?id=67155913&width=1200&height=600&coordinates=0%2C52%2C0%2C52
EL Super Markets Summer Grilling Party Giveaway,https://elsupermarkets.com/summer-grilling/,sweepsadvantage,Sweepstakes,2026-07-22,,,,,,,,
Price Chopper $1500 Gas Card Sweepstakes,https://rewards.pricechopper.com/enter-sweepstakes/101684,sweepsadvantage,Sweepstakes,2026-07-22,,,,,,,,
Bluecoat Rebel Riders Sweepstakes,https://bluecoatgin.secondstreetapp.com/Bluecoat-Rebel-Rider-Sweepstakes/,sweepsadvantage,Sweepstakes,2026-07-22,,,,,,,,https://media.secondstreetapp.com/6885988?width=1200&height=630
Paddling Magazine Aqua Marina Revolution iSUP Package Sweepstakes,https://paddlingmag.com/sweepstakes/enter-to-win-an-aqua-marina-revolution-isup/,sweepsadvantage,Sweepstakes,2026-07-22,,,,,,,,
DSW Shoes Ultimate Gift Contest - $5000 Grand Prize - 3 Winners,https://www.dsw.com/birthday-contest,sweepsadvantage,Sweepstakes,2026-07-22,,,,,,,,
$1.8M Serviceaide data breach class action settlement,https://forms.ksacms.com/efiling/fr/eform/balzer_v_serviceaide_claimform/new?form-version=1&fr-wizard-page=section-1,topclassactions,Settlements,2026-07-22,,,,,,,,
Comcast Advertising & Toyota NASCAR VIP & Ticket Sweepstakes 2026,http://d3m889aznlr23d.cloudfront.net/img/events/459419137/assets/6ba3a78c.toyota_nascar_tickets_sweepstakes_rules_20260706.pdf,ilovegiveaways,Sweepstakes,2026-07-22,,,,,,,,https://ilovegiveaways.com/wp-content/uploads/2026/03/ilg-logo-350x55b-1.png
Tangerine Bank The Real-Life Boost Contest,https://www.tangerine.ca/en/offers/special-offer/terms-and-conditions/7f219e16e839b6676524e12fb27df29bfe2b44e4,sweepsadvantage,Sweepstakes,2026-07-22,,,,,,,,
Ryan Seacrest Las Vegas Summer Flyaway Sweepstakes 2026,https://campaign.aptivada.com/terms/1900206,ilovegiveaways,Sweepstakes,2026-07-22,,,,,,,,https://ilovegiveaways.com/wp-content/uploads/2026/03/ilg-logo-350x55b-1.png
Operation In Touch 2026 Back to School Electronics Sweepstakes,https://www.operationintouch.com/backtoschool,ilovegiveaways,Sweepstakes,2026-07-22,,,,,,,,https://ilovegiveaways.com/wp-content/uploads/2026/03/ilg-logo-350x55b-1.png
"Ernst & Young, Bank of America $2.5M MOVEit Data Breach Settlement",https://www.moveitsettlementeyboa.com/pdf/Claim_Form_FINAL.pdf,claimdepot,Settlements,2026-07-22,Open for Claims,,"$100 - $10,000",,,,,
Dove Men+Care & Nicolas Vans Vegas Trip Sweepstakes 2026,https://unileversweepsrules.com/dmcmoodboostresidency,ilovegiveaways,Sweepstakes,2026-07-22,,,,,,,,https://ilovegiveaways.com/wp-content/uploads/2026/03/ilg-logo-350x55b-1.png
American College of Medical Quality TCPA class action settlement,https://www.acmqfaxsettlement.com/page/preclaim,claimdepot,Settlements,2026-07-22,Open for Claims,,Up to $500,,,,,
Rémy Martin VSOP “My Style Summer” Sweepstakes (63 Winners),https://www.mdmgames.com/RemyMyStyle,freebieshark,Sweepstakes,2026-07-23,,,,,,,,https://www.mdmgames.com/remymystyle/media/remymystyle/fbimage.png?v=1.0
Margaritaville At Sea “Road To Beachcomber” Sweepstakes (104 Winners),https://www.margaritavilleatsea.com/zbb-giveaway-terms-and-conditions,freebieshark,Sweepstakes,2026-07-23,,,,,,,,https://dygjeuxqaprt3.cloudfront.net/margaritavilleatsea.com-1166063475/cms/cache/v2/6a2871451295d.jpg/1200x630/fit/80/8aaee51743f5feac8c52d487f42dda21.jpg
Green Bay Packers “Training Camp” Sweepstakes (10 Winners),https://packers.wyng.com/6a3043e8c04c94039eb77da9,freebieshark,Sweepstakes,2026-07-23,,,,,,,,https://s3.amazonaws.com/com.offerpop.services.media/images/media/69df9ae0c16b3eb421dd3264/6a60dc07c36d6ba1b173c764.PNG
NASCAR Fan Rewards and Super.com Sweepstakes,https://www.nascar.com/supersweepstakes/,sweepsadvantage,Sweepstakes,2026-07-23,,,,,,,,
Carl's Golfland 68th Anniversary Sweepstakes - 8 Prizes,https://www.carlsgolfland.com/anniversary,sweepsadvantage,Sweepstakes,2026-07-23,,,,,,,,
Ridley USA Cookies For Horses Prize Pack Giveaway - 40 Winners,https://www.mrspastures.com/40th-anniversary-giveaway/,sweepsadvantage,Sweepstakes,2026-07-23,,,,,,,,
Trend Deploy Refunds,https://www.ftc.gov/enforcement/refunds/trend-deploy-refunds,ftc,Settlements,2026-07-23,,,,,,,,https://www.ftc.gov/themes/custom/ftc_uswds/img/ftc_social_share_default_en.jpg
Blues Hog Burnouts & Burnt Ends with Cleetus McFarland Sweepstakes,https://blueshog.com/pages/cleetus-mcfarland-sweepstakes-burnouts-burnt-ends,sweepsadvantage,Sweepstakes,2026-07-23,,,,,,,,http://blueshog.com/cdn/shop/files/Untitled-1_a3803e95-f3d1-454e-807c-1881cf607da3.png?v=1587568679
RealPage $359.93M Renters Antitrust Class Action Settlement,https://angeion-public.s3.amazonaws.com/www.realpagerentalsettlement.com/docs/Proposed+Plan+of+Allocation.pdf,claimdepot,Settlements,2026-07-23,Open for Claims,,Varies based on rent paid; pro rata share of net settlement fund,,,,,
Minerva Beauty 20 Tray Giveaway - 20 Winners,https://www.minervabeauty.com/minerva-beauty-giveaway/,sweepsadvantage,Sweepstakes,2026-07-23,,,,,,,,
Margaritaville Vacation Club “Fins Up” Sweepstakes (181 Winners),https://finsup.margaritavillevacationclub.com/sweepstakes-2026,freebieshark,Sweepstakes,2026-07-24,,,,,,,,
Red Baron Pizza “Supreme Supreme” Sweepstakes (10 Winners),https://redbaron.com/SupremeSupreme,freebieshark,Sweepstakes,2026-07-24,,,,,,,,http://www.redbaron.com/cdn/shop/files/img-logo-red-baron.png?height=628&pad_color=ffffff&v=1718758743&width=1200
FREE Moonpig Greeting Card,https://www.moonpig.com/us/auntie-co/,freebieshark,Freebies,2026-07-24,,,,,,,,
"Bud Light X College Upgrade Your Game Day Instant Win Game (2,000 Prizes)",https://www.budlight.com/UpgradeYourCollegeGameday,sweetiessweeps,Sweepstakes,2026-07-24,,,,,,,,
"Bud Light X NFL Upgrade Your Game Day Instant Win Game (11,200 Prizes)",https://www.budlight.com/UpgradeYourGameday,sweetiessweeps,Sweepstakes,2026-07-24,,,,,,,,
$3M Aidvantage TCPA class action settlement,https://forms.ksacms.com/efiling/fr/eform/knoxjenae_v_maximuseducation_claimform/new?form-version=1&#038;fr-wizard-page=section-1,topclassactions,Settlements,2026-07-24,,,,,,,,
Margaritaville Vacation Club Instant Win Game - 180 Daily Prizes,http://finsup.margaritavillevacationclub.com/sweepstakes-2026,sweepsadvantage,Sweepstakes,2026-07-24,,,,,,,,
"Sarcastically Yours, Jen PeachSkinSheets Back-To-School Giveaway",https://sarcasticallyyoursjen.com/2026/07/23/peachskinsheets-back-to-school-giveaway-ends-08-31/,sweepsadvantage,Sweepstakes,2026-07-24,,,,,,,,
"The Celebrity Wheel of Fortune $10,000 Giveaway & VIP Celebrity Sweepstakes",https://www.wheeloffortune.com/ca/win/celebrity-giveaway-611,ultracontest,Sweepstakes,2026-07-24,,,,,,,,
Bayhealth MyChart Privacy Class Action Settlement,https://bayhealthpixelsettlement.com/,claimdepot,Settlements,2026-07-24,Open for Claims,,$25,,,,,
"System Pavers $350,544 Data Breach Class Action Settlement",https://systempaversdataincident.com/documents/?lang=en,claimdepot,Settlements,2026-07-24,Open for Claims,,"Up to $3,000",No,,,,
AMC’s The Vampire Lestat & Fender LeStrat Guitar 2026 Sweepstakes,https://www.amc.com/blogs/amc-s-the-vampire-lestat-x-fender-lestrat-giveaway--1075477,ilovegiveaways,Sweepstakes,2026-07-24,,,,,,,,https://ilovegiveaways.com/wp-content/uploads/2026/03/ilg-logo-350x55b-1.png
Pampered Chef Giveaway,https://docs.google.com/forms/d/e/1FAIpQLScmw9B7X0v4gegoso41X75Q-_wa1K8pu3jV2JlX73CGK7xArA/viewform,sweepsadvantage,Sweepstakes,2026-07-24,,,,,,,,https://lh3.googleusercontent.com/w3JRy2o9CyeXUGsYwZylG-_Mn8k3ZbrmhjfjUflhR1IXWXySi9Qsx_krVxnAYnse-LLQg6IbeqrTsCY=w1200-h630-p
Wine Awesomeness Summer In The Keys Getaway Sweepstakes 2026,https://landing.dojomojo.com/landing/terms/15371,ilovegiveaways,Sweepstakes,2026-07-24,,,,,,,,https://ilovegiveaways.com/wp-content/uploads/2026/03/ilg-logo-350x55b-1.png
Resorts World Bimini Jet Set to Bahamas Escape Sweepstakes 2026,https://www.dojomojo.com/landing/campaign/e9b4c8dd-c106-4020-b6c0-58b7bfab651b#embedded-rules,ilovegiveaways,Sweepstakes,2026-07-24,,,,,,,,https://ilovegiveaways.com/wp-content/uploads/2026/03/ilg-logo-350x55b-1.png
FREE Colgate Bright Smiles Bright Futures Kit (Teachers Only),https://www.colgate.com/en-us/oral-health-education/program-kits,freebieshark,Freebies,2026-07-25,,,,,,,,
Tyson “Season Ticket” Sweepstakes (3 Winners),https://www.tyson.com/teams/philadelphia-eagles-season-ticket-sweepstakes,freebieshark,Sweepstakes,2026-07-25,,,,,,,,
Possible FREE Lunchables Snackables Chatterbuy Kit,https://www.ripplestreet.com/events/snackables-chatterbuy,freebieshark,Freebies,2026-07-25,,,,,,,,
Minties “Fresh Breath Kit” Sweepstakes,https://minterventions.com/,freebieshark,Sweepstakes,2026-07-25,,,,,,,,
Busch “Country One Night Only” Sweepstakes (100 Winners),https://www.busch.com/onenightonlynatesmithsaltlakecity,freebieshark,Sweepstakes,2026-07-25,,,,,,,,
Century Cruises “Rhine River Elegance” Sweepstakes,https://usatoday.gannettcontests.com/Century-Cruises-Rhine-River-Elegance-Getaway/,freebieshark,Sweepstakes,2026-07-25,,,,,,,,https://media.secondstreetapp.com/7434546?width=1170&quality=60&format=auto
Deliciously Savvy Delilah Home Summer Bathroom Refresh Giveaway,https://sarcasticallyyoursjen.com/2026/07/25/delilah-home-giveaway-ends-08-31/,sweepsadvantage,Sweepstakes,2026-07-25,,,,,,,,
"Bomgaars Fair Project Contest 2026 – Win $32,000 in Prizes",https://www.bomgaars.com/fair-contest-rules,ilovegiveaways,Sweepstakes,2026-07-25,,,,,,,,https://ilovegiveaways.com/wp-content/uploads/2026/03/ilg-logo-350x55b-1.png
Holiday - Northern Tier Division of Circle K Scratch & Win Sweepstakes - $674K in Prizes,https://holiday.game-circlek.com/,sweepsadvantage,Sweepstakes,2026-07-25,,,,,,,,
"Equinox Inc. $685,000 Data Breach Class Action Settlement",https://www.equinoxincsettlement.com/,claimdepot,Settlements,2026-07-25,Open for Claims,,"Up to $5,000 plus credit monitoring",Yes,,,,
Patrick Toz Je Custom Blades Chef Knife Giveaway,https://sweepwidget.com/c/101181-uqzhx36i,sweepsadvantage,Sweepstakes,2026-07-25,,,,,,,,https://sweepwidgethosts.fra1.cdn.digitaloceanspaces.com/contestsmain/ldejig699f77f8eba933wi6344/n3msrkqau0.jpg
Voodoo Doughnut X Halo: Campaign Evolved Sweepstakes - 25 Winners,https://lp.constantcontactpages.com/sl/ANFK1MA/HCE,sweepsadvantage,Sweepstakes,2026-07-25,,,,,,,,
Mount Sinai Medical Center Privacy Class Action Settlement,https://www.mountsinaidatasettlement.com/wp-content/uploads/2026/07/Mount-Sinai-Ex.-4-LFN_FINAL.pdf,claimdepot,Settlements,2026-07-25,Open for Claims,,Pro rata payment,Yes,,,,
Tesla Supercharger Idle Fee Class Action Settlement,https://teslaidlefeeclassaction.com/,claimdepot,Settlements,2026-07-25,Open for Claims,,Varies,,,,,
Heritage South Credit Union Data Breach Settlement,https://cw.simpluris.com/docs/public/downloads/HBC1/CLAIM_FORM,claimdepot,Settlements,2026-07-25,Open for Claims,,"Up to $2,080 plus credit monitoring",,,,,
Crate & Barrel “Dream Honeymoon Getaway” Sweepstakes,https://app.viralsweep.com/sweeps/full/70f02a-231183?framed=1,freebieshark,Sweepstakes,2026-07-26,,,,,,,,
Universal Pictures “Disclosure Day” Sweepstakes,https://cloud.email.universalpicturesathome.com/disclosureday_upheportal_sweeps_form,freebieshark,Sweepstakes,2026-07-26,,,,,,,,
She Speaks Royal Canin Corgi Dry Food Giveaway,https://shespeaks.com/Tailored-Nutrition-for-Corgis-for-Every-Stage-with-Royal-Canin-Corgi-Dry-Food,sweepsadvantage,Sweepstakes,2026-07-26,,,,,,,,
Blister Gear MTB Tires Giveaway,https://blisterreview.com/blister-gear-giveaway/win-mtb-tires-from-maxxis,sweepsadvantage,Sweepstakes,2026-07-26,,,,,,,,
Sideshow Collectibles Can You Save Your Universe Giveaway,https://www.sideshow.com/contest/can-you-save-universe-giveaway,sweepsadvantage,Sweepstakes,2026-07-26,,,,,,,,
Sideshow Collectibles Spider-Man vs Venom Maquette Giveaway,https://www.sideshow.com/contest/sdcc-26-spiderman-venom-giveaway,sweepsadvantage,Sweepstakes,2026-07-26,,,,,,,,
She Speaks Glidden and Olympic at Walmart Giveaway,https://shespeaks.com/Budget-Friendly-DIY-Projects-Shop-Glidden-Paint-and-Olympic-Stains-at-Walmart,sweepsadvantage,Sweepstakes,2026-07-26,,,,,,,,
She Speaks Lysol Wipes at Target Giveaway,https://shespeaks.com/Freshen-Up-Your-Summer-with-Lysol-Disinfecting-Wipes-Available-at-Target,sweepsadvantage,Sweepstakes,2026-07-26,,,,,,,,
She Speaks Finish at Costco Giveaway,https://shespeaks.com/Discover-a-More-Powerful-Clean-with-Finish-Shop-Now-at-Costco,sweepsadvantage,Sweepstakes,2026-07-26,,,,,,,,
She Speaks Finish at Sam’s Club Giveaway,https://shespeaks.com/Upgrade-Your-DishWashing-Routine-with-Finish-Stock-Up-at-Sam-s-Club,sweepsadvantage,Sweepstakes,2026-07-26,,,,,,,,
FREE Sunday Sports 4-Stick Electrolyte Sample Pack,https://sundaysports.com/pages/ade-electrolyte-drink-mix?form=sample,freebieshark,Freebies,2026-07-27,,,,,,,,http://sundaysports.com/cdn/shop/files/Screenshot_2026-02-25_at_3.02.09_PM.png?v=1772068136
D23 “The Ultimate Disney” Sweepstakes (24 Winners),https://fantasticprizes.d23.com/,freebieshark,Sweepstakes,2026-07-27,,,,,,,,https://fantasticprizes.d23.com/img/og-share.png
Floppy Cats - Charlie’s 17th Birthday Favorite Cat Products Giveaway - 2 Winners,https://app.viralsweep.com/sweeps/full/6c2844-232517?framed=1,sweepsadvantage,Sweepstakes,2026-07-27,,,,,,,,
Keystone RV $3.1M Passport Trailer Class Action Settlement,https://keystonepassportclassaction.com/,claimdepot,Settlements,2026-07-27,"August 28, 2026",,"$2,000",Yes,,,,
Floppycats Charlie’s 17th Birthday Cat Products Giveaway,https://www.floppycats.com/terms-and-conditions,ilovegiveaways,Sweepstakes,2026-07-27,,,,,,,,https://ilovegiveaways.com/wp-content/uploads/2026/03/ilg-logo-350x55b-1.png
BearingOutdoor.com Backpack Giveaway,https://bearingoutdoor.com/pages/giveaway,sweepsadvantage,Sweepstakes,2026-07-27,,,,,,,,http://bearingoutdoor.com/cdn/shop/files/E01B6C72-71C2-448A-97A5-F977E9971BB2_40d50bff-61e4-4d91-bdc8-9ecef9f36b25.png?v=1771453905
Ally Charlotte FC Atlanta Away Trip Sweepstakes 2026,https://images.mlssoccer.com/image/upload/v1784731704/assets/clt/PDFs/NEW_Ally_Atlanta_Away_Sweepstakes_q4qmyc.pdf,ilovegiveaways,Sweepstakes,2026-07-27,,,,,,,,https://ilovegiveaways.com/wp-content/uploads/2026/03/ilg-logo-350x55b-1.png
Bomgaars Fair Contest - Multiple Winners - $32000 in Prizes,https://www.bomgaars.com/fair-contest,sweepsadvantage,Sweepstakes,2026-07-27,,,,,,,,
Ally Financial Ally Atlanta Away Sweepstakes,https://www.charlottefootballclub.com/ally-atlanta-away-sweepstakes,sweepsadvantage,Sweepstakes,2026-07-27,,,,,,,,https://images.mlssoccer.com/image/upload/v1784732104/assets/clt/images/2026-AtlantaAwayMatchSweeps_16x9_aubk5s.png
Orioles X T. Rowe Price Fan Appreciation Sweepstakes,https://mlb.witcontests.com/orioles/sweepstakes/win/t-rowe-price-fan-appreciation-sweepstakes,sweepsadvantage,Sweepstakes,2026-07-27,,,,,,,,"https://web.witcontests.com/cdn-img/width=854,quality=80/https://s3.amazonaws.com/wit-challenge-assets-mlb/share-images/2-23f1d3ec-fbad-4706-8142-defe125cd5f1.png"
Alienware 007 First Light Gaming Monitor Sweepstakes 2026,https://na.alienwarearena.com/page/007-first-light-alienware-aw3426dw-gaming-monitor-sweepstakes-rules,ilovegiveaways,Sweepstakes,2026-07-27,,,,,,,,https://ilovegiveaways.com/wp-content/uploads/2026/03/ilg-logo-350x55b-1.png
Honda & Progressive Ride Red & Win 2026 CRF450RX Motorcycle Sweepstakes,https://cloud.em.honda.com/C10357#embedded-rules,ilovegiveaways,Sweepstakes,2026-07-27,,,,,,,,https://ilovegiveaways.com/wp-content/uploads/2026/03/ilg-logo-350x55b-1.png
Modatrova Prize Package Giveaway,https://docs.google.com/forms/d/e/1FAIpQLSev_JHQZ3e9wMXq1QJJAYQDdrqkr7wgNrFg8d7fpWQP4UnVzQ/viewform,sweepsadvantage,Sweepstakes,2026-07-27,,,,,,,,https://lh3.googleusercontent.com/OFtWTljTphFGLKSfX7_vwuxxb5NDdZjsYyhjcNmEJEVR0EiNvrDOasyQ8qdu-6p4k4hmS6nzzih5YM4=w1200-h630-p
"Wheel Of Fortune “Spin, Solve & See The World” Sweepstakes",https://www.wheeloffortune.com/win/spin-solve-see-world/,freebieshark,Sweepstakes,2026-07-28,,,,,,,,
BoxLunch “Universal Studios Hollywood” Sweepstakes,https://cloud.s.boxlunch.com/HighSpeedtoUniversalStudiosHollywoodSweepstakes,freebieshark,Sweepstakes,2026-07-28,,,,,,,,
Steinhafels “12 Days of Summer” Sweepstakes,https://packers.wyng.com/6a30573fce0aa9064382ea12,freebieshark,Sweepstakes,2026-07-28,,,,,,,,https://s3.amazonaws.com/com.offerpop.services.media/images/media/69df9ae0c16b3eb421dd3264/6a6760a4442140f5b7848893.PNG
Doxim - Data Breach Class Action Settlement,https://www.doximdatasecuritysettlement.com/,classaction,Settlements,2026-07-28,,10/13/26,"$100 - $5,000",No,,,You may be included in this settlement if your private information was impacted in the December 2023 Doxim data breach.,
RealPage - Rent Price-Fixing Class Action Settlement,https://www.realpagerentalsettlement.com/,classaction,Settlements,2026-07-28,,1/29/27,Varies,Yes,,,"This settlement covers those who paid rent on at least one multifamily property subject to a license for RealPage’s Revenue Management Solutions between October 18, 2018 and November 21, 2025.",
Heritage South Credit Union - Data Breach Class Action Settlement,https://hscudatasettlement.com/,classaction,Settlements,2026-07-28,,10/5/26,"Up to $2,000",No,,,You may be able to claim a piece of this settlement if your personal information was exposed in the February 2025 Heritage South Credit Union data breach.,
NJ Lenders Corp - Data Breach Class Action Settlement,https://njlendersdatasettlement.com/,classaction,Settlements,2026-07-28,,10/1/26,"$40 - $2,500",No,,,You may be included in this settlement if your personal information was exposed in the August 2025 NJ Lenders Corp data breach.,
Pierce County Library System - Data Breach Class Action Settlement,https://piercecountylibrarydatasettlement.com/,classaction,Settlements,2026-07-28,,9/28/26,"Up to $4,000",No,,,You may be included in this settlement if your personal information was exposed in the July 2025 Pierce County Library System data breach.,
Scale AI - Employee Wages Class Action Settlement,https://mckinneyscaleaisettlement.com/,classaction,Settlements,2026-07-28,,9/3/26,Varies,N/A,,,"You may be included in this settlement if you were an independent contractor who performed services with Scale AI, Smart Ecosystem or HireArt.",
Petco’s $60K Bday Sweepstakes,https://www.petco.com/c/store-events?srsltid=AfmBOoqN7NHJdRfMgH9vFu-G_vtwuL5LvYpcbz9spN7gQleLGAOUKuHh,sweetiessweeps,Sweepstakes,2026-07-28,,,,,,,,
Evergy - 401(k) Class Action Settlement,https://evergyerisa.com/,classaction,Settlements,2026-07-28,,9/17/26,Varies,N/A,,,This settlement covers participants and beneficiaries of the Evergy 401(k) Savings Plan who invested in any of the American Century Target Date Funds.,
Pacifico Summer Adventure Pack Sweepstakes - Value $2012,https://cbisweeps.com/AdventurePack,sweepsadvantage,Sweepstakes,2026-07-28,,,,,,,,
Samsung 14 Days of Galaxy Giveaway - 59 Winners,https://rules.dja.com/14daysofgiveaways/,sweepsadvantage,Sweepstakes,2026-07-28,,,,,,,,
"Bloomington, Minnesota Travel & Tourism’s Back-to-School Shopping Giveaway",https://www.bloomingtonmn.org/back-to-school-package-giveaway/,sweepsadvantage,Sweepstakes,2026-07-28,,,,,,,,https://www.bloomingtonmn.org/wp-content/uploads/2024/10/logo-1.jpg
Audacy Win a Trip to see Journey in Concert Sweepstakes - Value $3500,https://www.audacy.com/national/contests/you-could-win-a-trip-to-see-journey,sweepsadvantage,Sweepstakes,2026-07-28,,,,,,,,https://www.audacy.com/media-library/you-could-win-a-trip-to-see-journey.jpg?id=67162849&width=1200&height=600&coordinates=0%2C60%2C0%2C60
Lavazza The US Open Sweepstakes - 3 Winners,https://www.lavazzausa.com/en/mktg-us-open-tickets,sweepsadvantage,Sweepstakes,2026-07-28,,,,,,,,
Holiday World & Splashin Safari Christmas In July Getaway Trip Giveaway,https://sweepwidget.com/c/101145-37dpc069,sweepsadvantage,Sweepstakes,2026-07-28,,,,,,,,https://sweepwidgethosts.fra1.cdn.digitaloceanspaces.com/contestsmain/39183/7qt203wdxh.png
ValPak Gas Fill Up Sweepstakes - $3900 Value,https://valpak.com/gas#//,sweepsadvantage,Sweepstakes,2026-07-28,,,,,,,,
Cinemark World Premiere Sweepstakes - Value $4999,https://www.cinemark.com/sweepstakes-rules/sweepstakes-rules-2026/movie-rewards/cinemark-s-world-premiere-sweepstakes/,sweepsadvantage,Sweepstakes,2026-07-28,,,,,,,,
Pet Supplies Plus Redford Naturals 10 Years Wild Instant Win Sweepstakes,https://www.petsuppliesplus.com/rewards#dashboard,sweepsadvantage,Sweepstakes,2026-07-28,,,,,,,,
Sideshow Collectibles Quint and Hooper Jaws Scale Figure Giveaway,https://www.sideshow.com/contest/quint-hooper-sixth-scale-giveaway,sweepsadvantage,Sweepstakes,2026-07-28,,,,,,,,
The Allegiant's Destination Dollywood Sweepstakes,https://www.allegiantair.com/deals/destination-dollywood-sweeps-1/,ultracontest,Sweepstakes,2026-07-28,,,,,,,,
Zymergen $125 Million Securities Class Action Settlement,https://www.zymergensecuritieslitigation.com/,claimdepot,Settlements,2026-07-28,Open for Claims,,$6.21 per share before deductions,Yes,,,,
Aldan American Ultimate American-Made $1250 Giveaway,https://sweepwidget.com/c/100557-2giwf8db,sweepsadvantage,Sweepstakes,2026-07-28,,,,,,,,https://sweepwidgethosts.fra1.cdn.digitaloceanspaces.com/contestsmain/w402h768eed351c2d03rsy1en6/1b3esqprfc.png
Central Transport $5.5M Driver Discrimination Settlement,https://centraltransportsettlement.com/important-case-documents/,claimdepot,Settlements,2026-07-28,Open for Claims,,"At least $2,500",Yes,,,,
Audacy “Megan Moroney in Nashville” Sweepstakes,https://www.audacy.com/national/contests/you-could-win-a-trip-to-nashville-to-see-megan-moroney,freebieshark,Sweepstakes,2026-07-30,,,,,,,,https://www.audacy.com/media-library/you-could-win-a-trip-to-nashville-to-see-megan-moroney.jpg?id=67113000&width=1200&height=600&coordinates=0%2C60%2C0%2C60
Bob’s Red Mill “Neighbor Hour” Sweepstakes (115 Winners),https://www.bobsredmill.com/moregetherness/neighbor-hour-sweepstakes,freebieshark,Sweepstakes,2026-07-30,,,,,,,,https://bobs-redmill.transforms.svdcdn.com/production/product/SEO-Preview-Logo-1200x630.jpg?w=1200&amp;h=630&amp;q=82&amp;auto=format&amp;fit=min&amp;dm=1778861531&amp;s=8bc761e34154c83234b2e34301b4d3c7
MegaFood “Gut Health” Sweepstakes (5 Winners),https://megafood.com/pages/gut-health-giveaway,freebieshark,Sweepstakes,2026-07-30,,,,,,,,http://megafood.com/cdn/shop/files/MegaFood_Logos_RGB_Monogram_Fill-512x512-1c1f5996-da09-4596-89f5-a868e359e77a.jpg?v=1770407863&width=2048
Ragu x Chillhouse Nail Sweepstakes - 500 Prizes,https://nail-sweepstakes.prod.fooji.com/,sweepsadvantage,Sweepstakes,2026-07-30,,,,,,,,https://images.prod.fooji.com/original/preview_image.webp
VIBE Tours 2026 Cycling Trip Sweepstakes - 2 Winners,https://sweepwidget.com/c/100772-qz32a07x,sweepsadvantage,Sweepstakes,2026-07-30,,,,,,,,https://sweepwidgethosts.fra1.cdn.digitaloceanspaces.com/contestsmain/r4wdd56a45370945c64g1s8dh3/stgp2l9fku.png
2026 Cheerwine Uniquely Southern Summer Instant Win Sweepstakes,https://www.cheerwinesummer.com/?,sweepsadvantage,Sweepstakes,2026-07-30,,,,,,,,
She Speaks Schwarzkopf Keratin Color Giveaway,https://shespeaks.com/Achieve-Professional-Quality-Color-At-Home-with-Schwarzkopf-Keratin-Color-at-Walmart,sweepsadvantage,Sweepstakes,2026-07-30,,,,,,,,
Todaysbride Cash Giveaway,https://todaysbride.ca/win-5000-towards-your-dream-wedding-july-2026/,sweepsadvantage,Sweepstakes,2026-07-30,,,,,,,,https://todaysbride.ca/wp-content/uploads/2025/12/Tip-top-win-5000.png
Fig Financial $7500 Cash Giveaway,https://fig.ca/en/lp/unsecured-personal-loans/,sweepsadvantage,Sweepstakes,2026-07-30,,,,,,,,
PharmaChoice Canada Cash Giveaway,https://app.viralsweep.com/sweeps/full/16718b-226856?framed=1#f1845921,sweepsadvantage,Sweepstakes,2026-07-30,,,,,,,,
CBR Little Dreamers SNOO $5000 Baby Essentials Giveaway,https://learn.cordblood.com/LittleDreamers.html?,sweepsadvantage,Sweepstakes,2026-07-30,,,,,,,,
The Bank of Hope BTS THE CITY ARIRANG New York Celebration Sweepstakes,https://www.bankofhope.com/ko/sweepstakes-btsthecityarirang,ultracontest,Sweepstakes,2026-07-30,,,,,,,,
Pump & Pantry Pump Up Your Summer Contest - 160344 Instant Prizes,https://www.pumpandpantrywin.com,sweepsadvantage,Sweepstakes,2026-07-30,,,,,,,,
National Tenant Network $1.63M Class Action Settlement,https://cdn.epiqglobal.com/13/85/130ba9bf4897a6bfd004dfda1089/clermont-v-national-tenant-network-two-year-sol-claim-form.pdf,claimdepot,Settlements,2026-07-30,"September 22, 2026",,Pro rata payment,Yes,,,,
iHeartRadio Backstreet Boys Las Vegas VIP Trip Sweepstakes 2026,https://campaign.aptivada.com/terms/1905032,ilovegiveaways,Sweepstakes,2026-07-30,,,,,,,,https://ilovegiveaways.com/wp-content/uploads/2026/03/ilg-logo-350x55b-1.png
Clay-Platte Family Medicine Clinic $1M Data Breach Lawsuit,https://www.cpfmsettlement.com/important-documents,claimdepot,Settlements,2026-07-30,"September 30, 2026",,"Up to $15,000 plus credit monitoring",Yes,,,,
Lavazza US Open Tablì Bundle Sweepstakes 2026 – Win Tickets & Coffee Kit,https://www.lavazzausa.com/en/us-open-tickets-tabli-sweepstakes-terms-and-conditions,ilovegiveaways,Sweepstakes,2026-07-30,,,,,,,,https://ilovegiveaways.com/wp-content/uploads/2026/03/ilg-logo-350x55b-1.png
"Pacific Bag, TricorBraun $362,500 Job Applicant Settlement",https://cw.simpluris.com/docs/public/downloads/PSC3/CLASS_ACTION_COMPLAINT,claimdepot,Settlements,2026-07-30,"September 28, 2026",,"$1,666.28 (estimated minimum)",,,,,
First Baptist Church Data Breach Class Action Settlement,https://cw.simpluris.com/docs/public/downloads/FKC/CLAIM_FORM,claimdepot,Settlements,2026-07-30,Open for Claims,,"Up to $5,030",,,,,
Bob’s Red Mill Neighbor Hour Kit Sweepstakes 2026,https://www.bobsredmill.com/moregetherness/neighbor-hour-sweepstakes#embedded-rules,ilovegiveaways,Sweepstakes,2026-07-30,,,,,,,,https://ilovegiveaways.com/wp-content/uploads/2026/03/ilg-logo-350x55b-1.png
HCF Management Data Breach Class Action Settlement,https://cw.simpluris.com/docs/public/downloads/HBC2/CLAIM_FORM,claimdepot,Settlements,2026-07-30,Open for Claims,,"Up to $4,480 plus credit monitoring",,,,,
BoxLunch High Speed to Universal Studios Hollywood Trip Sweepstakes 2026,https://www.boxlunch.com/on/demandware.static/-/Library-Sites-hot-topic-share/default/v90814660c393c03f74576be36b0fc69938c1f4e8/BL%20High%20Speed%20to%20Universal%20Studios%20Hollywood%20Sweepstakes%207.13.26.pdf,ilovegiveaways,Sweepstakes,2026-07-30,,,,,,,,https://ilovegiveaways.com/wp-content/uploads/2026/03/ilg-logo-350x55b-1.png
Allegiant “Foo Fighters Take Cover Flyaway” Sweepstakes,https://www.allegiantair.com/deals/FooFightersTakeCoverFlyaway/,freebieshark,Sweepstakes,2026-07-31,,,,,,,,
Tyson “Kansas City Chiefs” Sweepstakes (5 Winners),https://www.tyson.com/teams/kansas-city-chiefs-season-ticket-sweepstakes,freebieshark,Sweepstakes,2026-07-31,,,,,,,,
Associated Wholesale Grocers Back To School Giveaway - 9 Winners,https://back-2-school.com/,sweepsadvantage,Sweepstakes,2026-07-31,,,,,,,,https://back-2-school.com/wp-content/uploads/sites/2/2026/07/B2S-2026-home3-1.jpg
GigaParts Bambu Lab H2D Combo 3D Printer Sweepstakes - $2299 Value,https://www.gigaparts.com/bambu-sweepstakes,sweepsadvantage,Sweepstakes,2026-07-31,,,,,,,,
IBSRELA Game Time Adjustments Golf Sweepstakes- $12204 Value,https://www.lpga.com/game-time-adjustments-sweepstakes,sweepsadvantage,Sweepstakes,2026-07-31,,,,,,,,
Green Bay Packers The 2026 Border Battle Sweepstakes - $7522 Value,https://packers.wyng.com/6a4d1b87bd7c94b11980b0aa,sweepsadvantage,Sweepstakes,2026-07-31,,,,,,,,https://s3.amazonaws.com/com.offerpop.services.media/images/media/69df9ae0c16b3eb421dd3264/6a677efbfa951e7834e007fc.PNG
KYTV Springfield Fritz’s Adventure Monthly Birthday Party Contest - 9 Winners,https://www.ky3.com/page/fritzs-adventure-2026-monthly-birthday-party-contest/,sweepsadvantage,Sweepstakes,2026-07-31,,,,,,,,https://gray-ky3-prod.gtv-cdn.com/resizer/v2/YXR4VD7OLRFWHJCEAYY3M3PNE4.png?auth=eebf6091a17e1f01c5fac51889d3a5c24cca1666df7951782c6f41f30755bf5a&amp;width=1200&amp;height=600&amp;smart=true
American Humane Society Dream Cancun Vacation Giveaway,https://www.americanhumane.org/sweepstakes/?promo=INSTA25,sweepsadvantage,Sweepstakes,2026-07-31,,,,,,,,
Goodguys Rod 2026-2027 1966 Chevrolet Chevelle Giveaway Contest,https://goodguysmarketplace.com/1966-chevelle/,sweepsadvantage,Sweepstakes,2026-07-31,,,,,,,,
The Wolf Fresh $4k Payday Contest,https://1005freshradio.ca/contest/30428/4k-payday/,sweepsadvantage,Sweepstakes,2026-07-31,,,,,,,,https://1005freshradio.ca/wp-content/uploads/sites/26/2026/07/fresh-CR_780x390_4k-Fourplay_v1.jpg?w=780
The Girl Who Goes First Giveaway Sweepstakes,https://www.kulanikinis.com/pages/hawaii-giveaway,ultracontest,Sweepstakes,2026-07-31,,,,,,,,http://www.kulanikinis.com/cdn/shop/t/309/assets/logo.png?v=147004
2026 NFL Melbourne Game Sweepstakes,https://www.qantas.com/en-us/promotions/2026-nfl-sweepstakes,ultracontest,Sweepstakes,2026-07-31,,,,,,,,https://www.qantas.com/adobe/assets/urn:aaid:aem:738a08ef-e83e-4e48-b996-8cac334cc962/as/melbourne-cricket-ground-aerial-day.avif?assetname=melbourne-cricket-ground-aerial-day.jpg
2026 Chips Ahoy Halloween Mystery Flavor Sweepstakes,https://www.chipsahoymystery.com/,ultracontest,Sweepstakes,2026-07-31,,,,,,,,https://eprize-content.s3.us-east-1.amazonaws.com/mondelez/camystery26/socialDefault.png
Circle K Holiday Scratch & Win Sweepstakes and Instant Win Game 2026,https://www.circlek.com/us/holiday-station/scratch-and-win-official-rules,ilovegiveaways,Sweepstakes,2026-07-31,,,,,,,,https://ilovegiveaways.com/wp-content/uploads/2026/03/ilg-logo-350x55b-1.png
"Verizon Olivia Rodrigo VIP Trip Sweepstakes – Win a $6,200 Value",https://campaign.aptivada.com/terms/1904235,ilovegiveaways,Sweepstakes,2026-07-31,,,,,,,,https://ilovegiveaways.com/wp-content/uploads/2026/03/ilg-logo-350x55b-1.png
Ragu & Chillhouse $16 Press Nail Set Sweepstakes 2026,https://images.prod.fooji.com/original/organizations/384/campaigns/3612/published/click_for_official_rules-aae48df.pdf,ilovegiveaways,Sweepstakes,2026-07-31,,,,,,,,https://ilovegiveaways.com/wp-content/uploads/2026/03/ilg-logo-350x55b-1.png
French Bee OOO La La Sweepstakes,https://www.frenchbeeoutofoffice.com/,ultracontest,Sweepstakes,2026-07-31,,,,,,,,https://bm-projects-public.s3.us-east-1.amazonaws.com/loyl19001/production/site_125/images/e-banner.png
Celebrity Reflection Daily Win Game Sweepstakes,https://www.celebritycruises.com/games/reflection-daily-win,ultracontest,Sweepstakes,2026-07-31,,,,,,,,
Qantas 2026 NFL Melbourne Game Trip Sweepstakes,https://www.qantas.com/en-us/promotions/2026-nfl-sweepstakes/terms-and-conditions,ilovegiveaways,Sweepstakes,2026-07-31,,,,,,,,https://ilovegiveaways.com/wp-content/uploads/2026/03/ilg-logo-350x55b-1.png
"iHeartRadio & Burlington $5,000 Music Festival Trip Sweepstakes 2026",https://campaign.aptivada.com/terms/1902526,ilovegiveaways,Sweepstakes,2026-07-31,,,,,,,,https://ilovegiveaways.com/wp-content/uploads/2026/03/ilg-logo-350x55b-1.png
Elon Musk Twitter Securities Class Action Verdict,https://twitteracquisitionlitigation.com/,claimdepot,Settlements,2026-07-31,Open for Claims,,Varies,Yes,,,,
OnePoint Patient Care $2.1 Million Data Breach Settlement,https://onepointsettlement.com/,claimdepot,Settlements,2026-07-31,Open for Claims,,"Up to $3,500",Yes,,,,
Bradford-Scott Data $2.39 Million Data Breach Settlement,https://bradfordscottdatasettlement.com/,claimdepot,Settlements,2026-07-31,Open for Claims,,"Up to $5,000 plus credit monitoring",,,,,
Volkswagen Atlas Water Pump Defect Class Action Settlement,https://mainenginewaterpumpsettlement.com/,claimdepot,Settlements,2026-07-31,Open for Claims,,Varies,,,,,
Xactus $2.4M Credit Report Accuracy Class Action Settlement,https://cinnerfcraclassaction.com/claimform.aspx,claimdepot,Settlements,2026-07-31,Open for Claims,,$500 (estimated),,,,,
GreenRow “Nick’s Cove Getaway” Sweepstakes,https://www.greenrow.com/pages/sweepstakes/nicks-cove/,freebieshark,Sweepstakes,2026-08-01,,,,,,,,
FREE Greenies Dog Dental Treats Sample,https://us.list-manage.com/LmBLOUY56PZ?,freebieshark,Freebies,2026-08-01,,,,,,,,
BD/AFTCO “Offshore” Sweepstakes (3 Winners),https://www.bdoutdoors.com/contests-giveaways/aftco-offshore-giveaway/,freebieshark,Sweepstakes,2026-08-01,,,,,,,,https://www.bdoutdoors.com/wp-content/uploads/2026/06/Article_Feature_1108x623-1.jpg
Miller Lite Football 2026 Instant Win Sweepstakes - 1579 Winners,https://www.millerlite.com/football,sweepsadvantage,Sweepstakes,2026-08-01,,,,,,,,
Bostitch Office Teacher Sweepstakes,https://bostitchoffice.com/teacher-nominations?,sweepsadvantage,Sweepstakes,2026-08-01,,,,,,,,
Eisner Advisory Group $1.05M Data Breach Settlement,https://eisnerdatasettlement.com/media/7150628/esn_class_action_settlement_agreement_and_release.pdf,claimdepot,Settlements,2026-08-01,Open for Claims,,Varies,,,,,
Gamble Bible The Daily Spin,https://gamblebible.com/en-ng,sweepsadvantage,Sweepstakes,2026-08-01,,,,,,,,
The Money Source Inc. $1.5M TCPA Class Action Settlement,https://www.moneysourcetcpaclassaction.com/wp-content/uploads/2026/07/Settlement-Agreement.pdf,claimdepot,Settlements,2026-08-01,,,Up to $286 per call (estimated),,,,,
Associated Wholesale Grocers Back to School $500 Visa Gift Card Sweepstakes 2026,https://back-2-school.com/#contest-rules,ilovegiveaways,Sweepstakes,2026-08-01,,,,,,,,https://ilovegiveaways.com/wp-content/uploads/2026/03/ilg-logo-350x55b-1.png
Ride With Richmond Giveaway Contest,https://ridewithrichmond.com/,ultracontest,Sweepstakes,2026-08-01,,,,,,,,
Tunespeak Cook Allender Visa Giveaway - 2 Winners,https://www.tunespeak.com/campaign/6a4fb3ff094938000107cd86,sweepsadvantage,Sweepstakes,2026-08-01,,,,,,,,
Tunespeak Taylor Gold Label 717e Blacktop Guitar Giveaway - $2999 Value,https://www.tunespeak.com/campaign/6a457779feae3f0001b06925,sweepsadvantage,Sweepstakes,2026-08-01,,,,,,,,
Kinly Camden Sectional Giveaway - $3835 Value,https://kinly-furniture.myklpages.com/l/TriYba?,sweepsadvantage,Sweepstakes,2026-08-01,,,,,,,,
AARP $500 Amazon.com eGift Card Sweepstakes - 5 Winners,https://www.aarp.org/rewards/,sweepsadvantage,Sweepstakes,2026-08-01,,,,,,,,https://cdn.aarp.net/content/dam/aarp/benefits_discounts/social-mission/rewards/1140x641-aarp-rewards-badge-logo-oct-2019.jpg
New Amsterdam “NAV x UFC VIP” Sweepstakes,https://www.newamsterdamvodka.com/ufc-sweeps/,freebieshark,Sweepstakes,2026-08-02,,,,,,,,https://d2q6ite07t3u1l.cloudfront.net/public/nav2025/prod/seo/ShareImage-Desktop-v2.png
Target: Free In-Store Events in August,https://go.shopmy.us/p-76227315,freebieshark,Freebies,2026-08-02,,,,,,,,
Big Sur California Summer Vacay Sweepstakes,https://contests.galoffduty.com/15374_big_sur_california_summer_vacay?promo_id=8c3d458a-e291-4ab8-8ccf-908bbbfd2779&campaign_id=2ac0efa0-27a3-4d68-9901-9ccf2036f840&utm_campaign=Big-Sur-California-Summer-Vacay&utm_medium=sweeps&utm_source=The-Spruce&share_image=//dojomojo-brand-logos.s3.amazonaws.com/campaign-images/a9ce25bb-a3aa-4354-b487-e9a8b0e5c79b/main.png&title=Big%20Sur%20California%20Summer%20Vacay,sweepsadvantage,Sweepstakes,2026-08-02,,,,,,,,https://dojomojo-brand-logos.s3.amazonaws.com/campaign-images/be58cc69-99cb-48f4-8b7a-6317bf8c3b4b/main.png
Ronald McDonald House Charities 1967 Camaro Sweepstakes,https://www.rmhccv-win.com/no-purchase-necessary-1967-camaro,sweepsadvantage,Sweepstakes,2026-08-02,,,,,,,,"https://static.wixstatic.com/media/4362b2_99ff74ad451645659fef68d75a9bd17e%7Emv2.png/v1/fit/w_2500,h_1330,al_c/4362b2_99ff74ad451645659fef68d75a9bd17e%7Emv2.png"
Heineken Formula 1 Lap 2 Instant Win Promotion - 111 Prizes,https://www.heineken.com/us/en/promos/formula1,sweepsadvantage,Sweepstakes,2026-08-02,,,,,,,,
NAV x UFC VIP Sweepstakes - $6200 Value,https://www.newamsterdamvodka.com/ufc/enter/,sweepsadvantage,Sweepstakes,2026-08-02,,,,,,,,https://d2q6ite07t3u1l.cloudfront.net/public/nav2025/prod/seo/ShareImage-Desktop-v2.png
RUN! FREE Dunkin’ Refreshers Promo Code Just Dropped!,https://parade.com/news/dunkin-donuts-giving-away-1-million-free-refreshers-august-3,hip2save,Freebies,2026-08-03,,,,,,,,
Real Simple “Home” Sweepstakes,https://www.realsimple.com/sweepstakes/entry?sweepId=rsp-home2026-eo,freebieshark,Sweepstakes,2026-08-03,,,,,,,,
Smirnoff Ice Smash “Tailgate” Sweepstakes (100 Winners),https://www.spiritspromos.com/smirnoff-ice/tailgate-sweeps/en/submission/form,freebieshark,Sweepstakes,2026-08-03,,,,,,,,https://cdn.amgoffers.com/live/content/diageo/DIA9445200W/DIA9445200W_shareImage.png
OLIPOP Back to School - 100 Winners,https://www.dailybreak.com/embed/olipop-back-to-school-2026/,sweepsadvantage,Sweepstakes,2026-08-03,,,,,,,,
SeatGeek Titans Season Starter Pack Sweepstakes,https://tradablebits.com/tb_app/555433982,sweepsadvantage,Sweepstakes,2026-08-03,,,,,,,,https://tradablebits.com/static/icons/tradablebits-icon256x256.png
iRhythm Technologies $45M Securities Class Action Settlement,https://irhythmsecuritieslitigation.com/,claimdepot,Settlements,2026-08-03,Open for Claims,,$1.34 per share (estimated),Yes,,,,
Kids Gotta Play Trampoline Giveaway - $1799 Value,https://sweepwidget.com/c/100249-e0lqhyti,sweepsadvantage,Sweepstakes,2026-08-03,,,,,,,,https://sweepwidgethosts.fra1.cdn.digitaloceanspaces.com/contestsmain/9f2oa4699677d91dccdnmdn4v9/f6zhe3nxl7.jpg
TransFund Back-to-School Sweepstakes 2026 - 9 Winners,https://www.surveymonkey.com/r/VTYBKFB,sweepsadvantage,Sweepstakes,2026-08-03,,,,,,,,https://www.surveymonkey.com/collect/images/default_custom_meta_image.jpg
BHG “Home & Garden Refresh” Sweepstakes,https://www.bhg.com/25kFall26,freebieshark,Sweepstakes,2026-08-04,,,,,,,,
Modelo “Hatch Chile” Sweepstakes (10 Winners),https://rules.dja.com/modelohatchchile/,freebieshark,Sweepstakes,2026-08-04,,,,,,,,
Burger King “Memory Mix” Instant Win Game,https://www.bk.com/campaigns/memorymix,freebieshark,Freebies,2026-08-04,,,,,,,,
Breckenridge “Spa and Wellness” Sweepstakes,https://bestofbreck.com/breckenridge-spa-and-wellness-giveaway-2026/,freebieshark,Sweepstakes,2026-08-04,,,,,,,,https://s40084.pcdn.co/wp-content/uploads/2026/07/hero-1920x960-1.jpg
Don’t Pay $480! Grab These NFL Sunday Ticket Deals Before Kickoff,https://www.verizon.com/nfl-sunday-ticket-on-youtube-streaming/,hip2save,Freebies,2026-08-04,,,,,,,,
Pacific Bag - Job Postings (Washington) Class Action Settlement,https://epoasettlementpbl.com/,classaction,Settlements,2026-08-04,,9/28/26,"Up to $5,000",No,,,"You may be able to claim a piece of this settlement if you applied for a job with Pacific Bag in Washington between January 1, 2023 and June 30, 2026.",
Red Robin - Job Postings (Washington) Class Action Settlement,https://rrepoasettlement.com/,classaction,Settlements,2026-08-04,,9/25/26,$573.43,No,,,"You may be able to claim a piece of this settlement if you applied for a job with Red Robin in Washington between January 1, 2023 and June 12, 2026.",
"First Baptist Church of Hammond, Indiana - Data Breach Class Action Settlement",https://fbcdatasettlement.com/,classaction,Settlements,2026-08-04,,9/30/26,Up to $450,No,,,"If your private information was compromised in the July 2025 First Baptist Church of Hammond, Indiana data breach, you may be included in this settlement.",
National Tenant Network - Credit Reports Class Action Settlement,https://ntnpostcardsettlement.com/,classaction,Settlements,2026-08-04,,9/22/26,Varies,No,,,"You may be included in this settlement if you were the subject of consumer reports that the National Tenant Network sent to suspected landlords between June 30, 2018 and December 3, 2023.",
Seawind Hotel Investment - Job Postings (Washington) Class Action Settlement,https://shisettlement.com/,classaction,Settlements,2026-08-04,,9/25/26,Varies,No,,,"You may be able to claim a piece of this settlement if you applied for a job with Seawind Hotel Investment (Quality Inn SeaTac) in Washington between January 1, 2023 and July 26, 2025.",
Big Al’s - Job Postings (Washington) Class Action Settlement,https://baincsettlement.com/,classaction,Settlements,2026-08-04,,8/24/26,Varies,N/A,,,"You may be able to claim a piece of this settlement if you applied for a job with Big Al’s in Washington between January 1, 2020, and May 22, 2026.",
Smith & Nephew U.S. Savings Plan Class Action Settlement,https://smithandnephewerisa.com/,classaction,Settlements,2026-08-04,,9/4/26,Varies,N/A,,,"This settlement covers everyone who was a participant or beneficiary of the Smith & Nephew U.S. Savings Plan at any time between August 30, 2018, and May 13, 2026.",
Blister MTB Helmet and Riding Glasses Giveaway,https://blisterreview.com/blister-gear-giveaway/win-an-mtb-helmet-and-riding-glasses-from-smith,sweepsadvantage,Sweepstakes,2026-08-04,,,,,,,,
BargainBooksy Young Readers Giveaway - $500 Value,https://www.bargainbooksy.com/young-reader-giveaway-080126/?,sweepsadvantage,Sweepstakes,2026-08-04,,,,,,,,https://www.bargainbooksy.com/wp-content/uploads/2026/07/Young-Readers.jpg
Zzounds Yvette Young Autographed EQD Guitar Pedal Giveaway,https://www.zzounds.com/cf/earthquaker-devices-giveaway-july2026/16,sweepsadvantage,Sweepstakes,2026-08-04,,,,,,,,
Razzall Patrick Mahomes Rookie Autographed Mini Football Giveaway,https://sweepwidget.com/c/101354-bq3fmrju,sweepsadvantage,Sweepstakes,2026-08-04,,,,,,,,https://sweepwidgethosts.fra1.cdn.digitaloceanspaces.com/contestsmain/d986me6a6ca868039f3s51ww81/etmi9yzf30.png
People.com App Gold Bond Giveaway Sweepstakes - 10 Winners,https://people.com/win-the-complete-new-gold-bond-scented-body-cream-collection-only-in-the-people-app-12026382,sweepsadvantage,Sweepstakes,2026-08-04,,,,,,,,
Baltimore Ravens & Southwest Airlines 2026 Fan Flyaway Sweepstakes,https://s3.amazonaws.com/wit-challenge-assets-prod/legal/2026%20Southwest_Baltimore%20Ravens%20Fan%20Flyaway%20Rules%20-%202026-07-22T20:18:03.650.pdf,ilovegiveaways,Sweepstakes,2026-08-04,,,,,,,,https://ilovegiveaways.com/wp-content/uploads/2026/03/ilg-logo-350x55b-1.png
Burlington Phillies Spin-to-Win Sweepstakes and Instant Win Game 2026,https://s3.amazonaws.com/wit-challenge-assets-prod/legal/Burlington+Phillies+Spin-to-Win+Rules+Burlington+Edits+5-29-2026+(1)+(1)+-+2026-06-11T18:48:12.154.pdf,ilovegiveaways,Sweepstakes,2026-08-04,,,,,,,,https://ilovegiveaways.com/wp-content/uploads/2026/03/ilg-logo-350x55b-1.png
EverBank London Getaway Sweepstakes - $10000 Value,https://www.everbank.com/media_library/everbank/_shared/everbank-london-getaway-rules-2026.pdf,sweepsadvantage,Sweepstakes,2026-08-04,,,,,,,,
iAccidentLawyer $400 August Giveaway,https://sweepwidget.com/c/101388-tcg64wia,sweepsadvantage,Sweepstakes,2026-08-04,,,,,,,,https://sweepwidgethosts.fra1.cdn.digitaloceanspaces.com/contestsmain/sjjrfk69fb521ca624drfkiym8/zqtysc8p2f.png
Builder Innovator Pair of Sonos Headphones Giveaway,https://sweepwidget.com/c/101033-i9opu2vf,sweepsadvantage,Sweepstakes,2026-08-04,,,,,,,,https://sweepwidgethosts.fra1.cdn.digitaloceanspaces.com/contestsmain/bh2p2y6a584d31d4decbkh0600/rtlikvd6ye.png
"Amend2 & RISE Armament $5,657 Firearm & Gear Package 2026 Sweepstakes",https://risearmament.com/sweepstakes/?#embedded-rules,ilovegiveaways,Sweepstakes,2026-08-04,,,,,,,,https://ilovegiveaways.com/wp-content/uploads/2026/03/ilg-logo-350x55b-1.png
Arrowhead Regional Computing Consortium Data Breach Settlement,https://arrowheaddatasecuritysettlement.com/media/7137204/v3_arrw_claim_070626.pdf,claimdepot,Settlements,2026-08-04,Open for Claims,,Up to $80 and two years of credit monitoring,,,,,
"Denver Broncos 2026 Ford Bronco Sweepstakes – Win a $60,000 SUV",https://visit.wit.win/v1?u=https%3A%2F%2Fs3.amazonaws.com%2Fwit-challenge-assets-prod%2Flegal%2F2026%2520DENVER%2520BRONCOS%2520FORD%2520BRONCO%2520ENTER%2520TO%2520WIN.docx%2520-%25202026-07-23T16%3A17%3A43.833.pdf,ilovegiveaways,Sweepstakes,2026-08-04,,,,,,,,https://ilovegiveaways.com/wp-content/uploads/2026/03/ilg-logo-350x55b-1.png
Hirevue $3.75 Million Illinois Biometric Privacy Settlement,https://videointerviewbipasettlement.com/,claimdepot,Settlements,2026-08-04,Open for Claims,,$150 (estimated),,,,,
Hain Celestial $35M Securities Class Action Settlement,https://haincelestialsecuritiessettlement.com/,claimdepot,Settlements,2026-08-04,Open for Claims,,$0.18 per share (estimated),Yes,,,,
People Data Labs $6.36M Colorado Cellphone Number Settlement,https://pdlsettlement.com/form/claim,claimdepot,Settlements,2026-08-04,Open for Claims,,Pro rata payment,Yes,,,,
Here's To The Silly Ones + Kit & Her Cat Giveaway,https://www.chatwithvera.com/2026/08/joyful-childrensbooks-lucky-rabbit-publishing-giveaway.html,contestlisting,Sweepstakes,2026-08-04,September 4 at 11:59 PM,,,,,United States,,https://blogger.googleusercontent.com/img/b/R29vZ2xl/AVvXsEgqgdN6puzvCDcMp1vnN8OIOh-l1BFldr-LE0d4GnuixFas3A6AjBPW57QLgAD_f_bd8O5mW6LCY7vmWOeK8aU9bSW7F-kmmjXedSv0n_5-fMq0KEnIOAFcahFJMgxu7WTdj9qLJ_iDGx4tyxQHeEBY5mZvGEHtYgHblTAixmv6ErObKzyiwFxm_wdA1qR2/w1200-h630-p-k-no-nu/lucky%20rabbit-silly%20+%20kit%20cat%20(1).png
Seagate Technology $175M Securities Class Action Settlement,https://seagatesecuritieslitigation.com/,claimdepot,Settlements,2026-08-04,Open for Claims,,$0.77 per share (estimated),Yes,,,,
Metropolis Technologies $6.5M Parking Class Action Lawsuit,https://www.metropolisparkingsettlement.com/,claimdepot,Settlements,2026-08-04,Open for Claims,,Varies,,,,,
PetSafe Back to School 2026 Pet Prize Bundle Sweepstakes,https://www.petsafe.com/back-to-school-giveaway-rules/,ilovegiveaways,Sweepstakes,2026-08-04,,,,,,,,https://ilovegiveaways.com/wp-content/uploads/2026/03/ilg-logo-350x55b-1.png
Kohl’s “So-Back” Sweepstakes (10 Winners),https://KohlsSoBackSweepstakes.com,freebieshark,Sweepstakes,2026-08-05,,,,,,,,
Jameson Irish Whiskey “Fall Sports” Sweepstakes (105 Winners),https://www.jamesonwhiskey.com/en-us/its-on,freebieshark,Sweepstakes,2026-08-05,,,,,,,,
American Eagle “Jeans for Life” Instant Win Game (401 Winners),https://ae.com/jeansforlife,freebieshark,Freebies,2026-08-05,,,,,,,,
Rivian “Peak Performance” Sweepstakes,https://events.rivian.com/perkperformancesweepstakes,freebieshark,Sweepstakes,2026-08-05,,,,,,,,
FREE Internet for 5 Years?! Check If Your Family Qualifies.,https://www.t-mobile.com/business/education/project-10-million,hip2save,Freebies,2026-08-05,,,,,,,,
Mike’s Hard Lemonade “Motorcycle Golf Cart” Sweepstakes (MO Only),https://www.mikeshard.com/sweepstakes/mhlgolfbike831,freebieshark,Sweepstakes,2026-08-05,,,,,,,,
$3.5M ZOLL Medical Corp. data breach class action settlement,https://heartdevicedatasettlement.pnclassaction.com,topclassactions,Settlements,2026-08-05,,,,,,,,
Live With Kelly & Mark Deep Dive Web Trivia Sweepstakes - 5 Winners,https://livewithkellyandmark.com/contests/webtraveltrivia/?,sweepsadvantage,Sweepstakes,2026-08-05,,,,,,,,https://livewithkellyandmark.com/wp-content/uploads/2023/01/DEEP-DIVE-WEB-TRIVIA.jpg
AE Jeans for Life Sweepstakes - 400 Instant Winners,https://aejeansforlife.turnkeysweeps.com/,sweepsadvantage,Sweepstakes,2026-08-05,,,,,,,,
Penguin Random House Baldwin Bookshelf Sweepstakes,https://sites.prh.com/baldwin-bookshelf-sweepstakes,sweepsadvantage,Sweepstakes,2026-08-05,,,,,,,,
Gay NYC Dad Blog Hitster Music Bingo Giveaway,https://www.gaynycdad.com/2026/08/hitster-music-bingo.html,sweepsadvantage,Sweepstakes,2026-08-05,,,,,,,,
Anthem $3.63M Proton Beam Radiation Therapy Settlement,https://protonbeamradiationtherapylitigation.com/,claimdepot,Settlements,2026-08-05,Open for Claims,,Varies,Yes,,,,
Radiance Technologies Independence Bowl Summer of Giveaways - Week 7 Contest,https://sweepwidget.com/c/101352-e4c2r1vz,sweepsadvantage,Sweepstakes,2026-08-05,,,,,,,,https://sweepwidgethosts.fra1.cdn.digitaloceanspaces.com/contestsmain/14dlqq66facdbd22ae055rsog7/jnky13xcf0.png
Seneca Snack Company All American Original Apple Chip Contest - 3 Winners,https://senecasnacks.com/all-american/?,sweepsadvantage,Sweepstakes,2026-08-05,,,,,,,,https://senecasnacks.com/wp-content/uploads/2025/11/All-American.png
Win $150 In Stella & Chewy's Pet Food Products,http://dogtv.com/giveaway,contestlisting,Sweepstakes,2026-08-05,August 31 at 11:59 PM,,,,,United States,,https://unleashed.dogtv.com/wp-content/uploads/2026/01/Giveaway_Hero_400x300.png
Gay NYC Dad Blog $15 Lululemon Gift Card Giveaway,https://www.gaynycdad.com/2026/08/15-lululemon-gift.html,sweepsadvantage,Sweepstakes,2026-08-05,,,,,,,,
BeautyFromBees Gift Card Giveaway - 2 Winners,https://beautyfrombees.us/pages/entertowin?,sweepsadvantage,Sweepstakes,2026-08-05,,,,,,,,http://beautyfrombees.us/cdn/shop/files/BFB-LOGO-medium-size.png?height=628&pad_color=fff&v=1676920753&width=1200
Beach Fishing Nation Penn Spinfisher VI Giveaway,https://giveaway.beachfishingnation.com/,sweepsadvantage,Sweepstakes,2026-08-05,,,,,,,,https://beachfishingnation.com/assets/og-giveaway.png
City of Detroit $4.45M Water Rate Class Action Settlement,https://angeion-public.s3.amazonaws.com/www.detroitwatersettlement.com/docs/Class%20Action%20Settlement%20Agreement%20-%20Signed%20and%20Executed%20(1,claimdepot,Settlements,2026-08-05,Open for Claims,,Pro rata payment,,,,,
Golden Hour Travel Anniversary Giveaway - 2 Winners,https://giveaway.cruisewithgoldenhour.com/?,sweepsadvantage,Sweepstakes,2026-08-05,,,,,,,,https://storage.googleapis.com/gpt-engineer-file-uploads/attachments/og-images/a705be7f-2ff9-4c08-8138-ad4c45669bbf
Mary Black Health System $2.25M Insurance Billing Settlement,https://maryblackclassaction.com/,claimdepot,Settlements,2026-08-05,Open for Claims,,Pro rata payment,Yes,,,,
Zales and Sterling Jewelers $2.44M Job Applicant Settlement,https://cw.simpluris.com/docs/public/downloads/ZLC/NOTICE_MIN_WAGE_CLASS,claimdepot,Settlements,2026-08-05,Open for Claims,,"$1,584.47-$1,698.21 (estimated)",,,,,
Food Network “Cookie Cookbook” Sweepstakes (20 Winners),https://www.foodnetwork.com/magazine/cookbook-giveaway,freebieshark,Sweepstakes,2026-08-07,,,,,,,,
Got Small Feet? Score FREE Trolli Sneakers Today at 11 AM ET!,https://trollililkicks.com/pre-campaign,hip2save,Freebies,2026-08-07,,,,,,,,
Cadillac “V-Performance Academy” Sweepstakes,https://gmusweb.capture.intouchinsight.com/cadillacvperformanceacademysweepstakes/index.html#/,freebieshark,Sweepstakes,2026-08-07,,,,,,,,
Jamba “Jamba x Spa Weekend” Sweepstakes (6 Winners),http://enterpromo.com/JambaSpaWeekend,freebieshark,Sweepstakes,2026-08-07,,,,,,,,
Shaq & Cereal’s #1 BIGGEST Fan Contest,https://biggestfancontest.com/,sweetiessweeps,Sweepstakes,2026-08-07,,,,,,,,
RYZE Retreat Community Video Contest - 5 Winners,https://app.viralsweep.com/sweeps/full/cf4685-232936?framed=1,sweepsadvantage,Sweepstakes,2026-08-07,,,,,,,,
Tampa Bay Buccaneers VIP Game Day Experience Sweepstakes,https://www.buccaneers.com/forms/2026-the-joint-chiropractic-sweeps,sweepsadvantage,Sweepstakes,2026-08-07,,,,,,,,https://static.clubs.nfl.com/image/private/buccaneers/azdxmpug2ntc0dcymcxq
Diesel Laptops Toolbox Giveaway - $21K in Value,https://get.diesellaptops.com/snap-on-toolbox-giveaway/,sweepsadvantage,Sweepstakes,2026-08-07,,,,,,,,
Continental Tire Powernation Summer 2026 Sweepstakes - $1200 Value,https://continental.powernationtv.com/,sweepsadvantage,Sweepstakes,2026-08-07,,,,,,,,https://res.cloudinary.com/viralsweep/image/upload/v1784820076/a63jvclbxeapnmxcmweo.jpg
$120M NAR real estate commission class action settlement,https://homebuyersettlement.com/en/Home/SubmitClaim,topclassactions,Settlements,2026-08-07,,,,,,,,
2026 Saints MVPet Sweepstakes - 5 Winners,https://www.neworleanssaints.com/fans/contests/saints-mvpet-sweeps,sweepsadvantage,Sweepstakes,2026-08-07,,,,,,,,
Salem Interactive Back To School Giveaway 2026 Sweepstakes,https://am980themission.com/members/member-contests-and-sweepstakes/enter-the-back-to-school-sweepstakes,sweepsadvantage,Sweepstakes,2026-08-07,,,,,,,,https://cdn.saleminteractivemedia.com/187/content/339203/back-to-school-880x440.png?v=202607231443131670
Flyaway to Atlanta Sweepstakes - $2500 Value,https://app.wyng.com/6a567bf5b202641ad0a81002,sweepsadvantage,Sweepstakes,2026-08-07,,,,,,,,https://s3.amazonaws.com/com.offerpop.services.media/images/media/69a70d62a1bdb2db576f1888/6a56870e0766c9d21d457ef8.PNG
JustRead Publicity Tours Seeds of Hope Book & Amazon Gift Card Sweepstakes 2026,https://www.amoderndayfairytale.net/2026/08/seeds-of-hope-author-guest-post-giveaway.html#embedded-rules,ilovegiveaways,Sweepstakes,2026-08-07,,,,,,,,https://ilovegiveaways.com/wp-content/uploads/2026/03/ilg-logo-350x55b-1.png
Fatal Finale (The Erin Delaney Mysteries) By Nancy Mehl [giveaway],https://www.chatwithvera.com/2026/08/fatal-finale-erin-delaney-mysteries-3-giveaway.html,contestlisting,Sweepstakes,2026-08-07,September 8 at 11:59 PM,,,,,United States,,
ChatWith Vera 2026 Children’s Book Bundle Sweepstakes – $35 Value,https://www.chatwithvera.com/2026/08/joyful-childrensbooks-lucky-rabbit-publishing-giveaway.html#embedded-rules,ilovegiveaways,Sweepstakes,2026-08-07,,,,,,,,https://ilovegiveaways.com/wp-content/uploads/2026/03/ilg-logo-350x55b-1.png
Albany Gastroenterology Consultants Data Breach Settlement,https://albanygastrodatasettlement.com/,claimdepot,Settlements,2026-08-07,Open for Claims,,"Up to $2,500 and credit monitoring",Yes,,,,
Stray Kids Global's This & That Streaming Sweepstakes,https://sweepwidget.com/c/100826-qm3kyr5c,sweepsadvantage,Sweepstakes,2026-08-07,,,,,,,,https://sweepwidgethosts.fra1.cdn.digitaloceanspaces.com/contestsmain/qpiv0y6a4c4c92da0adm7ahg15/lx74c90d2k.png
BB Wheels x Massiv Wheels Giveaway - $2300 Value,https://sweepwidget.com/c/101042-acrbop4k,sweepsadvantage,Sweepstakes,2026-08-07,,,,,,,,https://sweepwidgethosts.fra1.cdn.digitaloceanspaces.com/contestsmain/4e87ef688a303e45f21xsap0c2/puw1y085zx.png
Wellness Weekend at The Castle Contest,https://www.castanet.net/contests/Wellness_Weekend_at_The_Castle_Contest/1662/,sweepsadvantage,Sweepstakes,2026-08-07,,,,,,,,https://www.castanet.net/content/contests/images/large1662.jpg?7
TheSportingBase.com $250 Cash Giveaway,https://thesportingbase.com/win-250-cash-in-our-giveaway/,sweepsadvantage,Sweepstakes,2026-08-07,,,,,,,,https://thesportingbase.com/tsb/wp-content/uploads/2026/01/android-chrome-512x512-1.webp
Anixter Center Data Breach Class Action Settlement,https://www.anixterdatasettlement.com/faq/,claimdepot,Settlements,2026-08-07,Open for Claims,,"Up to $5,052.50 plus credit monitoring",Yes,,,,
Davison Design & Development $30M Unsolicited Text Settlement,https://www.millertextsettlement.com/,claimdepot,Settlements,2026-08-07,Open for Claims,,Pro rata payment,,,,,
"CIOX Health, WVU Hospitals Medical Record Fees Settlement",https://www.wvhospitalsclassaction.com/request-document/04bf898883c19b0518272be3466ce765,claimdepot,Settlements,2026-08-07,Open for Claims,,Varies based on per-page overcharge,,,,,
Dairy Farmers of America Data Breach Class Action Settlement,https://dfadatasettlement.com/form/claim,claimdepot,Settlements,2026-08-07,Open for Claims,,"Up to $4,500 plus credit monitoring",,,,,
Kensington “Blood Saga Bundle” Sweepstakes,https://www.kensingtonbooks.com/bloodsagabundle/,freebieshark,Sweepstakes,2026-08-08,,,,,,,,
Prevagen “KOA Camping” Sweepstakes (3 Winners),https://prevagen.com/pages/gm-sweepstakes,freebieshark,Sweepstakes,2026-08-08,,,,,,,,http://prevagen.com/cdn/shop/files/WebImage1224-copy_95670bdd-5c31-482c-a881-d275d40aee57.jpg?v=1739820107&width=1024
Welch’s Fruit Snacks Homework Pass Handout Giveaway - $150K in Prizes,https://wfshomeworkpass.com/,sweepsadvantage,Sweepstakes,2026-08-08,,,,,,,,
9Yards Golf One Year of Flex League Play Giveaway,https://sweepwidget.com/c/101391-mqx3fzd1,sweepsadvantage,Sweepstakes,2026-08-08,,,,,,,,https://sweepwidgethosts.fra1.cdn.digitaloceanspaces.com/contestsmain/wgays76a6f85323d307wizsqp3/tiorg0buah.png
FindingTheUniverse.com August Suitcase Giveaway,https://www.findingtheuniverse.com/exclusive-giveaways-for-newsletter-subscribers/,sweepsadvantage,Sweepstakes,2026-08-08,,,,,,,,
Samsung Monitor Review Sweepstakes - 6 Prizes,https://www.promotionsbysamsung.com/MonitorReviewSweeps/,sweepsadvantage,Sweepstakes,2026-08-08,,,,,,,,
Tim Horton The 2026 NHL Heritage Classic Sweepstakes,https://www.nhl.com/events/nhl-heritage-classic/,sweepsadvantage,Sweepstakes,2026-08-08,,,,,,,,https://media.d3.nhle.com/image/private/t_ratio16_9-size50/prd/btzulknysl4sy1xrblc3.png
Vance Outdoors Walther PDP F-Series 9mm Pistol Sweepstakes,https://www.vanceoutdoors.com/sweepstakes/enter-to-win-a-Walther-PDP-F-Series-9mm-Pistol/?#embedded-rules,ilovegiveaways,Sweepstakes,2026-08-08,,,,,,,,https://ilovegiveaways.com/wp-content/uploads/2026/03/ilg-logo-350x55b-1.png
Chum 104.5 FM Keyword To Cash Contest,https://www.chum1045.com/contests/win-35k-with-keyword-to-cash/,sweepsadvantage,Sweepstakes,2026-08-08,,,,,,,,https://www.chum1045.com/resizer/v2/HORDDEGYPZEXFOVKOQZPJYAJGI.jpg?smart=true&amp;auth=432f2203d52107b329cf12d67d199180d2abcb8c0f9132e8f1baeae29295c8ae&amp;width=1200&amp;height=630
Gravel Host Gaming $1000 Cash Giveaway,https://vast.gg/CampaignsDetailed/a8f5e85c-61a7-415a-8cbd-82992ec1da01,sweepsadvantage,Sweepstakes,2026-08-08,,,,,,,,
Coleman Professional Services $950K Data Breach Settlement,https://www.colemansettlement.com/,claimdepot,Settlements,2026-08-08,Open for Claims,,Varies,Yes,,,,
"The RED, WHITE & VROOM Road Trip Sweepstakes",https://welchsfruitsnacksroadtripsweepstakes.dja.com/,ultracontest,Sweepstakes,2026-08-08,,,,,,,,https://dja.nyc3.cdn.digitaloceanspaces.com/11-2588-24/og.jpg
"USA Clinics Group $574,350 TCPA Class Action Settlement",https://usaclinicsgrouptcpasettlement.com/form/claim,claimdepot,Settlements,2026-08-08,Open for Claims,,Up to $50 per message for up to three messages (up to $150),,,,,
Community Realty Management Data Breach Settlement,https://cw.simpluris.com/docs/public/downloads/CAC2/NOTICE,claimdepot,Settlements,2026-08-08,Open for Claims,,"Up to $2,000 plus credit monitoring",,,,,
RaceTrac “Beat The Freeze” Sweepstakes (Select States),https://racetrac.com/beatthefreeze,freebieshark,Sweepstakes,2026-08-09,,,,,,,,"https://web.witcontests.com/cdn-img/width=854,quality=80/https://s3.amazonaws.com/wit-challenge-assets-prod/share-images/375-1b0fa57c-1f41-453e-9eb7-dd374654b98c.png"
Travel Guard “Spa Weekend” Sweepstakes,https://www.travelguardsweeps.com,freebieshark,Sweepstakes,2026-08-09,,,,,,,,https://dfa7z742m6igx.cloudfront.net/customhtml.sweeps/58330/images/share_image.jpg
"EXTRA Chew Into It Sweepstakes ($120,000 Cash Prize)",http://extragum.com/ChewIntoItSweepstakes,sweetiessweeps,Sweepstakes,2026-08-09,,,,,,,,
Bright Minds Back-to-School Giveaway - $2750 Value,https://app.viralsweep.com/sweeps/full/148aeb-232956?framed=1#c28554,sweepsadvantage,Sweepstakes,2026-08-09,,,,,,,,
Corralejo Flyaway to Mexico Contest,https://corralejotequila.com/pages/flyaway,sweepsadvantage,Sweepstakes,2026-08-09,,,,,,,,http://corralejotequila.com/cdn/shop/files/corralejo-og-image.jpg?v=1748892042
CB2.com The Cubs Game Day Sweepstakes,https://www.cb2.com/cubs-sweepstakes,sweepsadvantage,Sweepstakes,2026-08-09,,,,,,,,
Sideshow Collectibles Transformers 40th Anniversary Prize Pack Giveaway,https://www.sideshow.com/contest/transformers-40-years-giveaway,sweepsadvantage,Sweepstakes,2026-08-09,,,,,,,,
Seekyoursounds 98.1 CHFI Cash Call Giveaway,https://www.seekyoursounds.com/contests/981chfi/win,sweepsadvantage,Sweepstakes,2026-08-09,,,,,,,,https://www.seekyoursounds.com/wp-content/uploads/2026/02/CHFI_CASH-CALL_2026_SEEKR_1920x1080.jpg
JBS USA Food $200.2M Beef and Pork Worker Wage Settlement,https://beefporkwages.com/notice,claimdepot,Settlements,2026-08-09,Open for Claims,,Varies,,,,,
The Spa Weekend Sweepstakes,https://www.travelguardsweeps.com/,ultracontest,Sweepstakes,2026-08-09,,,,,,,,https://dfa7z742m6igx.cloudfront.net/customhtml.sweeps/58330/images/share_image.jpg
$5000 Groceries for a Year Sweepstakes,https://logandailynews.secondstreetapp.com/5000-Groceries-Sweepstakes-2026/,sweepsadvantage,Sweepstakes,2026-08-09,,,,,,,,https://media.secondstreetapp.com/7545361?width=1170&quality=60&format=auto
Mid American Credit Union The Ultimate Cookout Promotion Giveaway,https://www.midamerican.coop/90th-anniversary-celebration-registration-form,sweepsadvantage,Sweepstakes,2026-08-09,,,,,,,,
Regal Movies Swing Into Action Sweepstakes,https://www.regmovies.com/promotions/swing-into-action-sweepstakes-rules?,sweepsadvantage,Sweepstakes,2026-08-10,,,,,,,,
Sideshow Collectibles David Martinez Giveaway,https://www.sideshow.com/contest/lygss-david-martinez-figure-giveaway,sweepsadvantage,Sweepstakes,2026-08-10,,,,,,,,
Seekyoursounds Cash Giveaway,https://www.seekyoursounds.com/contests/kiss-to-cash,sweepsadvantage,Sweepstakes,2026-08-10,,,,,,,,https://www.seekyoursounds.com/wp-content/uploads/2026/07/KISS-TO-CASH_2026_SEEKR-CONTEST-PAGE_1920x1080.jpg
"The Good Crisp Company Crunch, Color & Care Sweepstakes",https://www.thegoodcrispcompany.com/pages/crunch-color-care-sweepstakes,sweepsadvantage,Sweepstakes,2026-08-10,,,,,,,,https://assets.replocdn.com/projects/cba6b709-a4dd-4934-98cd-8b2d98ae4ac8/b1484c22-6967-4ade-adbb-87f06c086872
Tammy Nichols October 1st Turkey Collection Giveaway - 2 Winners,https://sweepwidget.com/c/101405-thxcm2u3,sweepsadvantage,Sweepstakes,2026-08-10,,,,,,,,https://sweepwidgethosts.fra1.cdn.digitaloceanspaces.com/contestsmain/34419/v0gxr6blqc.png
Ciroc Athletic Club Trip Sweepstakes,https://www.spiritspromos.com/ciroc/athleticclub-sweeps/en/IH6601/submission/form,ultracontest,Sweepstakes,2026-08-10,,,,,,,,https://spiritspromos.com/ciroc/athleticclub-sweeps/assets/thumbnail.png
"Blackhawk Tire Summer 2026 Prize Pack Contest – Win CAD $1,470",https://blackhawktireusa.com/contests/summer/contest-rules/,ilovegiveaways,Sweepstakes,2026-08-10,,,,,,,,https://ilovegiveaways.com/wp-content/uploads/2026/03/ilg-logo-350x55b-1.png
Hardee's Meemaw Contest,https://www.hardees.com/meemaw-contest-official-rules,ultracontest,Sweepstakes,2026-08-10,,,,,,,,
"Albert Back-to-School $1,000 Cash & Genius Subscription Sweepstakes 2026",https://help.albert.com/hc/en-us/articles/42207809831575-Back-to-school-Social-Sweepstakes-Terms-Conditions,ilovegiveaways,Sweepstakes,2026-08-10,,,,,,,,https://ilovegiveaways.com/wp-content/uploads/2026/03/ilg-logo-350x55b-1.png
"Horace Mann 2026 Back to School Sweepstakes – Win Up to $67,750 in Prizes",https://www.horacemann.com/-/media/Project/Horace-Mann/Public-Site/documents/sweepstakes/2026/2026-horace-mann-back-to-school-sweepstakes-official-rules.pdf,ilovegiveaways,Sweepstakes,2026-08-10,,,,,,,,https://ilovegiveaways.com/wp-content/uploads/2026/03/ilg-logo-350x55b-1.png
"European Wax Center $5,000 Rebooking Sweepstakes 2026",https://waxcenter.com/pages/sweepstakes,ilovegiveaways,Sweepstakes,2026-08-10,,,,,,,,https://ilovegiveaways.com/wp-content/uploads/2026/03/ilg-logo-350x55b-1.png
"Coco Love Love Machine Dirtbike Sweepstakes 2026 – $13,500 Motorbike",https://cocolovewater.com/lovemachine/rules,ilovegiveaways,Sweepstakes,2026-08-10,,,,,,,,https://ilovegiveaways.com/wp-content/uploads/2026/03/ilg-logo-350x55b-1.png
The Danone Oikos Pro Alcaraz Promotion,https://www.beatalcaraz.com/ca/,sweepsadvantage,Sweepstakes,2026-08-10,,,,,,,,
FOX Sports “Countdown to Kickoff” Sweepstakes (3 Winners),https://countdowntokickoff.com/,freebieshark,Sweepstakes,2026-08-11,,,,,,,,https://countdowntokickoff.com/wp-content/uploads/2026/07/CountdownToKickoff.png
Brooks “Run Club Ghost Amp” Sweepstakes (32 Winners),https://www.brooksrunning.com/en_us/brooks-run-club-activity/,freebieshark,Sweepstakes,2026-08-11,,,,,,,,
FREE 3-Month Kindle Unlimited Trial for Prime Members | Access OVER 5 Million Titles,https://www.amazon.com/kindle-dbs/hz/bookshelf?ccs_id=ad1d934a-8056-4e0a-b27d-e6eddd753d3f&linkCode=ll2&tag=wwwhip2saveco-20&linkId=3cefffb0cdf4c0f6976dd05419e181dc&language=en_US&ref_=as_li_ss_tl,hip2save,Freebies,2026-08-11,,,,,,,,
Vienna Beef “Chicago Cubs” Sweepstakes (51 Winners),https://www.viennabeef.com/emails-cubs-sweepstakes,freebieshark,Sweepstakes,2026-08-11,,,,,,,,
Connoisseur Media Back To School Cash Giveaway,https://xp.audience.io/contest/1909537,sweepsadvantage,Sweepstakes,2026-08-11,,,,,,,,
Mike’s Hard Lemonade 2026 Upper Deck Golf Experience Sweepstakes,https://www.mikeshard.com/sweepstakes/mhl26upperd,sweepsadvantage,Sweepstakes,2026-08-11,,,,,,,,
Tunespeak Halfway Home Tour in Nashville Giveaway,https://www.tunespeak.com/campaign/6a70d47d1e89b00001387f8a,sweepsadvantage,Sweepstakes,2026-08-11,,,,,,,,
Secret Strategist X Sophie Lou Jacobsen Disco Aperitivo Sweepstakes,https://app.viralsweep.com/sweeps/full/e02d25-232312?framed=1,sweepsadvantage,Sweepstakes,2026-08-11,,,,,,,,
Floppycats Catnip Banana Honor Rags Giveaway - 8 Winners,https://app.viralsweep.com/sweeps/full/615e97-232518?framed=1,sweepsadvantage,Sweepstakes,2026-08-11,,,,,,,,
"Fandango Colorado Stargazing Trip Sweepstakes 2026 – $4,799 Value",https://coloradostargazingsweepstakes.entertowinprizes.com/,ilovegiveaways,Sweepstakes,2026-08-11,,,,,,,,https://ilovegiveaways.com/wp-content/uploads/2026/03/ilg-logo-350x55b-1.png
"CheapCaribbean August Giveaway – Win a $2,500 Hyatt Vivid Punta Cana Stay",https://www.cheapcaribbean.com/sweepstakes/august-potm-giveaway-terms-and-conditions/,ilovegiveaways,Sweepstakes,2026-08-11,,,,,,,,https://ilovegiveaways.com/wp-content/uploads/2026/03/ilg-logo-350x55b-1.png
"Niche $40,000 No Essay Scholarship Sweepstakes 2026",https://www.niche.com/colleges/scholarships/40k-no-essay-scholarship/scholarship-rules/,ilovegiveaways,Sweepstakes,2026-08-11,,,,,,,,https://ilovegiveaways.com/wp-content/uploads/2026/03/ilg-logo-350x55b-1.png
AnimalWellnessMagazine Fussie Cat Giveaway - 5 Winners,https://animalwellnessmagazine.com/fussie-cat-giveaway/,sweepsadvantage,Sweepstakes,2026-08-11,,,,,,,,https://animalwellnessmagazine.com/wp-content/uploads/Fussie-Cat-AD_AW-28I3_Prize-REV-Cropped.png
XBOX Lamborghini Urus 117 Replica Collectible Sweepstakes 2026,https://rules.xboxpromotions.com/LamboReplica?ocid=Platform_soc_omc_xbo__Photo_lrn_7.27.1,ilovegiveaways,Sweepstakes,2026-08-11,,,,,,,,https://ilovegiveaways.com/wp-content/uploads/2026/03/ilg-logo-350x55b-1.png
FOX Sports Countdown to Kickoff 2026 Prize Bundle Sweepstakes,https://foxsweepstakes.com/countdown-to-kickoff-sweepstakes-2026/terms-of-use,ilovegiveaways,Sweepstakes,2026-08-11,,,,,,,,https://ilovegiveaways.com/wp-content/uploads/2026/03/ilg-logo-350x55b-1.png
Cone Health $1.77M MyChart Pixel Tracking Settlement,https://cw.simpluris.com/docs/public/downloads/CHS/CLAIM_FORM,claimdepot,Settlements,2026-08-11,Open for Claims,,Pro rata share,,,,,
Vienna Beef & Chicago Cubs Sweepstakes – Win Game Tickets & Gear,https://www.viennabeef.com/email-cubs-sweepstakes-terms-and-conditions-copy,ilovegiveaways,Sweepstakes,2026-08-11,,,,,,,,https://ilovegiveaways.com/wp-content/uploads/2026/03/ilg-logo-350x55b-1.png
Hilton Grand Vacations F1 Las Vegas Grand Prix Trip Contest 2026,https://sites.flockler.com/hilton-grand-vacations-f1-zone-contest/official-rules,ilovegiveaways,Sweepstakes,2026-08-11,,,,,,,,https://ilovegiveaways.com/wp-content/uploads/2026/03/ilg-logo-350x55b-1.png
No Proof: Bestway Above-Ground Pools $15M Settlement,https://www.poolsettlementbw.com/,claimdepot,Settlements,2026-08-11,Open for Claims,,$40 or 10% of purchase price/average retail price,Yes,,,,
City of New York $21.5 Million Central Booking Settlement,https://www.centralbookingsettlement.com/,claimdepot,Settlements,2026-08-11,Open for Claims,,Up to $475 per qualifying detention,,,,,
AIS InfoSource Data Breach Class Action Settlement,https://cw.simpluris.com/docs/public/downloads/AAC7/CLAIM_FORM,claimdepot,Settlements,2026-08-11,Open for Claims,,"Up to $5,000 plus credit monitoring",,,,,
Earthgrains Distribution $17.5M California IBP Settlement,https://www.earthgrainssettlement.com/,claimdepot,Settlements,2026-08-11,"September 28, 2026",,Varies based on eligible workweeks and pay periods,,,,,
Liquid Death “100 Days of Summer” Sweepstakes (400 Winners),https://liquiddeath100daysofsummer.com/,freebieshark,Sweepstakes,2026-08-12,,,,,,,,
Sugarfina “Coffee Lovers” Sweepstakes (5 Winners),https://www.sugarfina.com/caffe-luxxe-sweepstakes,freebieshark,Sweepstakes,2026-08-12,,,,,,,,
Verizon: FREE Daily Gift Cards via My Verizon App (Aug 12-14),https://www.verizon.com/loyalty/,freebieshark,Freebies,2026-08-12,,,,,,,,
Icelandair “Iceland’s Next Solar Eclipse” Sweepstakes,https://icelandair-ehf.campaign.playable.com/solar-eclipse,freebieshark,Sweepstakes,2026-08-12,,,,,,,,
"Zale Delaware, Sterling Jewelers - Job Postings (Washington) Class Action Settlement",https://zdiclassactionsettlement.com/,classaction,Settlements,2026-08-12,,9/28/26,Varies,No,,,"You may be included in this settlement if you applied for a job opening with Zale Delaware or Sterling Jewelers in Washington between January 1, 2023, and July 26, 2025.",
City of Detroit - Water Supply Services (Michigan) Class Action Settlement,https://www.detroitwatersettlement.com/,classaction,Settlements,2026-08-12,,8/26/26,Varies,N/A,,,"You may be included in this settlement if you were charged as a high-volume water user in the City of Detroit between August 1, 2022 and May 31, 2026.",
Community Realty Management - Data Breach Class Action Settlement,https://crmdatasettlement.com/,classaction,Settlements,2026-08-12,,9/25/26,"$20 - $2,000",No,,,You may be included in this settlement if your personal information was exposed in the September 2024 Community Realty Management data breach.,
CB2 App Download $1000 Gift Card Sweepstakes - Quick Ending,https://www.cb2.com/mobile/app-download/,sweepsadvantage,Sweepstakes,2026-08-12,,,,,,,,
Food.com Trick Or Treat $5K Sweepstakes,https://www.food.com/sweepstakes/trick-or-treat-yourself,sweepsadvantage,Sweepstakes,2026-08-12,,,,,,,,https://geniuskitchen.sndimg.com/fdc-new/img/fdc-shareGraphic.png
Simon & Schuster It Ends With Us Sweepstakes,https://www.simonandschuster.com/p/it-ends-with-us-ten-year-anniversary-sweeps,sweepsadvantage,Sweepstakes,2026-08-12,,,,,,,,
"HGTV Trick or Treat Sweepstakes - $5,000 Value",https://www.hgtv.com/sweepstakes/trick-or-treat-yourself,sweepsadvantage,Sweepstakes,2026-08-12,,,,,,,,
Grubhub Refunds,https://www.ftc.gov/enforcement/refunds/grubhub-refunds,ftc,Settlements,2026-08-12,,,,,,,,https://www.ftc.gov/themes/custom/ftc_uswds/img/ftc_social_share_default_en.jpg
Sportsman's Guide $1M Firearm Purchase Privacy Settlement,https://pasportsmansguideufasettlement.com/,claimdepot,Settlements,2026-08-12,Open for Claims,,Up to $145,,,,,
$5.5M Central Transport sex discrimination settlement,https://eeoccentraltransport.claims-administrator.com,topclassactions,Settlements,2026-08-12,,,,,,,,
Gay NYC Dad Blog $25 Subway Gift Card Giveaway,https://www.gaynycdad.com/2026/08/subway.html,sweepsadvantage,Sweepstakes,2026-08-12,,,,,,,,
Frito-Lay “Gameday Experiences” Sweepstakes (128 Winners),https://TostitosGamedayExperiences.com,freebieshark,Sweepstakes,2026-08-13,,,,,,,,https://www.us-joy.com/prod/s3fs-public/styles/promo_social_share/public/promos/2026/tostitos-gameday-experiences/social/social-wide-1200x630.jpg?itok=ju5bUsJk
Modelo “A tu Manera” Sweepstakes (Select States),https://cbisweeps.com/modeloHHFP,freebieshark,Sweepstakes,2026-08-13,,,,,,,,
Possible FREE Nulo Prowess All-In-One Dry Cat Food,https://socialsample.sendmeasample.com/campaign/31cd0a11-117d-41e8-b980-f66e4a844fcb/magic-link?utm_source=audience_1&fbclid=IwcGRvZgFleHRuA2FlbQIxMQBzcnRjBmFwcF9pZBAyMjIwMzkxNzg4MjAwODkyAAEezjf2bZZ-aeCmsBUDefMvBgW8r1RmnZbh6X96s4K-la1lMApHJ_stufkkFWE_aem_lC9T11gLIEjjYLILTUp8Gw,freebieshark,Freebies,2026-08-13,,,,,,,,
Perdue “Yummy Paw Patrol” Sweepstakes (3 Winners),https://yummydinobuddies.com/Pawpatrol,freebieshark,Sweepstakes,2026-08-13,,,,,,,,
BMW Shark-Fin Antennas Class Action Settlement,https://sharkfinsettlement.com/,classaction,Settlements,2026-08-13,,8/27/26,Varies,Yes,,,"You may be covered by this settlement if you owned or leased certain 2019-2020 model year BMW X3, X4, X5, X6, or X7 vehicles.",
Healthcare Services Group - Data Breach Class Action Settlement,https://healthcareservicesgroupsettlement.com/,classaction,Settlements,2026-08-13,,10/1/26,"Up to $5,000",No,,,You may be able to claim a piece of this settlement if your personal information was potentially exposed in the September 2024 Healthcare Services Group data breach.,
Serviceaide - Data Breach Class Action Settlement,https://serviceaidedatasettlement.com/,classaction,Settlements,2026-08-13,,9/1/26,"$50 - $5,000",No,,,You may be included in this settlement if your personal information was exposed in the Serviceaide data breach that took place between September and November 2024 and impacted Catholic Health patients.,
Crossroads Trading Co. - Data Breach Class Action Settlement,https://crossroadssettlement.com/,classaction,Settlements,2026-08-13,,10/13/26,"$25 - $5,000",No,,,This settlement covers those who were affected by the February 2025 Crossroads Trading Co. data breach.,
O’Reilly Automotive - Unwanted Texts Class Action Settlement,https://oreillyrndsettlement.com/,classaction,Settlements,2026-08-13,,9/28/26,$22,No,,,"If you received two or more text messages from O’Reilly Automotive when your telephone number was on the National Do-Not-Call Registry, you may be included in this settlement.",
Comcast - Data Breach Class Action Settlement,https://comcastbreachsettlement.com/,classaction,Settlements,2026-08-13,,9/14/26,"$50 - $10,000",No,,,You may be covered by this settlement if you received notice that your personal information was potentially compromised in the October 2023 Comcast data breach.,
ApolloMD - Data Breach Class Action Settlement,https://apollomddatasettlement.com/,classaction,Settlements,2026-08-13,,9/30/26,"$75 - $5,000",No,,,This settlement covers those whose private information was potentially exposed in the May 2025 ApolloMD data breach.,
Win a Custom Catio by Wright Angle Renovations,https://sweepwidget.com/giveaways/101264-6eu0jq5p,sweetiessweeps,Sweepstakes,2026-08-13,,,,,,,,https://sweepwidgethosts.fra1.cdn.digitaloceanspaces.com/contestsmain/9j3j696920ce50a085cs1jnwn4/ankhe2zubf.png
Win the Ultimate Kayak Fishing Adventure Package!,https://sweepwidget.com/giveaways/99578-c4b0xn3s,sweetiessweeps,Sweepstakes,2026-08-13,,,,,,,,https://sweepwidgethosts.fra1.cdn.digitaloceanspaces.com/contestsmain/65v6zl65e254d445e68tj84313/1a4cpod2hz.jpg
Keystone Light Hunt Instant Win Game Promotion 2026 - 516 Prizes,https://www.keystonelight.com/hunt,sweepsadvantage,Sweepstakes,2026-08-13,,,,,,,,
"No-Fee Chequing Account $2,500 Giveaway - $2500 Value",https://www.innovationcu.ca/personal/landing-pages/2500-cash-giveaway.html,sweepsadvantage,Sweepstakes,2026-08-13,,,,,,,,
Reyka Summer 2026 Sweepstakes – Win a Trip to Iceland for Two,https://causeastir.com/summersweepstakes/,ilovegiveaways,Sweepstakes,2026-08-13,,,,,,,,https://ilovegiveaways.com/wp-content/uploads/2026/03/ilg-logo-350x55b-1.png
Niche $40000 No Essay Scholarship Contest,https://www.niche.com/colleges/scholarships/40k-no-essay-scholarship-2026/,sweepsadvantage,Sweepstakes,2026-08-13,,,,,,,,
Palm Beach Tan $2.5M Text Message Class Action Settlement,https://hudsonclass.com/,claimdepot,Settlements,2026-08-13,Open for Claims,,"Up to $1,500 per message",Yes,,,,
Riot Fest 2026 Flyaway Contest,https://www.audacy.com/kroq/contests/your-chance-to-be-a-vip-at-riot-fest,ultracontest,Sweepstakes,2026-08-13,,,,,,,,https://www.audacy.com/media-library/you-could-win-a-trip-to-riot-fest.jpg?id=67579056&width=1200&height=600&coordinates=0%2C60%2C0%2C60
Better Butchers The Ultimate Kitchen Upgrade Contest - 50 Winners,https://sweepwidget.com/c/101099-w48i0y2h,sweepsadvantage,Sweepstakes,2026-08-13,,,,,,,,https://sweepwidgethosts.fra1.cdn.digitaloceanspaces.com/contestsmain/51xm6k65b2ef0466e9aeefw9q5/i56rmv9l7f.png
"Stockpile $600,000 Data Breach Class Action Settlement",https://www.stockpiledatasettlement.com/,claimdepot,Settlements,2026-08-13,Open for Claims,,Up to $90,Yes,,,,
The Dragon Slayer & His Super Special Suit By Kyle Worley Giveaway,https://www.chatwithvera.com/2026/08/dragon-slayer-super-special-suit-giveaway.html,contestlisting,Sweepstakes,2026-08-13,September 11 at 11:59 PM,,,,,United States,,https://blogger.googleusercontent.com/img/b/R29vZ2xl/AVvXsEjysmB-5L9Kw9WXVyh4WxgWjIQMmmJXQ8F3GyzzbG0aAoge4zYsb6uIzdrjUArmh1gj2tT5P3vWVjjXFZKwnfUInbQn4uKnAOyaK6mmcDSq15sZllphLUb1VENH1EH6p0-YFXJdQlOMCPqUAIWkcgZW6hGMINwVviiPzMKP5VrNGLFkQ0JvM43Vgx5wDJee/w1200-h630-p-k-no-nu/91qKAdRpFjL._SL1500_.jpg
Kwik Trip Around The Bases - Twins 2026 Sweepstakes,https://www.kwiktrip.com/sweepstakes/twins-around-the-bases,sweepsadvantage,Sweepstakes,2026-08-13,,,,,,,,https://www.kwiktrip.com/wordpress/wp-content/uploads/2018/11/kwik-trip-1200x630.jpg
Cornell Lab of Ornithology “Big Day Binoculars” Sweepstakes,https://dl.allaboutbirds.org/AugustGiveaway-z,freebieshark,Sweepstakes,2026-08-14,,,,,,,,
Keystone Light “Hunt” Instant Win Game (516 Winners),https://www.keystonelight.com/av?url=https://www.keystonelight.com/hunt,freebieshark,Freebies,2026-08-14,,,,,,,,
TaylorMade “Build Your Dream Bag” Sweepstakes,https://buildyourdreamsetup.taylormadegolf.com/landing,freebieshark,Sweepstakes,2026-08-14,,,,,,,,
Alaskan August Seafood Boil Cookout Sweepstakes,https://app.viralsweep.com/sweeps/full/cc1b59-233809,sweepsadvantage,Sweepstakes,2026-08-14,,,,,,,,
Travel South Dakota Cycle the 605 Sweepstakes - 2 Winners,https://www.travelsouthdakota.com/cycle-605-sweepstakes#entry-form,sweepsadvantage,Sweepstakes,2026-08-14,,,,,,,,
Inside+Out Upstate Ultimate Tivoli NY Sweepstakes - 2 Winners,https://app.viralsweep.com/sweeps/full/32b12c-233775?framed=1,sweepsadvantage,Sweepstakes,2026-08-14,,,,,,,,
2026 OREO Flavor Vote Sweepstakes - 5 Winners,https://www.oreo.com/presale,sweepsadvantage,Sweepstakes,2026-08-14,,,,,,,,
Extreme Customs x Ravetti Wheels Sweepstakes,https://sweepwidget.com/c/100971-muihdctg,sweepsadvantage,Sweepstakes,2026-08-14,,,,,,,,https://sweepwidgethosts.fra1.cdn.digitaloceanspaces.com/contestsmain/4e87ef688a303e45f21xsap0c2/x7k20i48f3.png
BBQ Dragon Portable Grill Giveaway - 2 Winners,https://app.viralsweep.com/sweeps/full/74cdf8-234248,sweepsadvantage,Sweepstakes,2026-08-14,,,,,,,,
$2.1M Atrium Health data privacy class action settlement,https://forms.ksacms.com/efiling/fr/eform/AtriumHealthPixelSettlement_claimform/new?form-version=1&#038;fr-wizard-page=section-1,topclassactions,Settlements,2026-08-14,,,,,,,,
$450K Stanford Federal Credit Union NSF fee class action settlement,http://SFCUFeeSettlement.com,topclassactions,Settlements,2026-08-14,,,,,,,,
Deliciouslysavvy.com Fall Event Giveaway,https://deliciouslysavvy.com/enter-to-win-the-fall-event-150-amazon-paypal-giveaway-1-winner-ends-10-24-vtevents/,sweepsadvantage,Sweepstakes,2026-08-14,,,,,,,,https://i0.wp.com/deliciouslysavvy.com/wp-content/uploads/2026/08/150-Amazon-Gift-Card-or-PayPal-Cash__Fall-26__BUTTON-768x768.jpg.webp?fit=768%2C768&quality=80&ssl=1
Sansone Group Data Breach Class Action Settlement,https://sansonedataincident.com/form/claim,claimdepot,Settlements,2026-08-14,Open for Claims,,"Up to $3,500 plus credit monitoring",,,,,
CSX Transportation $1.5M Livingston Derailment Settlement,https://livingstonderailmentsettlement.com/form/claim,claimdepot,Settlements,2026-08-14,Open for Claims,,"Up to $4,000",Yes,,,,
Americold $5.25M Data Breach Class Action Settlement,https://forms.ksacms.com/efiling/fr/eform/AmericoldBracySettlement_claimform/new?form-version=1&fr-wizard-page=section-1,claimdepot,Settlements,2026-08-14,Open for Claims,,"Up to $25,000 plus credit monitoring",,,,,
"Just4Veterans $750,000 VA Disability Fee Settlement",https://www.j4vsettlement.com/claims_filing.html,claimdepot,Settlements,2026-08-14,"October 5, 2026",,Varies,,,,,
Lloyd’s of London $3.57M Insurance Class Action Settlement,https://syndicatesettlement.com/,claimdepot,Settlements,2026-08-14,Open for Claims,,Varies based on premium paid,Yes,,,,
End of Summer Sweepstakes,https://explorelacrosse.com/blog/champions-downtown-getaway-sweepstake/,ultracontest,Sweepstakes,2026-08-14,,,,,,,,https://explorelacrosse.com/wp-content/uploads/2022/08/LaCrosseSummer-45332-scaled.jpg
Opry Entertainment “Opry Birthday Flyaway” Sweepstakes,https://www.opry.com/opry-birthday/opry-birthday-sweepstakes/,freebieshark,Sweepstakes,2026-08-15,,,,,,,,
FREE Bardstown Bourbon NFC Tag Stickers,https://www.bardstownbourbon.com/gifting/,freebieshark,Freebies,2026-08-15,,,,,,,,https://www.bardstownbourbon.com/wp-content/uploads/2022/12/BBCo-Rickhouse-K-Facade-Medium.jpg
Corona “Summer Grill” Sweepstakes (57 Winners),https://summergrillsweepstakes.coronausa.com/,freebieshark,Sweepstakes,2026-08-15,,,,,,,,
Coca-Cola “Future Careers Academy” Sweepstakes (11 Winners),https://www.coca-cola.com/us/en/offerings/fifa-world-cup-26/future-careers-academy,freebieshark,Sweepstakes,2026-08-15,,,,,,,,https://www.coca-cola.com/content/dam/onexp/global/icons/coca-cola-default.png
Universal Pictures Home Entertainment Minions & Monsters Sweepstakes - 2 Prizes,https://cloud.email.universalpicturesathome.com/minionsandmonsters_paid_sweeps_form,sweepsadvantage,Sweepstakes,2026-08-15,,,,,,,,
Wish Farms Teacher Wishlist Sweepstakes - 5 Winners,https://wishfarms.com/2026teacherwishlistgiveaway/,sweepsadvantage,Sweepstakes,2026-08-15,,,,,,,,
Crown Imports Summer Grill Sweepstakes - 57 Prizes,https://summergrillsweepstakes.discoverpacifico.com/,sweepsadvantage,Sweepstakes,2026-08-15,,,,,,,,
Graco Children’s Products Review Sweepstakes - 3 Winners,https://app.viralsweep.com/sweeps/full/0a332e-202696?framed=1,sweepsadvantage,Sweepstakes,2026-08-15,,,,,,,,
KensingtonBooks Between the Chapters Book Club - Monthly Member Giveaway,https://www.kensingtonbooks.com/between-the-chapters/btcexclusive/,sweepsadvantage,Sweepstakes,2026-08-15,,,,,,,,
$4.02M ApolloMD data breach class action settlement,https://forms.ksacms.com/efiling/fr/eform/ApolloMDDataSettlement_claimform/new?form-version=1&fr-wizard-page=section-1,topclassactions,Settlements,2026-08-15,,,,,,,,
Sideshow Collectibles Gridman Sigma Giveaway,https://www.sideshow.com/contest/lygss-gridman-sigma-giveaway,sweepsadvantage,Sweepstakes,2026-08-15,,,,,,,,
$18.8M O’Reilly Automotive spam text messages class action settlement,https://forms.ksacms.com/efiling/fr/eform/bryanvoreily_claimform/new?form-version=1,topclassactions,Settlements,2026-08-15,,,,,,,,
Simon & Schuster Back-to-School 2026 Book & Swag Sweepstakes,https://www.simonandschuster.com/rules/eca02713-6e3e-4e20-86b5-33678617f002,ilovegiveaways,Sweepstakes,2026-08-15,,,,,,,,https://ilovegiveaways.com/wp-content/uploads/2026/03/ilg-logo-350x55b-1.png
Perdue Yummy Dino Buddies PAW Patrol Movie Screening Sweepstakes 2026,https://yummydinobuddies.com/app/uploads/2026/07/Yummy_Paw_Patrol_Sweepstakes-Official_Rules.pdf,ilovegiveaways,Sweepstakes,2026-08-15,,,,,,,,https://ilovegiveaways.com/wp-content/uploads/2026/03/ilg-logo-350x55b-1.png
2026 Chipotle IQ 7.0 Contest,https://chipotleiq.com/,sweepsadvantage,Sweepstakes,2026-08-15,,,,,,,,https://chipotleiq.com/img/ChipIQ_2026_PR_1920x1080.jpg
"New Smyrna Beach Area Visitors Bureau Naturally, New Smyrna Beach 2026 Contest",https://www.visitnsbfl.com/contest-rules,ilovegiveaways,Sweepstakes,2026-08-15,,,,,,,,https://ilovegiveaways.com/wp-content/uploads/2026/03/ilg-logo-350x55b-1.png
Kroger $17 Million Prescription Drug Pricing Settlement,https://angeion-public.s3.amazonaws.com/www.krogersavingsclubsettlement.com/docs/Kirkbride%20v%20Kroger%20-%20Claim%20Form.pdf,claimdepot,Settlements,2026-08-15,Open for Claims,,Pro rata based on purchases,,,,,
Pepsi-Cola Company WWE Money in the Bank Trip Sweepstakes 2026,https://images.prod.fooji.com/original/organizations/321/campaigns/3531/published/click_for_official_rules-9ea7f8a.pdf,ilovegiveaways,Sweepstakes,2026-08-15,,,,,,,,https://ilovegiveaways.com/wp-content/uploads/2026/03/ilg-logo-350x55b-1.png
L’Oreal Paris EverPure Iron Sleek Sweepstakes - $793 Value - 10 Winners,https://www.lorealparisusa.com/iron-sleek-giveaway,sweepsadvantage,Sweepstakes,2026-08-15,,,,,,,,
E. Mishan & Sons No Proof Stainless Steel Cookware Settlement,https://www.stainless-steelcookwaresettlement.com/,claimdepot,Settlements,2026-08-15,Open for Claims,,$6-$12,,,,,
Pantene Prende el Party Miami Trip Contest 2026,https://rules.dja.com/prendeelpartypantenecontest/,ilovegiveaways,Sweepstakes,2026-08-15,,,,,,,,https://ilovegiveaways.com/wp-content/uploads/2026/03/ilg-logo-350x55b-1.png
Kempersports Chicagoland Program Private Course Round Contest - $1600 Value,https://www.kempersports.com/frequent-fairways/chicagoland/terms/,sweepsadvantage,Sweepstakes,2026-08-15,,,,,,,,
Tift Regional Health System $1.2M Data Breach Settlement,https://cw.simpluris.com/docs/public/downloads/TDC1/CLAIM_FORM,claimdepot,Settlements,2026-08-15,Open for Claims,,"Up to $5,000 plus credit monitoring",,,,,
"Ally Giving Away Ten $1,000 Gift Cards Sweepstakes 2026",https://www.ally.com/content/dam/pdf/brand/allies-only.pdf,ilovegiveaways,Sweepstakes,2026-08-15,,,,,,,,https://ilovegiveaways.com/wp-content/uploads/2026/03/ilg-logo-350x55b-1.png
AudioScape Engineering EQP-A Giveaway - 3 Winners,https://sweepwidget.com/c/101646-7u9a0lmr,sweepsadvantage,Sweepstakes,2026-08-15,,,,,,,,
"Niche “$40,000 No Essay” Scholarship Sweepstakes",https://www.niche.com/colleges/scholarships/40k-no-essay-scholarship/,freebieshark,Sweepstakes,2026-08-16,,,,,,,,
New York Islanders “Home Opener” Sweepstakes,https://web.witcontests.com/islanders/sweepstakes/win/home-opener-2026,freebieshark,Sweepstakes,2026-08-16,,,,,,,,"https://web.witcontests.com/cdn-img/width=854,quality=80/https://s3.amazonaws.com/wit-challenge-assets-prod/backgrounds/16-62d195d6-c2fa-47a3-ac60-8ad594359fa5.png"
Visit Jacksonville “Win a Trip to Jax” Sweepstakes,https://www.visitjacksonville.com/win-a-trip-to-jax-email-signup-contest/,freebieshark,Sweepstakes,2026-08-16,,,,,,,,
Behr & Kilz Pro UGC Sweepstakes - 4 Winners,https://kilz.wyng.com/6a60ddc6c735c7bfccf9a98a,sweepsadvantage,Sweepstakes,2026-08-16,,,,,,,,
Schell Brothers 2026 Parade of Homes Sweepstakes,https://delawareonline.gannettcontests.com/Schell-Brothers-2026-Parade-of-Homes/,sweepsadvantage,Sweepstakes,2026-08-16,,,,,,,,https://media.secondstreetapp.com/7521986
One Country GMC Yukon XL 4WD Denali Giveaway - $85000 Value,https://amoe.onecountry.com/enter?productId=2026_GMC-Denali,sweepsadvantage,Sweepstakes,2026-08-16,,,,,,,,
Little House on the Prairie Nashville Reunion Giveaway Sweepstakes,https://www.visitmusiccity.com/little-house-prairie-nashville-reunion-giveaway,ultracontest,Sweepstakes,2026-08-16,,,,,,,,
Behr & Kilz PRO UGC $500 Home Depot Gift Card Sweepstakes 2026,https://behr.com/binaries/content/assets/behrpro/pdf/others/2026-behr-at-work-sweepstakes-official-rules.pdf,ilovegiveaways,Sweepstakes,2026-08-16,,,,,,,,https://ilovegiveaways.com/wp-content/uploads/2026/03/ilg-logo-350x55b-1.png
Watcharee's Thai Red Curry Noodles Giveaway - 50 Winners,https://sweepwidget.com/c/101654-9e4n086h,sweepsadvantage,Sweepstakes,2026-08-16,,,,,,,,https://sweepwidgethosts.fra1.cdn.digitaloceanspaces.com/contestsmain/exddp467ca05994f985aaqw288/4a1cyiz6p7.jpg
Outdoor Edge Elk Season Load Out Giveaway,https://sweepwidget.com/c/101503-loz51ia4,sweepsadvantage,Sweepstakes,2026-08-16,,,,,,,,https://sweepwidgethosts.fra1.cdn.digitaloceanspaces.com/contestsmain/0kh0hu68752650972aecvxyx72/z8e7jqvmtx.png
Opry Entertainment Birthday Flyaway Trip to Nashville Sweepstakes 2026,https://www.opry.com/terms-conditions,ilovegiveaways,Sweepstakes,2026-08-16,,,,,,,,https://ilovegiveaways.com/wp-content/uploads/2026/03/ilg-logo-350x55b-1.png
L’Oréal Paris EverPure Iron Sleek Product Sweepstakes 2026 ($793 Value),https://www.lorealparisusa.com/everpure-iron-sleek-sweeps-rules,ilovegiveaways,Sweepstakes,2026-08-16,,,,,,,,https://ilovegiveaways.com/wp-content/uploads/2026/03/ilg-logo-350x55b-1.png
Barefoot Wine NFL Super Bowl LXI Tickets & Gift Card Sweepstakes 2026,https://social-ejg-dm.s3.us-east-1.amazonaws.com/Sweepstakes/barefootwine/NFL-Superbowl-Sweeps-OfficialRules.pdf,ilovegiveaways,Sweepstakes,2026-08-16,,,,,,,,https://ilovegiveaways.com/wp-content/uploads/2026/03/ilg-logo-350x55b-1.png
Discover Central Massachusetts A Revolutionary Fall Sweepstakes,https://telegram.gannettcontests.com/Discover-Central-Massachusetts/,ultracontest,Sweepstakes,2026-08-16,,,,,,,,https://media.secondstreetapp.com/7569728?width=1200&height=630
FREE State Farm Dividend Payment (If You Qualify),https://sfdividendconnect.com/payment,freebieshark,Freebies,2026-08-17,,,,,,,,
Collegiate Licensing Company 2026 College Colors Day Weekly Sweepstakes - 3 Winners,https://collegecolorsday.com/,sweepsadvantage,Sweepstakes,2026-08-17,,,,,,,,
Get Kalahari’d Away 2026 Sweepstakes - 158 Winners,https://www.kalahariresorts.com/win,sweepsadvantage,Sweepstakes,2026-08-17,,,,,,,,
Korres USA Curated NYC Weekend Sweepstakes,https://app.viralsweep.com/sweeps/full/35de1d-234420,sweepsadvantage,Sweepstakes,2026-08-17,,,,,,,,
Brondell & WaterAid America Healthy Hydration Water Filter Giveaway - 5 Winners,https://app.viralsweep.com/sweeps/full/32d66a-230381,sweepsadvantage,Sweepstakes,2026-08-17,,,,,,,,
Derrick Stroup’s Running Hot Getaway Sweepstakes,https://www.outbackpresents.com/sweeps/stroupsweeps,sweepsadvantage,Sweepstakes,2026-08-17,,,,,,,,https://cdn.prod.website-files.com/65c25d9a8c3481522b930a6a/6a7e309c3e5df8d66ac0b897_DerrickStroup_FTL_SWEEPS_1080X1350.jpg
Clutch Certified 2025 Audi Q7 Contest Sweepstakes,https://www.clutch.ca/clutch-certified-contest,ultracontest,Sweepstakes,2026-08-17,,,,,,,,
Ben’s Original Back To School Giveaway 2026 - 101 Winners,https://www.bensoriginalgiveaway.ca/,sweepsadvantage,Sweepstakes,2026-08-17,,,,,,,,https://bensoriginalgiveaway.ca/img/og-image.png
Ready Back-to-School Giveaway - 6 Winners,https://sweepwidget.com/c/back-to-school-giveaway/darlaby3a-101638,sweepsadvantage,Sweepstakes,2026-08-17,,,,,,,,https://sweepwidgethosts.fra1.cdn.digitaloceanspaces.com/contestsmain/kkb8zs677d82a58da7ftl6aan1/casqy6dup1.png
Lactalis Canada — Pack More Than Lunches Sweepstakes,https://packmorethanlunches.ca/Enter,sweepsadvantage,Sweepstakes,2026-08-17,,,,,,,,
Seminole County Ultimate Orlando North Getaway Sweepstakes,https://doorlandonorth.com/giveaway/,sweepsadvantage,Sweepstakes,2026-08-17,,,,,,,,https://doorlandonorth.com/wp-content/uploads/2024/07/e9053e8a61979e4bafc3dab54f0cf357.png
Cole Swindell Bronco Sweepstakes,https://wct.live/app/46167/coleswindell-flyaway,sweepsadvantage,Sweepstakes,2026-08-17,,,,,,,,https://cdn.campaigns.wmgconnect.com/uploads/20260821cole-swindellbroncosinglecover-art-1.jpg
NYX “Smushy SOS PR Vault” Sweepstakes (10 Winners),https://www.nyxcosmetics.com/smushy-sos-pr-vault-sweepstakes.html,freebieshark,Sweepstakes,2026-08-18,,,,,,,,
BOGO FREE Chipotle Entrées on 8/20 (Just Show Your School Spirit!),https://newsroom.chipotle.com/2026-08-17-CHIPOTLE-CELEBRATES-BACK-TO-SCHOOL-SEASON-WITH-SCHOOL-SPIRIT-BOGO-AND-CHIPOTLE-SUNDAYS-DEAL,hip2save,Freebies,2026-08-18,,,,,,,,https://mmx.prnewswire.com/media/MS1970259/School-Spirit-Bogo-PR-with-Logo.jpg?id=OA2888412&amp;p=facebook
Camel “Out There” Instant Win Game (884 Winners),https://www.camel.com/secure/promotions/outtheregiveaway.html,freebieshark,Freebies,2026-08-18,,,,,,,,
FREE Khloud Plus Protein Chips at Walmart,https://vizervelocity.com/0f96e74a-51af-4abe-9f01-d8b680f62360,freebieshark,Freebies,2026-08-18,,,,,,,,
"FREE Sonny’s BBQ Meal for Teachers on 8/20 (Includes Sandwich, Side, & Drink!)",https://www.sonnysbbq.com/from-the-smoker/sonnys-teacher-offer-2026,hip2save,Freebies,2026-08-18,,,,,,,,https://www.sonnysbbq.com/wp-content/uploads/2024/08/Feature-Teachers.jpg
"Simon & Schuster, LLC The Back-to-School 2026 Sweepstakes",https://www.simonandschuster.com/p/back-to-school-2026-sweepstakes,sweepsadvantage,Sweepstakes,2026-08-18,,,,,,,,
Getaways by Southwest Spa Weekend Voucher 2026 Sweepstakes,https://getawayssweepstakes.com/Getaways-by-Southwest-Instagram-Sweepstakes-Rules.pdf#embedded-rules,ilovegiveaways,Sweepstakes,2026-08-18,,,,,,,,https://ilovegiveaways.com/wp-content/uploads/2026/03/ilg-logo-350x55b-1.png
Outback Presents Derrick Stroup’s Running Hot Getaway 2026 Giveaway,https://www.outbackpresents.com/terms,ilovegiveaways,Sweepstakes,2026-08-18,,,,,,,,https://ilovegiveaways.com/wp-content/uploads/2026/03/ilg-logo-350x55b-1.png
Camel Out There Giveaway Instant Win Sweepstakes,https://www.camel.com/?resource=%2Fsecure%2Fpromotions%2Fouttheregiveaway.html,sweepsadvantage,Sweepstakes,2026-08-18,,,,,,,,
"Aspercreme KO Boomer $4,500 Vacation & Gloves Sweepstakes 2026",https://koboomer.com/rules.pdf,ilovegiveaways,Sweepstakes,2026-08-18,,,,,,,,https://ilovegiveaways.com/wp-content/uploads/2026/03/ilg-logo-350x55b-1.png
Dap Health $1.3M Data Breach Class Action Settlement,https://claim.dapdatasettlement.com/Login,claimdepot,Settlements,2026-08-18,Open for Claims,,Varies,,,,,
"True World Holdings $325,000 Data Breach Settlement",https://trueworlddatasettlement.com/form/claim,claimdepot,Settlements,2026-08-18,Open for Claims,,"Up to $2,000 plus credit monitoring",,,,,
Northrop Grumman $75 Million Canoga Park/Winnetka Settlement,https://canogaparkclassaction.com/class-area-address-search/,claimdepot,Settlements,2026-08-18,Open for Claims,,"$444-$21,110 per eligible home",Yes,,,,
Hy-Vee Nebraska Red Bronco 2026 Sweepstakes – Win a Ford Bronco,https://www.hy-vee.com/corporate/news-events/promotions/hyvee-nebraska-red-bronco-giveaway-sweepstakes-rules/,ilovegiveaways,Sweepstakes,2026-08-18,,,,,,,,https://ilovegiveaways.com/wp-content/uploads/2026/03/ilg-logo-350x55b-1.png
Boston Beer Company Sam Adams Octoberfest Sweepstakes - $10000 Value,https://2026samueladamsoctoberfest.com/en/IH6513/submission/form,sweepsadvantage,Sweepstakes,2026-08-18,,,,,,,,https://2026samueladamsoctoberfest.com/en/assets/thumbnail_socialShareUrlCard.png
"Vital Proteins US Open $300,000 Prize Pool Sweepstakes 2026",https://finalsettiebreak.vitalproteins.brandmovers.co/rules,ilovegiveaways,Sweepstakes,2026-08-18,,,,,,,,https://ilovegiveaways.com/wp-content/uploads/2026/03/ilg-logo-350x55b-1.png
Herman Miller “HMGxZombies” Sweepstakes (3 Winners),https://store.hermanmiller.com/hmgxzombies,freebieshark,Sweepstakes,2026-08-19,,,,,,,,
Walmart: $10 Off $35 Grocery Order Promo Codes + More,https://go.shopmy.us/p-80211306,freebieshark,Freebies,2026-08-19,,,,,,,,
DAP Health - Data Breach Class Action Settlement,https://dapdatasettlement.com/,classaction,Settlements,2026-08-19,,10/21/26,"$25 - $5,000",No,,,You may be included in this settlement if your personal information was exposed in the July 2024 DAP Health data breach.,
CRST Expedited - Driver Wages (California) Class Action Settlement,https://truckingdriversettlement.com/,classaction,Settlements,2026-08-19,,10/5/26,Varies,N/A,,,"This settlement covers California CRST Expedited drivers who were compensated by a piece-rate at any time between August 9, 2017 and April 10, 2023.",
Americold Logistics - Data Breaches Class Action Settlement,https://americoldbracysettlement.com/,classaction,Settlements,2026-08-19,,10/22/26,"$100 - $25,000",No,,,You may be included in this settlement if your information was exposed in a Americold Logistics data breach in 2020 or 2023.,
Cone Health - Data Privacy Class Action Settlement,https://conepixelsettlement.com/,classaction,Settlements,2026-08-19,,10/5/26,Varies,No,,,"You may be included in this settlement if you accessed Cone Health's MyChart patient portal between September 1, 2016, and November 3, 2022.",
"Saint-Gobain - Meal, Rest Breaks (Washington) Class Action Settlement",https://wagesettlementsgaai.com/,classaction,Settlements,2026-08-19,,9/2/26,Varies,N/A,,,"You may be covered by this settlement if you worked for Saint-Gobain in Washington between September 9, 2022 and July 6, 2026.",
Tift Regional Health System - Data Breach Class Action Settlement,https://tiftdatasettlement.com/,classaction,Settlements,2026-08-19,,10/15/26,"$75 - $5,000",No,,,This settlement covers those whose personal information was exposed in the August 2022 Tift Regional Health System data breach.,
AION Management - Fees (Virginia) Class Action Settlement,https://www.apartmentfeesclassaction.com/,classaction,Settlements,2026-08-19,,9/8/26,$141,N/A,,,"You may be able to claim a piece of this settlement if you signed a lease at an apartment complex managed by AION Management in Virginia between October 10, 2023 and November 1, 2025.",
Kroger - Prescription Drug Prices Class Action Settlement,https://www.krogersavingsclubsettlement.com/,classaction,Settlements,2026-08-19,,10/22/26,Varies,No,,,"You may be included in this settlement if you paid for prescription drugs from Kroger using your insurance between December 9, 2018 and August 23, 2026.",
Steamy Kitchen Food Dehydrator Machine Giveaway,https://steamykitchen.com/255613-food-dehydrator-machine-giveaway.html,sweepsadvantage,Sweepstakes,2026-08-19,,,,,,,,https://steamykitchen.com/wp-content/uploads/2026/08/Food-Dehydrator-Machine-Giveaway.png
On Q Financial $1.25M Data Breach Class Action Settlement,https://onqsettlement.com/,claimdepot,Settlements,2026-08-19,Open for Claims,,"Up to $5,000 plus identity theft monitoring",No,,,,
Gay NYC Dad Blog $15 Cinnabon eGift Card Giveaway,https://www.gaynycdad.com/2026/08/15-cinnabon.html,sweepsadvantage,Sweepstakes,2026-08-19,,,,,,,,
Managed Care of North America Data Breach Settlement,https://forms.ksacms.com/efiling/fr/eform/crowe_v_managedcareofna_claimform/new?form-version=1&fr-wizard-page=section-1,claimdepot,Settlements,2026-08-19,Open for Claims,,"Up to $2,500 plus medical data monitoring",,,,,
Talkdesk $2.79M Washington Pay Transparency Settlement,https://epoasettlementtdi.com/,claimdepot,Settlements,2026-08-19,Open for Claims,,"Up to $5,000",,,,,
1stAdvantage.org Swipe For a Chance to Win Sweepstakes,https://www.1stadvantage.org/sweepstakes/rules/,sweepsadvantage,Sweepstakes,2026-08-19,,,,,,,,
TuneSpeak The Wildlife Giveaway- $1999 Value,https://www.tunespeak.com/campaign/6a74caf0e444df0001effcac,sweepsadvantage,Sweepstakes,2026-08-19,,,,,,,,
Kroll Travel Let the World Surprise Giveaway,https://krolltravel.com/Contest.html,sweepsadvantage,Sweepstakes,2026-08-19,,,,,,,,
All Americans Vote R&B Tour VIP Experience Sweepstakes 2026,https://www.allamericans.org/rules/cb-usher,ilovegiveaways,Sweepstakes,2026-08-19,,,,,,,,https://ilovegiveaways.com/wp-content/uploads/2026/03/ilg-logo-350x55b-1.png
Charleston Area Medical Center Bariatric Surgery Settlement,https://camcbariatricsettlement.com/Claim-Upload/PageControl/InformationPage,claimdepot,Settlements,2026-08-19,Open for Claims,,Varies,,,,,
Little Leaf Farms “Lettuce Takeover” Sweepstakes (5 Winners),https://littleleaffarms.com/lettucetakeover/,freebieshark,Sweepstakes,2026-08-20,,,,,,,,https://littleleaffarms.com/wp-content/uploads/2026/06/sweepstakes-featured.jpg
Lowe’s: FREE Haunted House Kids Workshop (September 12),https://www.lowes.com/events/register/haunted-house,freebieshark,Freebies,2026-08-20,,,,,,,,
Visit Music City Songwriter Awards Giveaway - $4020 Value,https://www.visitmusiccity.com/nashville-songwriter-awards-giveaway,sweepsadvantage,Sweepstakes,2026-08-20,,,,,,,,
Visit Myrtle Beach Kroger HSFB Sweepstakes - $4000 Value,https://www.visitmyrtlebeach.com/plan/contests/auburn-tigers,sweepsadvantage,Sweepstakes,2026-08-20,,,,,,,,
Alaska Airlines Skyfari Now Boarding Sweepstakes - $4000 Value,https://zoo.sandiegozoo.org/alaska-airlines-2026-sweepstakes,sweepsadvantage,Sweepstakes,2026-08-20,,,,,,,,
USA Today Visit North of Boston Discover Gloucester Vacation Getaway - 2 Winners,https://usatoday.gannettcontests.com/Visit-North-of-Boston-Discover-Gloucester-Vacation-Getaway/,sweepsadvantage,Sweepstakes,2026-08-20,,,,,,,,https://media.secondstreetapp.com/7507241?width=1170&quality=60&format=auto
"EFS Advisors and Aviben $850,000 Data Breach Settlement",https://www.efsdatasettlement.com/submit-claim,claimdepot,Settlements,2026-08-20,Open for Claims,,"Up to $2,500 plus credit monitoring",,,,,
Elanco Animal Health $15 Million SEC Fair Fund Payout,https://www.elancoanimalhealthfairfund.com/,claimdepot,Settlements,2026-08-20,"September 14, 2026",,$20 and up (varies),Yes,,,,
$3M Healthcare Services Group data breach class action settlement,https://forms.ksacms.com/efiling/fr/eform/williamson_v_healthcareservices_claimform/new?form-version=1,topclassactions,Settlements,2026-08-20,,,,,,,,
Fandango Fan-tastic Prize Pack 2026 Sweepstakes,https://www.fandangomovietickets.com/sms-terms-and-conditions/,ilovegiveaways,Sweepstakes,2026-08-20,,,,,,,,https://ilovegiveaways.com/wp-content/uploads/2026/03/ilg-logo-350x55b-1.png
MG217 Shampoo $1.2 Million Benzene Class Action Settlement,https://www.mg217shampoosettlement.com/,claimdepot,Settlements,2026-08-20,Open for Claims,,Varies,No,,,,
US Open Vital Proteins Sweepstakes,https://finalsettiebreak.vitalproteins.brandmovers.co/,ultracontest,Sweepstakes,2026-08-20,,,,,,,,
"$750,000 iQ Credit Union overdraft fees class action settlement",https://www.ThompsonFeesSettlement.com,topclassactions,Settlements,2026-08-20,,,,,,,,
GiantMicrobes Back To School Instant Win Game,https://www.giantmicrobes.com/us/content/sweepstakes.html,sweepsadvantage,Sweepstakes,2026-08-20,,,,,,,,
GIANTmicrobes Back to School Spin Sweepstakes 2026 – Win Plushies & Sprees,https://www.giantmicrobes.com/us/content/sweepstakes.html#embedded-rules,ilovegiveaways,Sweepstakes,2026-08-20,,,,,,,,https://ilovegiveaways.com/wp-content/uploads/2026/03/ilg-logo-350x55b-1.png
2026 Woofster's Workers Reality Sweepstakes - $10000 Value,https://www.wcu.com/woofster's-reality-contest-alternative-entry,sweepsadvantage,Sweepstakes,2026-08-20,,,,,,,,
United by Nature “Fight Fire With Flavor” Sweepstakes (31 Winners),https://www.unitedbynature.eco/campaigns/fire,freebieshark,Sweepstakes,2026-08-21,,,,,,,,
RAB “Smokin Hot Grill” Sweepstakes,https://www.therealamerican.com/sweepstake/smokin-hot-giveaway,freebieshark,Sweepstakes,2026-08-21,,,,,,,,
Rally House “Big Ten Football Championship” Sweepstakes,https://shop.bigtenstore.com/btfc-enter-to-win,freebieshark,Sweepstakes,2026-08-21,,,,,,,,
Pepsi “Fall Football” Sweepstakes (Select States),https://pepsipromos.com/fallfootball/,freebieshark,Sweepstakes,2026-08-21,,,,,,,,
Nestlé Purina Petcare Friskies Convention Sweepstakes,https://www.purina.com/mypurina-app,sweetiessweeps,Sweepstakes,2026-08-21,,,,,,,,
2026 Kroger HSFB X Visit Myrtle Beach Sweepstakes,https://krogerhighschoolfootball.com/,sweepsadvantage,Sweepstakes,2026-08-21,,,,,,,,https://cdn.prod.website-files.com/6a6a025db7b5732e613b512c/6a835530d40602dbf9a6e9ed_SEO_Kroger.webp
"TLC Dream It, Win It Giveaway - $5000 Value",https://www.tlc.com/sweepstakes/dream-it--win-it,sweepsadvantage,Sweepstakes,2026-08-21,,,,,,,,
Televisa Univision Vacation Package Sweepstakes,https://st1.uvnimg.com/a4/d9/b3cfd218448e98b1fb9d63dea35e/paquete-magico-bmf-network-rules-august-2026.pdf,sweepsadvantage,Sweepstakes,2026-08-21,,,,,,,,
"Food.com Dream It, Win It Giveaway - $5000 Value",https://www.food.com/sweepstakes/dream-it-win-it.,sweepsadvantage,Sweepstakes,2026-08-21,,,,,,,,https://geniuskitchen.sndimg.com/fdc-new/img/fdc-shareGraphic.png
Phoenix Raceway Enter To Win Sweepstakes,https://www.phoenixraceway.com/showcar/,sweepsadvantage,Sweepstakes,2026-08-21,,,,,,,,
Amrit Ocean Resort 3-night Amrit Signature Retreat Giveaway,https://www.amritocean.com/offers/sweepstake/,sweepsadvantage,Sweepstakes,2026-08-21,,,,,,,,
Sur La Table Carla Hall x AllClad Giveaway,https://forms.cloud.microsoft/Pages/ResponsePage.aspx?id=b85UkdsfQEq0ttWsZZx7zb3HWJ_eOHlFr4DOal7ldNNUNzZDNU5NRFdERldTSTFQMkY0Nkw0NEVaOS4u&utm_source,sweepsadvantage,Sweepstakes,2026-08-21,,,,,,,,
Coca Cola Company National Park Week Sweepstakes - 51 Winners,https://www.coca-cola.com/us/en/offerings/coca-cola-app,sweepsadvantage,Sweepstakes,2026-08-21,,,,,,,,https://www.coca-cola.com/content/dam/onexp/global/icons/coca-cola-default.png
Corus Sales Legendary Vegas Getaway Contest,https://promos.globalnews.ca/betmgm-legendary-vegas-getaway-contest/index.html,sweepsadvantage,Sweepstakes,2026-08-21,,,,,,,,https://promos.globalnews.ca/betmgm-legendary-vegas-getaway-contest/images/wordmark.png
Salem Media Group The Uprising Freedom Voyage Sweepstakes - 11 Winners,https://947fmtheword.com/members/member-contests-and-sweepstakes/enter-to-win-the-uprising-movie-freedom-voyage-sweepstakes,sweepsadvantage,Sweepstakes,2026-08-21,,,,,,,,https://cdn.saleminteractivemedia.com/187/content/339971/880-x-440-updated.jpg?v=202608181505277500
Alliance Bank The Sweet Spot Sweepstakes,https://sweetspotsweepstakes.com/home.html,sweepsadvantage,Sweepstakes,2026-08-21,,,,,,,,
Golfballs Callaway Open Championship Staff Bag Sweepstakes,https://www.golfballs.com/Callaway-Open-Staff-Bag-Giveaway.html,sweepsadvantage,Sweepstakes,2026-08-21,,,,,,,,
Military Autosource 2026 Celebrating America Sweepstakes,https://militarycarprogram.militaryautosource.com/America.html,sweepsadvantage,Sweepstakes,2026-08-21,,,,,,,,https://militarycarprogram.militaryautosource.com/rs/985-ZGR-935/images/mas-og-1200x630.jpg
CarProSweeps 2026 Corvette or $40000 Sweepstakes,https://carprosweeps.com/,sweepsadvantage,Sweepstakes,2026-08-21,,,,,,,,http://carprosweeps.com/cdn/shop/files/CPS-share.jpg?v=1781720923
Vurvo #FootballIsBack Giveaway - 11 Winners,https://vurvo.app/giveaway/,sweepsadvantage,Sweepstakes,2026-08-21,,,,,,,,https://vurvo.app/og-image.png?v=2026c
Biscuits Leclerc Ltee Iconic Experience In The Heart Of Quebec City Giveaway - 4 Winners,https://leclerc.ca/en/contest/,sweepsadvantage,Sweepstakes,2026-08-21,,,,,,,,
Chipotle Salish Meal Trip to Los Angeles 2026 Contest,https://www.chipotle.com/salish-quesadilla-contest#embedded-rules,ilovegiveaways,Sweepstakes,2026-08-21,,,,,,,,https://ilovegiveaways.com/wp-content/uploads/2026/03/ilg-logo-350x55b-1.png
Kroger High School Football Myrtle Beach Family Vacation Sweepstakes,https://krogerhighschoolfootball.com/#embedded-rules,ilovegiveaways,Sweepstakes,2026-08-21,,,,,,,,https://ilovegiveaways.com/wp-content/uploads/2026/03/ilg-logo-350x55b-1.png
Dr Pepper Portillo’s Big Ten Championship Game Giveaway Sweepstakes,http://drpeppersweeps.com/portillosbig10/,ultracontest,Sweepstakes,2026-08-21,,,,,,,,
"T-Mobile Telescope Sweepstakes 2026 – Win up to $1,140 in Telescopes",https://www.t-mobileengagementhub.com/#/event/rules/103758.,ilovegiveaways,Sweepstakes,2026-08-21,,,,,,,,https://ilovegiveaways.com/wp-content/uploads/2026/03/ilg-logo-350x55b-1.png
"Little Leaf Farms $1,250 Back-to-School Bundle Sweepstakes 2026",https://littleleaffarms.com/lettuce-takeover-sweepstakes-rules/,ilovegiveaways,Sweepstakes,2026-08-21,,,,,,,,https://ilovegiveaways.com/wp-content/uploads/2026/03/ilg-logo-350x55b-1.png
Highlands Oncology Group Data Breach Class Action Settlement,https://highlandsoncologysettlement.com/form/claim,claimdepot,Settlements,2026-08-21,Open for Claims,,"Up to $4,250 plus credit monitoring",,,,,
"Rapid Investments, Axiom Bank $4.2M Release Card Settlement",https://static1.squarespace.com/static/6a58033eceac345cf5338fee/t/6a5810f369840204ff6d705b/1784156404235/hall-settlement-agreement.pdf,claimdepot,Settlements,2026-08-21,Open for Claims,,$15 plus three times the fees incurred on release card(s),,,,,
"Hydromax $382,500 Pay Transparency Class Action Settlement",https://epoasettlementhul.com/,claimdepot,Settlements,2026-08-21,Open for Claims,,Pro rata payment,,,,,
Star Casualty Total Loss Auto Claims Class Action Settlement,https://www.starcasualtytotallosssettlement.com/,claimdepot,Settlements,2026-08-21,Open for Claims,,Varies,Yes,,,,
"CarPro 2026 Corvette or $40,000 Cash Sweepstakes",https://carprosweeps.com/pages/14-official-rules-2026-corvette-or-40-000,ilovegiveaways,Sweepstakes,2026-08-21,,,,,,,,https://ilovegiveaways.com/wp-content/uploads/2026/03/ilg-logo-350x55b-1.png
Rugby’s Greatest Rivalry Baltimore VIP Trip Sweepstakes 2026,https://competitions.greatest-rivalry.com/us-test-vip-experience/en/terms,ilovegiveaways,Sweepstakes,2026-08-21,,,,,,,,https://ilovegiveaways.com/wp-content/uploads/2026/03/ilg-logo-350x55b-1.png
Tilta - ShareGrid 2026 Giveaway,https://www.contestgirl.com,contestgirl,Sweepstakes,2026-08-22,,,,,Enter for a chance to win Tilta Sony FX5 Pro kit and a $150 ShareGrid rental credit. It's s $419.,18 or older,,
Dunkin’: 1 Million FREE Specialty Coffee & Frozen Drinks (August 25),https://www.dunkindonuts.com/rewards/,freebieshark,Freebies,2026-08-22,,,,,,,,
Once Upon a Farm “Fuel for School” Sweepstakes,https://onceuponafarmorganics.com/pages/fuel-for-school-sweepstakes,freebieshark,Freebies,2026-08-22,,,,,,,,http://onceuponafarmorganics.com/cdn/shop/files/once_upon_a_farm_baby_food_delivered.jpg?v=1657912781
Fenty Beauty “PFFF” Sweepstakes (100 Winners),https://fentybeauty.com/dropthefenty,freebieshark,Freebies,2026-08-22,,,,,,,,https://cdn.shopify.com/s/files/1/0341/3458/9485/files/fentybeautylogo_ab31a72e-1265-4233-9e7f-19f8ed5a1eca.jpg?v=1623139491
Walmart: Tap to Pay Rolling Out at Checkout (Starting August 24),https://corporate.walmart.com/news/2026/08/21/more-ways-to-pay-tap-to-pay-is-coming-to-walmart-and-sams-club,freebieshark,Freebies,2026-08-22,,,,,,,,https://corporate.walmart.com/content/dam/corporate/site-images/corpsite-spark.png
Affy Tapple “For Your Office” Sweepstakes (10 Winners),https://www.affytapple.com/pages/win-affy-tapple-for-your-office,freebieshark,Sweepstakes,2026-08-22,,,,,,,,
Fairtrade America “Spicy Fair Share” Sweepstakes,https://www.fairtrade.net/us-en/news/A-Spicy-Fair-Share-Giveaway-with-Frontier.html,freebieshark,Sweepstakes,2026-08-22,,,,,,,,
FREE Lowe’s Mini Cooler Cup Event Today at 10 AM (MyLowe’s Rewards Exclusive),https://shoplowes.me/4egFmbn,hip2save,Freebies,2026-08-22,,,,,,,,
*NEW* Smoothie King Pumpkin GLP-1 Support Smoothie & More Fall Drinks,https://www.prnewswire.com/news-releases/smoothie-king-introduces-the-first-ever-delicious-and-nutritious-glp-1-support-pumpkin-smoothie-302851398.html,hip2save,Freebies,2026-08-22,,,,,,,,https://mmx.prnewswire.com/media/MS1969416/Smoothie-king_Pumpkin-smoothie.jpg?id=OA2883780&p=facebook
NEW Walmart+ Membership Perk – Get 25 FREE 4×6 Photos Every Month!,https://on.ltk.com/+Y6kNLXWRmUAbYWaFc28WVw,hip2save,Freebies,2026-08-22,,,,,,,,
FREE 5-Count Pampers Amore Diaper Trial Pack at Target (Check Your Circle Offers!),https://on.ltk.com/+KNKElW8IjMfdYFYVEvdm4w,hip2save,Freebies,2026-08-22,,,,,,,,https://target.scene7.com/is/image/Target/GUEST_5f797397-0d24-4f9d-ab55-66c046c8cdf7
Check Again! Lowe’s MrBeast Kids Workshop Is Now Showing FREE for Some Readers,https://shoplowes.me/4wkpzht,hip2save,Freebies,2026-08-22,,,,,,,,
FREE Home Depot Kids Workshop on 9/5 | Register Now to Make a School Bus Organizer,https://on.ltk.com/+QBFFG8BKrjyUysjziakI1A,hip2save,Freebies,2026-08-22,,,,,,,,
FREE Kinder Chocolate Bar After Walmart Cash,https://on.ltk.com/+Xr11KOOzNRk6e_rqdZmE6Q,hip2save,Freebies,2026-08-22,,,,,,,,
"National Chicken Wing Day Is July 29 | Celebrate with the BEST Deals, Freebies & Recipes",https://www.prnewswire.com/news-releases/7-eleven-inc-brings-on-the-wings-for-national-chicken-finger-day-and-chicken-wing-day-302830146.html,hip2save,Freebies,2026-08-22,,,,,,,,https://mmx.prnewswire.com/media/MS1886903/7-Eleven-wings-and-tenders.jpg?id=OA2773218&p=facebook
Soccer Fans! Enter Lowe’s Messi Sweepstakes for a Chance to Win Exclusive Prizes,https://shoplowes.me/4h4TXZp,hip2save,Freebies,2026-08-22,,,,,,,,
FREE McAlister’s Deli Tea Today (Grab Up to FOUR!),https://www.prnewswire.com/news-releases/mcalisters-deli-celebrates-annual-free-tea-day-on-july-16th-pouring-into-communities-nationwide-302823081.html,hip2save,Freebies,2026-08-22,,,,,,,,https://mmx.prnewswire.com/media/MS1881090/McAlister-s-Deli-Tea-Variety-Line-Up-1.jpg?id=OA2758687&p=facebook
FREE Banza Wheat Protein Penne Pasta Box After Walmart Cash,https://on.ltk.com/+_bR4SQJRcIseeNIb2nH8DQ,hip2save,Freebies,2026-08-22,,,,,,,,
FREE Starbucks Coffee or Cookie for Target Circle Members on 6/23,https://on.ltk.com/+8qJ6EBCWkk8e7jZlu55LMA,hip2save,Freebies,2026-08-22,,,,,,,,https://digitalcontent.target.com/vault/1707199200/CLOUD_f57610f0-550d-4be2-a926-d1afa31b368c.svg
FREE Ensure Protein Shake After Walmart Cash,https://on.ltk.com/+8fcN4dNu284fcxfVBa3baA,hip2save,Freebies,2026-08-22,,,,,,,,
FREE Lowe’s Spring Flower on 5/9 for First 200 Rewards Members,https://shoplowes.me/4eqlGT1,hip2save,Freebies,2026-08-22,,,,,,,,
FREE All In Nut & Seed Bar at Starbucks After Cash Back,https://discover.gotoaisle.com/offers/cmb1hx3lr0001lumpgz2vxcjv,hip2save,Freebies,2026-08-22,,,,,,,,
How to Declutter Your Home in Just 4 Weeks w/ Our FREE Printable Checklists!,https://shoplowes.me/4qJVPs0,hip2save,Freebies,2026-08-22,,,,,,,,
"FREE Workout Apps to Reach Any Goal in 2026 (No Gym, No Problem!)",https://caliber.app.link/hip2save-best-overall-workout-app,hip2save,Freebies,2026-08-22,,,,,,,,https://pages.caliberstrong.com/wp-content/uploads/2020/08/logo-white-1024x221.png
FREE La Colombe Coffee After Cash Back at Target,https://ibotta.onelink.me/iUfE/8cc13c64?friend_code=hip2save,hip2save,Freebies,2026-08-22,,,,,,,,https://home.ibotta.com/wp-content/uploads/2019/11/featured-ibotta.png
Samsung Odyssey ARK 55″ Monitor Giveaway,https://sweetiessweeps.com/samsung-odyssey-ark-monitor-giveaway/,sweetiessweeps,Sweepstakes,2026-08-22,,,,,,,,https://sweetiessweeps.com/wp-content/uploads/2026/08/0-1.jpg
Aurphany Back-to-School Glow Bundle Giveaway,https://sweetiessweeps.com/aurphany-back-to-school-glow-bundle-giveaway/,sweetiessweeps,Sweepstakes,2026-08-22,,,,,,,,https://sweetiessweeps.com/wp-content/uploads/2026/08/00.jpg
Bonus Joe Apple iPad Air 11 Giveaway,https://sweetiessweeps.com/bonus-joe-apple-ipad-air-11-giveaway/,sweetiessweeps,Sweepstakes,2026-08-22,,,,,,,,https://sweetiessweeps.com/wp-content/uploads/2026/08/000-2.jpg
OREO PUFFS Cereal Puff Life Summer Sweepstakes,https://sweetiessweeps.com/oreo-puffs-cereal-puff-life-summer-sweepstakes/,sweetiessweeps,Sweepstakes,2026-08-22,,,,,,,,https://sweetiessweeps.com/wp-content/uploads/2026/08/0000-2.jpg
Access Hollywood’s Action-Packed Escape Sweepstakes,https://sweetiessweeps.com/access-hollywoods-action-packed-escape-sweepstakes/,sweetiessweeps,Sweepstakes,2026-08-22,,,,,,,,https://sweetiessweeps.com/wp-content/uploads/2026/07/0000-4.jpg
PatPat x SeaWorld Sweepstakes,https://sweetiessweeps.com/patpat-x-seaworld-sweepstakes/,sweetiessweeps,Sweepstakes,2026-08-22,,,,,,,,https://sweetiessweeps.com/wp-content/uploads/2025/04/1-30.jpg
Ferrellgas Propane Deal Days Sweepstakes (50 Winners),https://sweetiessweeps.com/ferrellgas-propane-deal-days-sweepstakes/,sweetiessweeps,Sweepstakes,2026-08-22,,,,,,,,https://sweetiessweeps.com/wp-content/uploads/2026/07/00-9.jpg
"Crate & Barrel $4,000 Back-to-School Giveaway",https://sweetiessweeps.com/crate-barrel-back-to-school-giveaway/,sweetiessweeps,Sweepstakes,2026-08-22,,,,,,,,https://sweetiessweeps.com/wp-content/uploads/2026/07/0000.jpg
"Amazon $1,000 Sweepstakes (100 Winners)",https://sweetiessweeps.com/amazon-sweepstakes-3/,sweetiessweeps,Sweepstakes,2026-08-22,,,,,,,,https://sweetiessweeps.com/wp-content/uploads/2026/07/00-7.jpg
Swiss Gear Win a Trip to Hawaii Giveaway,https://sweetiessweeps.com/swiss-gear-win-a-trip-to-hawaii-giveaway/,sweetiessweeps,Sweepstakes,2026-08-22,,,,,,,,https://sweetiessweeps.com/wp-content/uploads/2026/07/00-6.jpg
"Camel Outdoors $3,000 Summer Adventure Gear Drop Giveaway",https://sweetiessweeps.com/camel-outdoors-summer-adventure-gear-drop-giveaway/,sweetiessweeps,Sweepstakes,2026-08-22,,,,,,,,https://sweetiessweeps.com/wp-content/uploads/2026/07/1.jpg
Gemini Home Audio Bundle Sweepstakes (46 Prizes),https://sweetiessweeps.com/gemini-home-audio-bundle-sweepstakes/,sweetiessweeps,Sweepstakes,2026-08-22,,,,,,,,https://sweetiessweeps.com/wp-content/uploads/2026/07/00-5.jpg
"ALOHA Collection $1,000 Back to School Giveaway",https://sweetiessweeps.com/aloha-collection-back-to-school-giveaway/,sweetiessweeps,Sweepstakes,2026-08-22,,,,,,,,https://sweetiessweeps.com/wp-content/uploads/2026/07/0-7.jpg
Wholesomes Paws & Popcorn Backyard Theater Giveaway,https://sweetiessweeps.com/wholesomes-paws-popcorn-giveaway/,sweetiessweeps,Sweepstakes,2026-08-22,,,,,,,,https://sweetiessweeps.com/wp-content/uploads/2026/07/0-6.jpg
AMAC The Clean Water Revival Sweepstakes,https://amac.us/sweepstakes?,sweepsadvantage,Sweepstakes,2026-08-22,,,,,,,,
Invictus Templar 2nd Anniversary Giveaway - 7 Winners,https://invictustemplar.com/pages/2nd-anniversary-giveaway,sweepsadvantage,Sweepstakes,2026-08-22,,,,,,,,http://invictustemplar.com/cdn/shop/files/3_9681e218-29cb-4520-b98a-e18d6fbb7873.png?v=1762295847
Extreme Terrain N-fab Sweepstakes,https://www.extremeterrain.com/n-fab-parts.html,sweepsadvantage,Sweepstakes,2026-08-22,,,,,,,,
WillAndBear Built For It $3000 Road Trip Giveaway,https://willandbear.com/en-us/pages/built-for-it-giveaway,sweepsadvantage,Sweepstakes,2026-08-22,,,,,,,,http://willandbear.com/cdn/shop/files/willandbear-hats-2_1884x1256.jpg?v=1728267966
Madewell Denim For A Week Sweepstakes,https://www.madewell.com/brand_creative/html/denimsweeps.html,sweepsadvantage,Sweepstakes,2026-08-22,,,,,,,,
Flooret The Elevated Room Giveaway,https://www.flooret.com/,sweepsadvantage,Sweepstakes,2026-08-22,,,,,,,,https://cdn.shopify.com/s/files/1/0698/3761/9475/files/Shopify_Social_Sharing.png?v=1712172995
Ford Motor Company Ford Tailgate Sweepstakes - 3 Winners,https://cowboysfordtailgate.com/login,sweepsadvantage,Sweepstakes,2026-08-22,,,,,,,,
Raid Ready The Ultimate Stream Upgrade Giveaway - 20 Winners,https://raidready.app/giveaway,sweepsadvantage,Sweepstakes,2026-08-22,,,,,,,,https://raidready.app/og-default.png
Dansko The Ultimate Comfort Combo Giveaway - 20 Winners,https://dansko.com/pages/sockwell-sign-up,sweepsadvantage,Sweepstakes,2026-08-22,,,,,,,,http://dansko.com/cdn/shop/files/heritage-social-sharing_842b662d-b5e6-4786-a449-e342ae703e0b.jpg?v=1697645033
IGA Long Haul 100th Anniversary Grocery Giveaway - 55 Winners,https://www.iga100longhaul.com/#form-section,sweepsadvantage,Sweepstakes,2026-08-22,,,,,,,,https://bm-projects-public.s3.us-east-1.amazonaws.com/loyl19001/production/site_131/images/logo-2.png
"Gforce Media Cleetus Mcfarland Zr1, 2500hd & Cash Giveaway",https://www.cleetusmcfarland.com/,sweepsadvantage,Sweepstakes,2026-08-22,,,,,,,,http://www.cleetusmcfarland.com/cdn/shop/files/SEOBanner.jpg?v=1659542575
Enrforce The ENR#88 Sweepstakes,https://enrforce.com/,sweepsadvantage,Sweepstakes,2026-08-22,,,,,,,,https://enrforce.com/cdn/shop/files/winners_collage_hero_-_DSK_copy_ae3d981e-73a4-412f-8f91-bb02a7a3e013_1200x.jpg?v=1732546520
"Dunkin’ Freebies: Score Free Coffee, a Pumpkin Spice Latte & More",https://freebi.es/2cov,thefreebieguy,Freebies,2026-08-22,,,,,,,,https://media.thefreebieguy.com/wp-content/uploads/2026/08/Dunkin-Pumpkin-Spice.png
Dollar General $5 Off $25 Scenarios for Saturday August 22nd,https://freebi.es/1uvy,thefreebieguy,Freebies,2026-08-22,,,,,,,,https://media.thefreebieguy.com/wp-content/uploads/2026/01/Dollar-General-weekly-scenarios-for-Saturday-5-off-25-coupon.png
Krispy Kreme | New Pokemon Collab + Free Doughnut on August 22nd!,https://freebi.es/2cql,thefreebieguy,Freebies,2026-08-22,,,,,,,,https://media.thefreebieguy.com/wp-content/uploads/2026/08/Pokemon-Krispy-Kreme.png
Bella Pro Kitchen Appliance Sale | Electric Skillet Only $19 (Reg $50),https://freebi.es/1r2e,thefreebieguy,Freebies,2026-08-22,,,,,,,,https://media.thefreebieguy.com/wp-content/uploads/2026/08/Bella-Skillet.png
Kohl’s Cash Ultimate Giveaway | You Could Score Up to $100 in Kohl’s Cash Starting 8/22,https://freebi.es/2eab,thefreebieguy,Freebies,2026-08-22,,,,,,,,https://media.thefreebieguy.com/wp-content/uploads/2020/11/Kohls-Store-Front.jpg
🛒 Amazon Haul Just Dropped a Bunch of $2-and-Under Flash Deals!,https://freebi.es/2gdv,thefreebieguy,Freebies,2026-08-22,,,,,,,,https://media.thefreebieguy.com/wp-content/uploads/2026/01/kendall-with-amazon-boxes.png
Plan a Family Fun Night! Chuck E. Cheese Play & Pizza Package Only $44.99 (Reg. $96),https://freebi.es/2cnu,thefreebieguy,Freebies,2026-08-22,,,,,,,,https://media.thefreebieguy.com/wp-content/uploads/2026/01/Chuck-E-Cheese-Kids-playing-on-arcades.png
Walmart’s Newest Kids Clothing Clearance | Prices from $1.xx!,https://freebi.es/2aej,thefreebieguy,Freebies,2026-08-22,,,,,,,,https://media.thefreebieguy.com/wp-content/uploads/2026/02/walmart-kids-clothing-sale.png
Birkenstocks Arizona Big Buckle EVA Sandals From $44.95 (Reg $60) – Selling Fast!,https://freebi.es/2cbr,thefreebieguy,Freebies,2026-08-22,,,,,,,,https://media.thefreebieguy.com/wp-content/uploads/2025/09/Birkenstocks-Arizona-Sale.jpg
HOT! Nike Socks 6-Packs From $12.80 (Reg. $20),https://freebi.es/2g8y,thefreebieguy,Freebies,2026-08-22,,,,,,,,https://media.thefreebieguy.com/wp-content/uploads/2026/08/Nike-socks.png
Michael Kors Jet Set Small Signature Logo Camera Crossbody Bag Only $49 (Reg. $228),https://freebi.es/2g1p,thefreebieguy,Freebies,2026-08-22,,,,,,,,https://media.thefreebieguy.com/wp-content/uploads/2026/07/Michael-Kors-Jet-Set-Camera-Bag.png
NEW Disney x Starbucks Halloween Tumblers & Mugs are Here | These Always Sell Out!,https://freebi.es/2csp,thefreebieguy,Freebies,2026-08-22,,,,,,,,https://media.thefreebieguy.com/wp-content/uploads/2026/03/disney-starbucks-halloween-tumbler.png
Best-Selling Amazon Fire 7 Kids Tablet Only $69.xx on Amazon (Reg. $110),https://freebi.es/1wok,thefreebieguy,Freebies,2026-08-22,,,,,,,,https://media.thefreebieguy.com/wp-content/uploads/2026/03/fire-7-kids-.png
Drink Coffee and Prosper $300 PayPal Cash Giveaway,https://drinkcoffeeandprosper.com/300-paypal-cash-giveaway/,ultracontest,Sweepstakes,2026-08-22,,,,,,,,https://drinkcoffeeandprosper.com/wp-content/uploads/sarah8.jpg
JTV Fall Sweepstakes 2026,https://www.jtv.com/sweepstakes,ultracontest,Sweepstakes,2026-08-22,,,,,,,,"https://media.jtv.com/image/upload/q_auto,f_auto/v1786971718/jtv-site/sweeps/EcuadorSweeps_Facebook_1.png"
Corona Football Sweepstakes 2026,https://www.coronausa.com/pages/football-2026,ultracontest,Sweepstakes,2026-08-22,,,,,,,,http://www.coronausa.com/cdn/shop/files/corona-extra-slim_22_89a81814-cadd-4d07-9b2d-844f1919fdaf_1200x1200.jpg?v=1749587191
"IGA Long Haul 100th Anniversary $5,000 Grocery Sweepstakes and Instant Win Game",https://www.iga100longhaul.com/rules,ilovegiveaways,Sweepstakes,2026-08-22,,,,,,,,https://ilovegiveaways.com/wp-content/uploads/2026/03/ilg-logo-350x55b-1.png
Ford Tailgate Sweepstakes – Win a 2026 F-150 Lariat PowerBoost Hybrid,https://fordtailgaterules.com/,ilovegiveaways,Sweepstakes,2026-08-22,,,,,,,,https://ilovegiveaways.com/wp-content/uploads/2026/03/ilg-logo-350x55b-1.png
RaidReady Grand Opening Stream Setup Giveaway 2026,https://raidready.app/giveaway/rules,ilovegiveaways,Sweepstakes,2026-08-22,,,,,,,,https://ilovegiveaways.com/wp-content/uploads/2026/03/ilg-logo-350x55b-1.png
SitusAMC Holdings Corp. $5.3M Data Breach Settlement,https://samcdatasettlement.com/,claimdepot,Settlements,2026-08-22,Open for Claims,,"$75 - $5,000",,,,,
"Cleveland Ave. Restaurant $800,000 Settlement for Dancers",https://www.ohiostripclubcase.com/,claimdepot,Settlements,2026-08-22,Open for Claims,,Pro rata payment,,,,,
Kia Window Regulator Defect Class Action Settlement,https://forms.ksacms.com/efiling/fr/eform/kiawindowregulatorsettlement_claimform/new?form-version=1&fr-wizard-page=instructions,claimdepot,Settlements,2026-08-22,Open for Claims,,$40 or up to $400 per repair,,,,,